dataset,sequence,method,method_id,cache_policy,cache_window_size,num_frames,valid_pixels,abs_rel,sq_rel,rmse,log_rmse,delta_1,delta_2,delta_3,inference_sec,fps_inference,peak_allocated_mib,peak_reserved_mib
bonn,balloon2,Full cache,full_cache,full_cache,,110,28476008,0.04905746777180099,0.02813008623162032,0.24249945158526232,0.10768011685137317,0.9791742563247681,0.9875792860984802,0.9909176826477051,36.41109704799965,3.0210570105863694,20378.94189453125,44804.0
bonn,balloon2,K4,k4,anchor_recent_dino_diverse_k4,4,110,28476008,0.0522497205193367,0.02934448346015807,0.2476497636132152,0.10888307844841243,0.9783028364181519,0.987518310546875,0.9911273121833801,14.785875489000318,7.439532416043439,9300.73095703125,10236.0
bonn,balloon2,K6,k6,anchor_recent_dino_diverse_k6,6,110,28476008,0.055847873712253075,0.030075753064258564,0.2580962552006412,0.1126286870277401,0.9762884378433228,0.9865559935569763,0.99057537317276,15.296761608999077,7.191064541091302,9679.96533203125,10868.0
bonn,balloon2,K8,k8,anchor_recent_dino_diverse_k8,8,110,28476008,0.05408738701386108,0.02805234974145476,0.246667341379933,0.10888556569100276,0.9783647060394287,0.9877394437789917,0.9913746118545532,15.88184965900291,6.926145402569312,10071.82373046875,11100.0
bonn,crowd2,Full cache,full_cache,full_cache,,110,28310280,0.0576853205658854,0.031749530618614845,0.2534535753172686,0.11611504262211648,0.9781057834625244,0.9883612990379333,0.9926729202270508,35.74315026600016,3.077512731289244,21635.76416015625,43496.0
bonn,crowd2,K4,k4,anchor_recent_dino_diverse_k4,4,110,28310280,0.061115417952246516,0.03512033722166547,0.26904332921073637,0.12427521982829105,0.9718385338783264,0.9858366847038269,0.9916309118270874,14.60441232499943,7.531970308158517,10565.9697265625,11558.0
bonn,crowd2,K6,k6,anchor_recent_dino_diverse_k6,6,110,28310280,0.07017971837382218,0.038461879991347085,0.28435090805520863,0.1289348739487488,0.9716039299964905,0.9862862825393677,0.9917796850204468,14.928094860999408,7.3686562836214256,10941.03125,11918.0
bonn,crowd2,K8,k8,anchor_recent_dino_diverse_k8,8,110,28310280,0.07529946933561533,0.04093761547411358,0.29533507054473945,0.13179249167651383,0.9714723229408264,0.9870385527610779,0.9917545318603516,15.655888158002199,7.026110488900986,11324.626953125,12646.0
bonn,crowd3,Full cache,full_cache,full_cache,,110,28106444,0.1576743974392614,0.21746145411696324,0.6143006416758402,0.3116487186497595,0.8607560396194458,0.9061959981918335,0.93220454454422,35.275553988001775,3.1183068035562007,21617.11767578125,43496.0
bonn,crowd3,K4,k4,anchor_recent_dino_diverse_k4,4,110,28106444,0.16211136330077153,0.2204888588175324,0.6145199806891337,0.31755787236182975,0.8548356890678406,0.9032754302024841,0.9312379360198975,14.155225790000259,7.77098165948775,10548.88720703125,11558.0
bonn,crowd3,K6,k6,anchor_recent_dino_diverse_k6,6,110,28106444,0.16688060221328993,0.22146139860473577,0.6154458853509921,0.31357696591387163,0.8520934581756592,0.9015153646469116,0.9310466647148132,14.598095794000983,7.535229358147106,10923.2568359375,12206.0
bonn,crowd3,K8,k8,anchor_recent_dino_diverse_k8,8,110,28106444,0.16406453197594298,0.2232908644979446,0.6160378745330477,0.3144814311191361,0.8554728031158447,0.9039185643196106,0.931710958480835,15.460406500002136,7.114948756359336,11312.841796875,12646.0
bonn,person_tracking2,Full cache,full_cache,full_cache,,110,29241080,0.056061668675243446,0.01518576179448639,0.21062627914971183,0.07897211252373763,0.9891893267631531,0.9969255924224854,0.9991276264190674,35.6706581239996,3.0837670451050867,21641.4130859375,43496.0
bonn,person_tracking2,K4,k4,anchor_recent_dino_diverse_k4,4,110,29241080,0.04517334147952291,0.012074871795967546,0.1922030406323386,0.07157129810634896,0.9877705574035645,0.9964177012443542,0.998947262763977,14.327608995001356,7.677484780494569,10542.19287109375,11558.0
bonn,person_tracking2,K6,k6,anchor_recent_dino_diverse_k6,6,110,29241080,0.054880444185417356,0.014554520107556736,0.20695994361692122,0.07824841298114268,0.987891435623169,0.9967072606086731,0.9989997744560242,14.706889844997932,7.479487584345572,10922.0380859375,12206.0
bonn,person_tracking2,K8,k8,anchor_recent_dino_diverse_k8,8,110,29241080,0.05150406038560335,0.014184644990608983,0.20651724601776197,0.07657874963814877,0.9866762757301331,0.9969018697738647,0.9990733861923218,15.497096547002002,7.09810380714703,11329.72705078125,12646.0
bonn,synchronous,Full cache,full_cache,full_cache,,110,28499904,0.054081471596425956,0.016775928348676708,0.19369766524932572,0.08751741082320182,0.990147054195404,0.9936284422874451,0.99545818567276,35.31166701700204,3.115117729985295,21624.91845703125,43496.0
bonn,synchronous,K4,k4,anchor_recent_dino_diverse_k4,4,110,28499904,0.05848929585623949,0.019596782687959436,0.21770949772775347,0.09512803347817585,0.9883250594139099,0.9923962354660034,0.9942883849143982,14.199010199998156,7.747018873189787,10537.2890625,11558.0
bonn,synchronous,K6,k6,anchor_recent_dino_diverse_k6,6,110,28499904,0.07295342211926387,0.025052881322681728,0.24821385584489686,0.10598864791407252,0.9881571531295776,0.9924612641334534,0.9943254590034485,14.544857796001452,7.562810275824097,10908.3681640625,12302.0
bonn,synchronous,K8,k8,anchor_recent_dino_diverse_k8,8,110,28499904,0.07847534599949768,0.02732381130148455,0.2589167028875079,0.10935740625103318,0.9878159165382385,0.9928518533706665,0.9946725368499756,15.2636586899971,7.206660095989141,11307.2080078125,12646.0
kitti,2011_09_26_drive_0002_sync_02,Full cache,full_cache,full_cache,,67,7552244,0.16294789581838676,0.5582833407664229,3.625628725490919,0.18690483194458682,0.7318026423454285,0.9957541227340698,0.9993149042129517,9.666985448999185,6.930805922226401,10074.8388671875,15256.0
kitti,2011_09_26_drive_0002_sync_02,K4,k4,anchor_recent_dino_diverse_k4,4,67,7552244,0.14013430899778812,0.4315098782813699,3.2021417047422145,0.16318451722732596,0.8051062822341919,0.9974361062049866,0.99961918592453,8.001616240999283,8.373308339470263,7489.94189453125,9914.0
kitti,2011_09_26_drive_0002_sync_02,K6,k6,anchor_recent_dino_diverse_k6,6,67,7552244,0.1746792272478485,0.6600937573914395,3.886574865518147,0.20178866870489195,0.6716328263282776,0.9955366849899292,0.9992746710777283,8.130965046999336,8.240104294228368,7624.4814453125,9936.0
kitti,2011_09_26_drive_0002_sync_02,K8,k8,anchor_recent_dino_diverse_k8,8,67,7552244,0.21223361902925322,0.9320513848597299,4.604963026000652,0.23923280976807737,0.5574687123298645,0.9853510856628418,0.9989780187606812,8.494938204999926,7.8870497210403885,7789.4052734375,9918.0
kitti,2011_09_26_drive_0005_sync_02,Full cache,full_cache,full_cache,,110,5903414,0.18864365638279829,1.0726139166268212,4.887360981984805,0.23695861036864407,0.6995260715484619,0.9673300385475159,0.9830023646354675,19.289904548000777,5.702464712890479,12529.2939453125,25218.0
kitti,2011_09_26_drive_0005_sync_02,K4,k4,anchor_recent_dino_diverse_k4,4,110,5903414,0.1526136038185439,0.8583608774012492,4.379920528510738,0.20518589542807977,0.7969074845314026,0.9741210341453552,0.9849177002906799,12.232330188999185,8.992563011332503,7984.08740234375,10282.0
kitti,2011_09_26_drive_0005_sync_02,K6,k6,anchor_recent_dino_diverse_k6,6,110,5903414,0.17764972485018404,1.0693362593244395,4.885017238003194,0.22841449131686453,0.7410743832588196,0.9665332436561584,0.9847867488861084,12.71894534799867,8.648515815606405,8132.65771484375,10300.0
kitti,2011_09_26_drive_0005_sync_02,K8,k8,anchor_recent_dino_diverse_k8,8,110,5903414,0.21070286384748405,1.3619355070016317,5.505003255449747,0.2591885135689442,0.6544749736785889,0.9343384504318237,0.984708845615387,13.113558378998277,8.38826478831009,8293.29833984375,10282.0
kitti,2011_09_26_drive_0013_sync_02,Full cache,full_cache,full_cache,,110,7668977,0.16661048453770552,0.8270988590755817,4.754058647705848,0.2038704365802727,0.7304067015647888,0.975390613079071,0.9973469972610474,19.160594266999396,5.740949287228256,12725.68212890625,25358.0
kitti,2011_09_26_drive_0013_sync_02,K4,k4,anchor_recent_dino_diverse_k4,4,110,7668977,0.1837036203840604,0.8719301661830993,4.971953861065778,0.21535638806374963,0.7167658805847168,0.9690621495246887,0.9974574446678162,12.354857489001006,8.903380722758497,8187.26416015625,10446.0
kitti,2011_09_26_drive_0013_sync_02,K6,k6,anchor_recent_dino_diverse_k6,6,110,7668977,0.24179079469023462,1.3389060968712214,5.9857271196883195,0.2687580534816439,0.5281401872634888,0.935438334941864,0.9950783848762512,12.716104520000954,8.6504479282144,8332.841796875,10444.0
kitti,2011_09_26_drive_0013_sync_02,K8,k8,anchor_recent_dino_diverse_k8,8,110,7668977,0.1881471106334906,1.0488862384220061,5.313540700772517,0.22885616287989483,0.6829749345779419,0.9457180500030518,0.997200071811676,12.722266243003105,8.646258292267461,8485.193359375,10410.0
kitti,2011_09_26_drive_0020_sync_02,Full cache,full_cache,full_cache,,76,2985374,0.09736996814819542,0.43502617328426224,3.918371361001928,0.14120701393128252,0.9190409779548645,0.9753893613815308,0.9975440502166748,11.273585815000843,6.74142205037132,11032.24658203125,25358.0
kitti,2011_09_26_drive_0020_sync_02,K4,k4,anchor_recent_dino_diverse_k4,4,76,2985374,0.08954473745022773,0.3644163627192188,3.669119356325534,0.12991786089255403,0.9212316870689392,0.9861207008361816,0.9982247352600098,8.310745512000722,9.144787298595048,8028.64794921875,10446.0
kitti,2011_09_26_drive_0020_sync_02,K6,k6,anchor_recent_dino_diverse_k6,6,76,2985374,0.09457585704280387,0.4050171125398295,3.8985646458365557,0.13701695260201868,0.9098625779151917,0.9831719994544983,0.9977249503135681,8.45724925399918,8.98637343153412,8172.4365234375,10444.0
kitti,2011_09_26_drive_0020_sync_02,K8,k8,anchor_recent_dino_diverse_k8,8,76,2985374,0.1056613870031111,0.43466970364533974,3.9397286125830915,0.1444862913814295,0.8898335695266724,0.984348714351654,0.9980146884918213,8.718429964999814,8.71716585498793,8329.2177734375,10410.0
kitti,2011_09_26_drive_0023_sync_02,Full cache,full_cache,full_cache,,110,7612228,0.21337925064818536,1.1672432144260962,5.6282759051467295,0.2589139742007162,0.5742128491401672,0.9535092711448669,0.9916810393333435,19.0853935740015,5.7635699035226695,12569.53369140625,25358.0
kitti,2011_09_26_drive_0023_sync_02,K4,k4,anchor_recent_dino_diverse_k4,4,110,7612228,0.1611949658888231,0.7354063248033037,4.7890414296891715,0.19993012443256833,0.7398703694343567,0.9784845113754272,0.9947488307952881,12.007392299998173,9.16102324732213,8028.64794921875,10446.0
kitti,2011_09_26_drive_0023_sync_02,K6,k6,anchor_recent_dino_diverse_k6,6,110,7612228,0.1976665079587775,1.040272817779176,5.430363553967105,0.24333572800391137,0.6011964082717896,0.9584257006645203,0.9926816821098328,12.181615042998601,9.030001326730698,8172.4365234375,10444.0
kitti,2011_09_26_drive_0023_sync_02,K8,k8,anchor_recent_dino_diverse_k8,8,110,7612228,0.2541065957562983,1.620835158280362,6.403675866118384,0.30898698452766776,0.4929260015487671,0.8385080099105835,0.988520085811615,12.752837533000275,8.625531354520522,8329.2177734375,10410.0
kitti,2011_09_26_drive_0036_sync_02,Full cache,full_cache,full_cache,,110,9429993,0.17301963562507397,0.7738277012282182,4.7207617935538275,0.20996167316179284,0.7866169214248657,0.9748930931091309,0.9947716593742371,19.104643198999838,5.757762594894141,12725.68212890625,25358.0
kitti,2011_09_26_drive_0036_sync_02,K4,k4,anchor_recent_dino_diverse_k4,4,110,9429993,0.13092604585877443,0.567444702021929,4.141367089890762,0.17306283663152042,0.8302183151245117,0.9862895607948303,0.9964724183082581,12.115411589002179,9.079344865167686,8187.26416015625,10446.0
kitti,2011_09_26_drive_0036_sync_02,K6,k6,anchor_recent_dino_diverse_k6,6,110,9429993,0.16529681386387368,0.7980393520355246,4.7302875481915105,0.20604291557122414,0.7376410365104675,0.9636030197143555,0.9957318305969238,12.284243853002408,8.954560111008766,8332.841796875,10444.0
kitti,2011_09_26_drive_0036_sync_02,K8,k8,anchor_recent_dino_diverse_k8,8,110,9429993,0.21455478683467757,1.1399325516403342,5.524749240016819,0.2513988982711883,0.6288233399391174,0.9230261445045471,0.9935751557350159,12.66751071500039,8.683631889076844,8485.193359375,10410.0
kitti,2011_09_26_drive_0079_sync_02,Full cache,full_cache,full_cache,,90,6052872,0.12974679619062623,0.707339853712633,5.779337879218956,0.20646274087780048,0.9092097282409668,0.9735842943191528,0.989668607711792,14.140306629997212,6.364784184317066,11727.70654296875,25358.0
kitti,2011_09_26_drive_0079_sync_02,K4,k4,anchor_recent_dino_diverse_k4,4,90,6052872,0.11838698361667199,0.5084846601854669,4.638461968121079,0.17145283026715719,0.9090430736541748,0.9852101802825928,0.9936761260032654,9.864034098001866,9.124056051086754,8093.64453125,10446.0
kitti,2011_09_26_drive_0079_sync_02,K6,k6,anchor_recent_dino_diverse_k6,6,90,6052872,0.13524970479399398,0.6158017703452063,5.071903981556201,0.1896368463041083,0.8664137125015259,0.9817217588424683,0.9925981163978577,9.957776478000596,9.03816230448978,8235.56640625,10444.0
kitti,2011_09_26_drive_0079_sync_02,K8,k8,anchor_recent_dino_diverse_k8,8,90,6052872,0.14040022307835637,0.7353178110887931,5.738686334493419,0.2080572086580334,0.8680962324142456,0.9726353287696838,0.9896246194839478,10.28387625599862,8.751563881129227,8400.58984375,10410.0
kitti,2011_09_26_drive_0095_sync_02,Full cache,full_cache,full_cache,,110,7880774,0.27733682773622037,1.724457853169782,6.042724971756229,0.3231792542107256,0.42374229431152344,0.804390549659729,0.9947670698165894,19.205707172000984,5.72746418628955,12637.97705078125,25358.0
kitti,2011_09_26_drive_0095_sync_02,K4,k4,anchor_recent_dino_diverse_k4,4,110,7880774,0.13583743033709955,0.5416608191724819,3.711548239937497,0.17091016304892861,0.8055696487426758,0.9900181293487549,0.9991119503974915,12.065561970997805,9.116856741891414,8093.64453125,10446.0
kitti,2011_09_26_drive_0095_sync_02,K6,k6,anchor_recent_dino_diverse_k6,6,110,7880774,0.170068442116116,0.8381904571466388,4.407206975174857,0.21017183165828585,0.7563214302062988,0.9417493939399719,0.9985992908477783,12.24589632399875,8.982600953792888,8238.09765625,10444.0
kitti,2011_09_26_drive_0095_sync_02,K8,k8,anchor_recent_dino_diverse_k8,8,110,7880774,0.2739309610566276,1.9650045373764125,6.317831515990942,0.3138026809103397,0.4980906844139099,0.8391106128692627,0.9741025567054749,12.539173679000669,8.77250788735918,8400.58984375,10410.0
kitti,2011_09_26_drive_0113_sync_02,Full cache,full_cache,full_cache,,77,3065035,0.11909168184014834,0.6219578908230593,5.3323928220508385,0.19118294367164382,0.9016993641853333,0.9760746955871582,0.9816964864730835,11.408445855999162,6.749385584322105,11077.52587890625,25358.0
kitti,2011_09_26_drive_0113_sync_02,K4,k4,anchor_recent_dino_diverse_k4,4,77,3065035,0.14582216067371107,0.6589105729125776,5.196024555221125,0.2025367992941714,0.8247299194335938,0.9778822064399719,0.9836220741271973,8.36823015200207,9.2014677657471,8036.1591796875,10446.0
kitti,2011_09_26_drive_0113_sync_02,K6,k6,anchor_recent_dino_diverse_k6,6,77,3065035,0.16236088991096367,0.711163115561194,5.222976824981598,0.21376704083068887,0.7729755640029907,0.9777924418449402,0.983700692653656,8.538150046999363,9.018347016173696,8181.40087890625,10444.0
kitti,2011_09_26_drive_0113_sync_02,K8,k8,anchor_recent_dino_diverse_k8,8,77,3065035,0.16091196871047175,0.7285204041084563,5.3345840356263885,0.21656439903485972,0.7857450842857361,0.9763487577438354,0.9825115203857422,8.809854232000362,8.74021271774396,8333.5810546875,10410.0
kitti,2011_09_28_drive_0037_sync_02,Full cache,full_cache,full_cache,,79,4978112,0.10207843185164289,0.8555596438604192,6.172648159633335,0.19197345487945236,0.9019505977630615,0.9387625455856323,0.9759525060653687,11.923375287999079,6.62564065055587,11037.505859375,25358.0
kitti,2011_09_28_drive_0037_sync_02,K4,k4,anchor_recent_dino_diverse_k4,4,79,4978112,0.11960011194408596,0.9486907235024679,6.458642237382921,0.207908899833952,0.8982560038566589,0.9373788833618164,0.9695199728012085,8.624847635997867,9.159582097459273,7894.404296875,10446.0
kitti,2011_09_28_drive_0037_sync_02,K6,k6,anchor_recent_dino_diverse_k6,6,79,4978112,0.1177764143095209,1.0223084152139341,6.743812960519615,0.22157797996063436,0.8721115589141846,0.9333112835884094,0.9640594720840454,8.711228164000204,9.06875569239173,8034.48291015625,10444.0
kitti,2011_09_28_drive_0037_sync_02,K8,k8,anchor_recent_dino_diverse_k8,8,79,4978112,0.11609159489530844,0.9648696823199941,6.546520455824259,0.2100368252310431,0.8979701399803162,0.9359624981880188,0.967820942401886,9.03567213399947,8.74312379072924,8198.12353515625,10410.0
kitti,2011_09_29_drive_0026_sync_02,Full cache,full_cache,full_cache,,110,6778694,0.04712640836041846,0.1505051243894328,2.3797732898900374,0.07913693919100097,0.9802801012992859,0.9936169981956482,0.9978083968162537,19.368488273001276,5.679328115314741,12582.5625,25358.0
kitti,2011_09_29_drive_0026_sync_02,K4,k4,anchor_recent_dino_diverse_k4,4,110,6778694,0.04720591809380705,0.1447606520673245,2.3128353759677003,0.07841442762239555,0.9802618026733398,0.994707465171814,0.9979097247123718,12.028244863002328,9.145141394514585,8040.52685546875,10446.0
kitti,2011_09_29_drive_0026_sync_02,K6,k6,anchor_recent_dino_diverse_k6,6,110,6778694,0.04783910672401158,0.14734021199455932,2.3359082286446737,0.07943248576366627,0.9802117943763733,0.9945406317710876,0.9978660941123962,12.312346435999643,8.934121580462909,8189.47265625,10444.0
kitti,2011_09_29_drive_0026_sync_02,K8,k8,anchor_recent_dino_diverse_k8,8,110,6778694,0.04798436995900477,0.1530555810933194,2.3804075495178627,0.08052717856776474,0.9797205328941345,0.9944062829017639,0.9978175163269043,12.644322619002196,8.699556576853656,8345.388671875,10410.0
kitti,2011_09_30_drive_0016_sync_02,Full cache,full_cache,full_cache,,110,10194423,0.2774281455202081,1.8425880749667636,6.714605914989893,0.3132003855824115,0.4210807979106903,0.8389546871185303,0.9966788291931152,19.12640993700188,5.751209995096592,12725.68212890625,25358.0
kitti,2011_09_30_drive_0016_sync_02,K4,k4,anchor_recent_dino_diverse_k4,4,110,10194423,0.13641519224535184,0.533917221089417,3.785655167095188,0.1680914867932238,0.8216588497161865,0.9931601881980896,0.9993592500686646,12.01872154100056,9.152387766431477,8187.26416015625,10446.0
kitti,2011_09_30_drive_0016_sync_02,K6,k6,anchor_recent_dino_diverse_k6,6,110,10194423,0.1612766087188476,0.8088659280848777,4.518435382729275,0.2004908911977132,0.7667068243026733,0.9573310613632202,0.9992420077323914,12.095143304002704,9.094559463681358,8332.841796875,10444.0
kitti,2011_09_30_drive_0016_sync_02,K8,k8,anchor_recent_dino_diverse_k8,8,110,10194423,0.2290904300680965,1.6259486259400606,6.23425855266498,0.2708232260373066,0.6354159116744995,0.8769983053207397,0.9912121295928955,12.455595511997672,8.831372204889288,8485.193359375,10410.0
kitti,2011_10_03_drive_0047_sync_02,Full cache,full_cache,full_cache,,110,9053175,0.13602139556998316,0.5356652883865727,4.063113720153929,0.17275200269661733,0.8279010653495789,0.9895951747894287,0.9940876960754395,19.006336340000416,5.787543587161291,12725.68212890625,25358.0
kitti,2011_10_03_drive_0047_sync_02,K4,k4,anchor_recent_dino_diverse_k4,4,110,9053175,0.13848425035768283,0.5254879707085713,3.9363967053304534,0.17190686201341107,0.8254509568214417,0.9906052947044373,0.9952370524406433,12.102383089997602,9.089118992681119,8187.26416015625,10446.0
kitti,2011_10_03_drive_0047_sync_02,K6,k6,anchor_recent_dino_diverse_k6,6,110,9053175,0.17396427750540547,0.7319741161849523,4.458203947416166,0.21140243699880368,0.6832290291786194,0.986151397228241,0.9948746562004089,12.23498190400278,8.990614033030369,8332.841796875,10444.0
kitti,2011_10_03_drive_0047_sync_02,K8,k8,anchor_recent_dino_diverse_k8,8,110,9053175,0.20344539895002065,0.9562422952186304,4.928029761721284,0.24669880471720465,0.5787232518196106,0.9679502844810486,0.9947436451911926,12.372230004002631,8.890879006000786,8485.193359375,10410.0
sintel,alley_1,Full cache,full_cache,full_cache,,50,22323200,0.29229238629341125,0.5749951601028442,3.829543352127075,0.40531933307647705,0.7245372533798218,0.7470126152038574,0.9164451956748962,7.530631151999842,6.639549725751998,10182.25830078125,15686.0
sintel,alley_1,K4,k4,anchor_recent_dino_diverse_k4,4,50,22323200,0.30932676792144775,0.6036166548728943,3.843535900115967,0.4167605936527252,0.7274094820022583,0.7472465634346008,0.8867131471633911,6.051407724000455,8.262540268389992,7694.2822265625,9788.0
sintel,alley_1,K6,k6,anchor_recent_dino_diverse_k6,6,50,22323200,0.3349842131137848,0.6532829999923706,3.8459362983703613,0.43317005038261414,0.7284374237060547,0.7466577887535095,0.864474356174469,5.979283492997638,8.362205949685308,7898.14892578125,9788.0
sintel,alley_1,K8,k8,anchor_recent_dino_diverse_k8,8,50,22323200,0.3305196464061737,0.6565247178077698,3.8431334495544434,0.43169736862182617,0.728089451789856,0.7468351721763611,0.8744604587554932,6.2474807519975,8.00322593775316,8124.06982421875,9790.0
sintel,alley_2,Full cache,full_cache,full_cache,,50,22323200,0.18855763971805573,0.8481837511062622,5.547890663146973,0.30729904770851135,0.7317227721214294,0.9488241672515869,0.9766038656234741,7.36334080099914,6.790396010628144,10519.35205078125,15764.0
sintel,alley_2,K4,k4,anchor_recent_dino_diverse_k4,4,50,22323200,0.1911306083202362,0.8374071717262268,5.47599458694458,0.30949273705482483,0.6949853897094727,0.9536404013633728,0.9746302962303162,5.821782409999287,8.58843503221999,8033.380859375,9864.0
sintel,alley_2,K6,k6,anchor_recent_dino_diverse_k6,6,50,22323200,0.21234242618083954,0.8775202035903931,5.491794586181641,0.3219670355319977,0.6019001007080078,0.954907238483429,0.9746959209442139,6.050509112999862,8.26376740637778,8242.416015625,9864.0
sintel,alley_2,K8,k8,anchor_recent_dino_diverse_k8,8,50,22323200,0.22611504793167114,0.9211634397506714,5.547461986541748,0.3328942060470581,0.5526122450828552,0.9534099102020264,0.9743919968605042,6.026986789001967,8.296019511979004,8459.12353515625,9866.0
sintel,ambush_2,Full cache,full_cache,full_cache,,21,5840302,3.181039571762085,8.496274948120117,12.782196044921875,1.5190223455429077,0.08122199773788452,0.1510305404663086,0.2195882946252823,2.522441950000939,8.32526591939695,8531.31005859375,15764.0
sintel,ambush_2,K4,k4,anchor_recent_dino_diverse_k4,4,21,5840302,2.8065097332000732,7.68373441696167,12.709136962890625,1.433740496635437,0.08184576779603958,0.15091341733932495,0.2100062519311905,2.459406655998464,8.538644859231086,7841.12353515625,9864.0
sintel,ambush_2,K6,k6,anchor_recent_dino_diverse_k6,6,21,5840302,2.90948748588562,7.754171371459961,12.751799583435059,1.4614603519439697,0.08190517872571945,0.15175430476665497,0.21793889999389648,2.44674286100053,8.582838979414703,8047.01123046875,9864.0
sintel,ambush_2,K8,k8,anchor_recent_dino_diverse_k8,8,21,5840302,3.126431465148926,8.347380638122559,12.719813346862793,1.5036219358444214,0.08170570433139801,0.15175533294677734,0.21988965570926666,2.486403571001574,8.445933815780666,8268.7998046875,9866.0
sintel,ambush_4,Full cache,full_cache,full_cache,,33,14731486,0.24203194677829742,0.2956491708755493,1.2777494192123413,0.38435691595077515,0.6283099055290222,0.8584256172180176,0.9287136793136597,4.279092763998051,7.711915076402169,9155.40625,15764.0
sintel,ambush_4,K4,k4,anchor_recent_dino_diverse_k4,4,33,14731486,0.25128114223480225,0.28802335262298584,1.229922890663147,0.3955782353878021,0.6352715492248535,0.8209249377250671,0.9184930324554443,3.844946347999212,8.582694532830647,7726.8896484375,9864.0
sintel,ambush_4,K6,k6,anchor_recent_dino_diverse_k6,6,33,14731486,0.23862525820732117,0.2882291376590729,1.2771281003952026,0.37791189551353455,0.6161141395568848,0.8618924617767334,0.9356436729431152,3.8569137369995588,8.556063798738721,7940.99169921875,9864.0
sintel,ambush_4,K8,k8,anchor_recent_dino_diverse_k8,8,33,14731486,0.22594048082828522,0.3012210428714752,1.3199387788772583,0.36822667717933655,0.6223411560058594,0.8934970498085022,0.9399465918540955,3.8990847570021288,8.463524661970302,8157.19287109375,9866.0
sintel,ambush_5,Full cache,full_cache,full_cache,,50,21174470,0.8200700283050537,7.469820022583008,16.782249450683594,1.062111496925354,0.27497029304504395,0.4533182382583618,0.5118768215179443,7.274039347001235,6.873759903513966,10401.966796875,15764.0
sintel,ambush_5,K4,k4,anchor_recent_dino_diverse_k4,4,50,21174470,0.688203752040863,6.67551326751709,16.597400665283203,1.0048714876174927,0.29221484065055847,0.48422771692276,0.6005249619483948,5.768155229001422,8.668282668366391,7930.85302734375,9864.0
sintel,ambush_5,K6,k6,anchor_recent_dino_diverse_k6,6,50,21174470,0.8158944249153137,7.2333221435546875,16.52519416809082,1.0266560316085815,0.19860577583312988,0.4435287415981293,0.5619862079620361,5.886366091002856,8.494204952088111,8145.69189453125,9864.0
sintel,ambush_5,K8,k8,anchor_recent_dino_diverse_k8,8,50,21174470,0.7837851643562317,7.253292560577393,16.6513729095459,1.0389354228973389,0.2620711624622345,0.4748798906803131,0.5631679892539978,6.0105023169999185,8.318772269429386,8345.943359375,9866.0
sintel,ambush_6,Full cache,full_cache,full_cache,,20,8929280,0.2816857695579529,0.6046729683876038,2.3413209915161133,0.40546247363090515,0.5544069409370422,0.8024197816848755,0.9061326384544373,2.4106826140014164,8.2964052936038,8463.8310546875,15764.0
sintel,ambush_6,K4,k4,anchor_recent_dino_diverse_k4,4,20,8929280,0.2765299081802368,0.4445422291755676,2.398946523666382,0.3724682629108429,0.5203165411949158,0.8456749320030212,0.9487162828445435,2.35454193500118,8.494221191261127,7849.79052734375,9864.0
sintel,ambush_6,K6,k6,anchor_recent_dino_diverse_k6,6,20,8929280,0.2785966992378235,0.45692065358161926,2.306473970413208,0.38145530223846436,0.49668416380882263,0.8444617390632629,0.9371182322502136,2.297936323997419,8.703461358410758,8069.70703125,9864.0
sintel,ambush_6,K8,k8,anchor_recent_dino_diverse_k8,8,20,8929280,0.2777080535888672,0.576861560344696,2.3385941982269287,0.4046398997306824,0.5333863496780396,0.8270910978317261,0.9150847792625427,2.3996891050010163,8.33441296971323,8260.33935546875,9866.0
sintel,ambush_7,Full cache,full_cache,full_cache,,50,22323200,0.05739960819482803,0.002998856594786048,0.04034915938973427,0.07899787276983261,0.9906653165817261,0.995305597782135,0.9996708035469055,7.387492169997131,6.768196682910246,10317.87451171875,15764.0
sintel,ambush_7,K4,k4,anchor_recent_dino_diverse_k4,4,50,22323200,0.05674779787659645,0.0030808027368038893,0.040922779589891434,0.08432641625404358,0.9947580099105835,0.9958817362785339,0.9968149662017822,5.82021089400223,8.590753996822583,7844.8515625,9864.0
sintel,ambush_7,K6,k6,anchor_recent_dino_diverse_k6,6,50,22323200,0.05808523669838905,0.0030169200617820024,0.04055994376540184,0.07877062261104584,0.9926453232765198,0.9952506422996521,0.9996512532234192,5.844266575000802,8.555393454138107,8064.7890625,9864.0
sintel,ambush_7,K8,k8,anchor_recent_dino_diverse_k8,8,50,22323200,0.05880910903215408,0.003063068026676774,0.040868982672691345,0.07902304083108902,0.9911317825317383,0.9957185387611389,0.9996883869171143,5.9869098929993925,8.35155378878609,8257.98193359375,9866.0
sintel,bamboo_1,Full cache,full_cache,full_cache,,50,22323200,0.18873946368694305,0.38721656799316406,1.4672579765319824,0.2794853746891022,0.746354341506958,0.9302257299423218,0.9590319991111755,7.4141616390006675,6.743850813419729,10520.49755859375,15764.0
sintel,bamboo_1,K4,k4,anchor_recent_dino_diverse_k4,4,50,22323200,0.181677907705307,0.3653847575187683,1.3994134664535522,0.272274911403656,0.7724663615226746,0.9321967959403992,0.960503876209259,5.858592517000943,8.534473058999394,8050.5283203125,9864.0
sintel,bamboo_1,K6,k6,anchor_recent_dino_diverse_k6,6,50,22323200,0.18474599719047546,0.37511497735977173,1.4275426864624023,0.27465617656707764,0.7643010020256042,0.931377112865448,0.9605454206466675,5.795425345997501,8.627494448622574,8268.869140625,9864.0
sintel,bamboo_1,K8,k8,anchor_recent_dino_diverse_k8,8,50,22323200,0.1876862645149231,0.38457155227661133,1.4538967609405518,0.27744603157043457,0.7545886635780334,0.9303199052810669,0.9607110619544983,6.165477849001036,8.109671500660937,8454.06494140625,9866.0
sintel,bamboo_2,Full cache,full_cache,full_cache,,50,22323200,0.36378198862075806,0.9092432856559753,3.547121286392212,0.42298951745033264,0.38548266887664795,0.7719443440437317,0.925561785697937,7.325637876998371,6.825344200672823,10528.99755859375,15766.0
sintel,bamboo_2,K4,k4,anchor_recent_dino_diverse_k4,4,50,22323200,0.3760126531124115,0.9493255019187927,3.5757253170013428,0.43590283393859863,0.39458662271499634,0.759487509727478,0.9051769971847534,5.9177986059985415,8.449087799189009,8048.26513671875,9864.0
sintel,bamboo_2,K6,k6,anchor_recent_dino_diverse_k6,6,50,22323200,0.3839775621891022,0.9793073534965515,3.6014370918273926,0.44019845128059387,0.37864476442337036,0.7479432821273804,0.9047584533691406,5.841850124001212,8.558932348259885,8275.4619140625,9864.0
sintel,bamboo_2,K8,k8,anchor_recent_dino_diverse_k8,8,50,22323200,0.39448925852775574,1.013806939125061,3.652149200439453,0.4499303102493286,0.3744446039199829,0.7257558703422546,0.896794319152832,6.214169999002479,8.046126837216583,8455.09716796875,9866.0
sintel,bandage_1,Full cache,full_cache,full_cache,,50,22323200,0.16496585309505463,0.03428008407354355,0.1907767951488495,0.18602831661701202,0.7827113270759583,0.9961268901824951,0.9985383749008179,7.302128876002826,6.847318206655635,10530.84130859375,15874.0
sintel,bandage_1,K4,k4,anchor_recent_dino_diverse_k4,4,50,22323200,0.17775894701480865,0.04060148820281029,0.20111416280269623,0.19912442564964294,0.7211487889289856,0.9963558912277222,0.9985818266868591,5.7866865649994,8.640523283639293,8064.080078125,9864.0
sintel,bandage_1,K6,k6,anchor_recent_dino_diverse_k6,6,50,22323200,0.17600633203983307,0.04032624140381813,0.20126794278621674,0.19773490726947784,0.7294995784759521,0.9960742592811584,0.9986007213592529,5.989889905999007,8.347398831141103,8269.59619140625,9864.0
sintel,bandage_1,K8,k8,anchor_recent_dino_diverse_k8,8,50,22323200,0.17591752111911774,0.04038422554731369,0.2017904371023178,0.19777433574199677,0.7270102500915527,0.9963623285293579,0.9985910654067993,6.116169543998694,8.17505133569441,8459.92236328125,9866.0
sintel,bandage_2,Full cache,full_cache,full_cache,,50,22323186,0.15301471948623657,0.04422023892402649,0.1876792460680008,0.26482152938842773,0.8489440679550171,0.9324860572814941,0.9488372206687927,7.351900243000273,6.800962791572816,10531.85205078125,15874.0
sintel,bandage_2,K4,k4,anchor_recent_dino_diverse_k4,4,50,22323186,0.16680671274662018,0.052459053695201874,0.19876544177532196,0.28376224637031555,0.7614509463310242,0.9274594187736511,0.9437811970710754,5.901581138998154,8.472305780834855,8073.7578125,9864.0
sintel,bandage_2,K6,k6,anchor_recent_dino_diverse_k6,6,50,22323186,0.15969021618366241,0.04944683238863945,0.19424931704998016,0.2753366529941559,0.7984939813613892,0.9298108220100403,0.947857677936554,5.966095899999345,8.380689958404036,8265.2060546875,9864.0
sintel,bandage_2,K8,k8,anchor_recent_dino_diverse_k8,8,50,22323186,0.14851419627666473,0.042873308062553406,0.1860303282737732,0.2615370750427246,0.842081606388092,0.9317609071731567,0.9550774693489075,6.075299388998246,8.230047080567742,8457.85302734375,9866.0
sintel,cave_2,Full cache,full_cache,full_cache,,50,20586356,0.7619301676750183,7.724249362945557,11.08612060546875,0.7041661143302917,0.3152163624763489,0.5241473317146301,0.6649900674819946,7.309612012999423,6.840308337991119,10538.36572265625,15984.0
sintel,cave_2,K4,k4,anchor_recent_dino_diverse_k4,4,50,20586356,0.7503461241722107,7.3039631843566895,10.663691520690918,0.6767855286598206,0.3136618733406067,0.5479859709739685,0.6833821535110474,5.979314977001195,8.362161918600998,8084.5986328125,9864.0
sintel,cave_2,K6,k6,anchor_recent_dino_diverse_k6,6,50,20586356,0.758521556854248,7.858903408050537,10.94863224029541,0.6897466778755188,0.3064890205860138,0.5397345423698425,0.6779209971427917,5.7801143859978765,8.650347841060592,8266.3203125,9864.0
sintel,cave_2,K8,k8,anchor_recent_dino_diverse_k8,8,50,20586356,0.7636839747428894,8.118393898010254,11.114800453186035,0.7072134017944336,0.28953731060028076,0.5180777907371521,0.6649079918861389,6.262907266998809,7.983512747101562,8455.42236328125,9866.0
sintel,cave_4,Full cache,full_cache,full_cache,,50,22322898,0.4362694025039673,1.5264846086502075,3.7005999088287354,0.4827122390270233,0.24664118885993958,0.5849887728691101,0.8716126680374146,7.405254882000008,6.751962058934023,10534.18603515625,15984.0
sintel,cave_4,K4,k4,anchor_recent_dino_diverse_k4,4,50,22322898,0.44897088408470154,1.5328164100646973,3.8089985847473145,0.5107815265655518,0.23010310530662537,0.5746573209762573,0.8231999278068542,5.9709924919989135,8.373817261870558,8086.7021484375,9864.0
sintel,cave_4,K6,k6,anchor_recent_dino_diverse_k6,6,50,22322898,0.4478559195995331,1.537606120109558,3.811354637145996,0.5016820430755615,0.24184705317020416,0.5826404690742493,0.8417077660560608,5.850487781000993,8.546295945163946,8263.171875,9864.0
sintel,cave_4,K8,k8,anchor_recent_dino_diverse_k8,8,50,22322898,0.4398772120475769,1.530089020729065,3.798811912536621,0.4931817352771759,0.26311078667640686,0.5968448519706726,0.8520539999008179,6.156842288997723,8.12104609035544,8456.73486328125,9866.0
sintel,market_2,Full cache,full_cache,full_cache,,50,20683566,0.2606907784938812,2.110991954803467,8.98000717163086,0.2909078001976013,0.522454559803009,0.8586117029190063,0.9934087991714478,7.434627867998643,6.725286172724029,10537.59521484375,16094.0
sintel,market_2,K4,k4,anchor_recent_dino_diverse_k4,4,50,20683566,0.2801550328731537,2.3874382972717285,9.537248611450195,0.3069169819355011,0.4634406864643097,0.8541534543037415,0.9930026531219482,5.87285696699837,8.513743869630646,8084.1640625,9864.0
sintel,market_2,K6,k6,anchor_recent_dino_diverse_k6,6,50,20683566,0.28367549180984497,2.430149555206299,9.591233253479004,0.3104530870914459,0.45743808150291443,0.8459042310714722,0.9929871559143066,5.802981641998485,8.616260240792444,8266.734375,9864.0
sintel,market_2,K8,k8,anchor_recent_dino_diverse_k8,8,50,20683566,0.28031018376350403,2.513244867324829,9.970098495483398,0.31527596712112427,0.46115583181381226,0.8279786705970764,0.989507794380188,6.010534619999817,8.318727561043733,8452.81396484375,9866.0
sintel,market_5,Full cache,full_cache,full_cache,,50,22323200,0.25213301181793213,0.2883881628513336,1.477731466293335,0.318901926279068,0.6197156310081482,0.8525928854942322,0.9678496718406677,7.327816913999413,6.823314581519852,10544.88330078125,16094.0
sintel,market_5,K4,k4,anchor_recent_dino_diverse_k4,4,50,22323200,0.24098879098892212,0.2768571674823761,1.4268643856048584,0.31884413957595825,0.7012050747871399,0.868709921836853,0.9417542219161987,5.9145533310002065,8.453723755931462,8080.3955078125,9864.0
sintel,market_5,K6,k6,anchor_recent_dino_diverse_k6,6,50,22323200,0.26123514771461487,0.3106772303581238,1.4707252979278564,0.33816033601760864,0.671033501625061,0.8363929986953735,0.9313958287239075,5.738800879000337,8.71262151348762,8270.490234375,9864.0
sintel,market_5,K8,k8,anchor_recent_dino_diverse_k8,8,50,22323200,0.27932441234588623,0.33868059515953064,1.5182487964630127,0.34570181369781494,0.6478487253189087,0.825120747089386,0.9405864477157593,6.0262328009994235,8.297057490329236,8455.52197265625,9866.0
sintel,market_6,Full cache,full_cache,full_cache,,40,17858299,0.5423079133033752,3.069025754928589,9.58332633972168,0.660038411617279,0.31418290734291077,0.6393186450004578,0.7644940614700317,5.513144756001566,7.255387219146806,9863.0078125,16094.0
sintel,market_6,K4,k4,anchor_recent_dino_diverse_k4,4,40,17858299,0.5755603909492493,3.1488401889801025,9.611963272094727,0.6745539903640747,0.24509386718273163,0.585923433303833,0.7521724700927734,4.735951193997607,8.446032985030843,8013.32421875,9864.0
sintel,market_6,K6,k6,anchor_recent_dino_diverse_k6,6,40,17858299,0.6356043219566345,3.322831392288208,9.651659965515137,0.6972199082374573,0.23447930812835693,0.5223633646965027,0.7231897115707397,4.721649957999034,8.471614871033644,8201.89453125,9864.0
sintel,market_6,K8,k8,anchor_recent_dino_diverse_k8,8,40,17858299,0.6945595741271973,3.5632596015930176,9.653969764709473,0.7164632678031921,0.2195073962211609,0.4715791344642639,0.6971290111541748,4.80709667800329,8.321030900633911,8389.55908203125,9866.0
sintel,mountain_1,Full cache,full_cache,full_cache,,50,789411,0.1181689202785492,1.0951201915740967,7.034323692321777,0.14455053210258484,0.8930113911628723,0.9906918406486511,0.9994388818740845,7.402888544002053,6.7541203278699715,10467.09423828125,16094.0
sintel,mountain_1,K4,k4,anchor_recent_dino_diverse_k4,4,50,789411,0.19315209984779358,2.7369065284729004,10.956708908081055,0.22220952808856964,0.7417454719543457,0.9593266844749451,0.9926743507385254,5.861604321999039,8.530087882654628,8003.33203125,9864.0
sintel,mountain_1,K6,k6,anchor_recent_dino_diverse_k6,6,50,789411,0.1623845398426056,1.9789825677871704,9.351568222045898,0.18886180222034454,0.8183735013008118,0.9696254730224609,0.9989625811576843,5.813876562999212,8.600113789517133,8201.91796875,9864.0
sintel,mountain_1,K8,k8,anchor_recent_dino_diverse_k8,8,50,789411,0.12082228809595108,1.1708104610443115,7.219571113586426,0.14753027260303497,0.890218198299408,0.9871955513954163,0.9994477033615112,6.0554000819975045,8.257092730940814,8389.70458984375,9866.0
sintel,shaman_2,Full cache,full_cache,full_cache,,50,22323200,0.10373272001743317,0.04056951031088829,0.3593290448188782,0.16777533292770386,0.9687753915786743,0.9907909035682678,0.9922434091567993,7.4894694030008395,6.676040358742406,10537.94580078125,16094.0
sintel,shaman_2,K4,k4,anchor_recent_dino_diverse_k4,4,50,22323200,0.08888880163431168,0.036222103983163834,0.34657782316207886,0.15992619097232819,0.9747417569160461,0.9910311698913574,0.9923983812332153,5.796317961998284,8.626165839729481,8073.818359375,9864.0
sintel,shaman_2,K6,k6,anchor_recent_dino_diverse_k6,6,50,22323200,0.09038475900888443,0.036894798278808594,0.34771832823753357,0.1608952432870865,0.9735146760940552,0.9910865426063538,0.992405354976654,5.882632671000465,8.499595809625225,8272.1044921875,9864.0
sintel,shaman_2,K8,k8,anchor_recent_dino_diverse_k8,8,50,22323200,0.0884835422039032,0.03671792522072792,0.34679335355758667,0.16053980588912964,0.9738501310348511,0.9910236597061157,0.992375910282135,6.042704871000751,8.27444018322863,8456.12841796875,9866.0
sintel,shaman_3,Full cache,full_cache,full_cache,,50,22323200,0.09301834553480148,0.00753395538777113,0.06019272655248642,0.16045649349689484,0.9151503443717957,0.9532404541969299,0.9981237053871155,7.517524742997921,6.65112543148883,10545.41943359375,16094.0
sintel,shaman_3,K4,k4,anchor_recent_dino_diverse_k4,4,50,22323200,0.07090987265110016,0.004507540725171566,0.047596439719200134,0.11494017392396927,0.9312021136283875,0.9847435355186462,0.9999237060546875,5.79380610699809,8.629905640026017,8071.5009765625,9864.0
sintel,shaman_3,K6,k6,anchor_recent_dino_diverse_k6,6,50,22323200,0.07346848398447037,0.0049451501108706,0.04994208365678787,0.12173621356487274,0.9369488954544067,0.976087749004364,0.999890148639679,5.9591169790001,8.3905048644287,8280.458984375,9864.0
sintel,shaman_3,K8,k8,anchor_recent_dino_diverse_k8,8,50,22323200,0.07812251150608063,0.005749842151999474,0.05390286073088646,0.134597510099411,0.9357964396476746,0.9688186049461365,0.9992683529853821,6.0275177670009725,8.295288696407741,8454.77392578125,9866.0
sintel,sleeping_1,Full cache,full_cache,full_cache,,50,22323200,0.09962502866983414,0.011809001676738262,0.09808966517448425,0.1268918663263321,0.9371636509895325,0.9993851184844971,1.0,7.412582400000247,6.7452875802093395,10548.36572265625,16094.0
sintel,sleeping_1,K4,k4,anchor_recent_dino_diverse_k4,4,50,22323200,0.0826311856508255,0.008420166559517384,0.08144191652536392,0.10530601441860199,0.9704024195671082,0.9999285936355591,1.0,5.801948029999039,8.617795220066506,8074.5439453125,9864.0
sintel,sleeping_1,K6,k6,anchor_recent_dino_diverse_k6,6,50,22323200,0.08946792781352997,0.009852193295955658,0.08823557198047638,0.11410264670848846,0.9475743174552917,0.9998943209648132,1.0,5.8861868220010365,8.494463650578163,8280.9912109375,9864.0
sintel,sleeping_1,K8,k8,anchor_recent_dino_diverse_k8,8,50,22323200,0.09810856729745865,0.011558180674910545,0.0957086831331253,0.12375686317682266,0.9196777939796448,0.9998388886451721,1.0,5.979177606997837,8.362354037030379,8456.58642578125,9866.0
sintel,sleeping_2,Full cache,full_cache,full_cache,,50,22322972,0.06263267993927002,0.01551264338195324,0.18202656507492065,0.09097430855035782,0.9717738032341003,0.9957281351089478,0.9993366599082947,7.336596420998831,6.815149305049659,10538.80224609375,16094.0
sintel,sleeping_2,K4,k4,anchor_recent_dino_diverse_k4,4,50,22322972,0.058411307632923126,0.014558984898030758,0.17666056752204895,0.08736755698919296,0.9733349084854126,0.9954091310501099,0.999290943145752,5.764449096001044,8.673855760941034,8070.3515625,9864.0
sintel,sleeping_2,K6,k6,anchor_recent_dino_diverse_k6,6,50,22322972,0.05777761712670326,0.014255003072321415,0.1749248206615448,0.08646580576896667,0.9737470149993896,0.995625376701355,0.9993432760238647,5.767111633998866,8.669851248454233,8279.34375,9864.0
sintel,sleeping_2,K8,k8,anchor_recent_dino_diverse_k8,8,50,22322972,0.05785238742828369,0.014124023728072643,0.17369656264781952,0.08663762360811234,0.9736647009849548,0.9958546757698059,0.9993723034858704,5.949786981000216,8.40366220835599,8459.06298828125,9866.0
sintel,temple_2,Full cache,full_cache,full_cache,,50,14118881,0.21273291110992432,0.9106336236000061,3.6221437454223633,0.333854079246521,0.8771386742591858,0.8999616503715515,0.914759635925293,7.305789407000702,6.843887390469807,10533.00927734375,16094.0
sintel,temple_2,K4,k4,anchor_recent_dino_diverse_k4,4,50,14118881,0.27949002385139465,1.530835509300232,3.971437692642212,0.38051077723503113,0.8704268932342529,0.9001582860946655,0.9090770483016968,5.778988076999667,8.65203377023733,8074.4833984375,9864.0
sintel,temple_2,K6,k6,anchor_recent_dino_diverse_k6,6,50,14118881,0.2826610505580902,1.4881196022033691,3.925427198410034,0.3791251480579376,0.8697778582572937,0.9004356265068054,0.9095261693000793,5.744056236999313,8.704650152610611,8273.5576171875,9864.0
sintel,temple_2,K8,k8,anchor_recent_dino_diverse_k8,8,50,14118881,0.27549853920936584,1.2983543872833252,3.761967658996582,0.3701753616333008,0.8681678771972656,0.9018657803535461,0.9105621576309204,6.046124988999509,8.269759571787123,8457.02685546875,9866.0
sintel,temple_3,Full cache,full_cache,full_cache,,50,8418204,0.7279746532440186,3.504537582397461,5.43320369720459,0.6693507432937622,0.1807587444782257,0.37115350365638733,0.6152858734130859,7.238078487996972,6.90791072284113,10536.81201171875,16094.0
sintel,temple_3,K4,k4,anchor_recent_dino_diverse_k4,4,50,8418204,0.7537409067153931,3.568556785583496,5.232214450836182,0.6882200241088867,0.17551736533641815,0.3381488621234894,0.6416911482810974,5.776682671999879,8.655486693488406,8068.7841796875,9864.0
sintel,temple_3,K6,k6,anchor_recent_dino_diverse_k6,6,50,8418204,0.7097834348678589,3.3409619331359863,5.398840427398682,0.6614350080490112,0.18895241618156433,0.3523123264312744,0.6562787890434265,5.882954274999065,8.499131161444893,8272.7958984375,9864.0
sintel,temple_3,K8,k8,anchor_recent_dino_diverse_k8,8,50,8418204,0.7163820862770081,3.46362566947937,5.517575740814209,0.6625705361366272,0.18935547769069672,0.3772726356983185,0.6615265011787415,6.0360458200011635,8.283568662504017,8467.21044921875,9866.0
