task,dataset,sequence,method,method_id,cache_policy,cache_window_size,status,error,num_frames,accuracy,accuracy_median,completeness,completeness_median,normal_consistency,normal_consistency_median,overall,pose_status,pose_error,ate,rpe_trans,rpe_rot_deg,icp_fitness,icp_rmse,inference_sec,fps_inference,final_frame_ms,peak_allocated_mib,peak_reserved_mib
dynamic,tum,rgbd_dataset_freiburg3_sitting_halfsphere,Full cache,full_cache,full_cache,,ok,,50,0.028825609659056707,0.017150464799752803,0.01915123726070361,0.0035344955517390454,0.5883846557293648,0.6378998082216424,0.023988423459880157,ok,,0.012593197815430595,0.0095842129509072,0.3631024569994179,0.9613047839098849,0.032613414104592287,8.327261654194444,6.00437479646325,268.6395263671875,13152.10791015625,21498.0
dynamic,tum,rgbd_dataset_freiburg3_sitting_halfsphere,K4,k4,anchor_recent_dino_diverse_k4,4,ok,,50,0.016343904118983767,0.005019854639379195,0.015263687989183714,0.002435204190622727,0.5892680919695634,0.6400408713588739,0.01580379605408374,ok,,0.010487529788001436,0.010736028504955994,0.39065278953606836,0.9761133422398005,0.020890019358468237,4.772869186941534,10.475878982143259,76.5265884399414,8545.87060546875,9472.0
dynamic,tum,rgbd_dataset_freiburg3_sitting_halfsphere,K6,k6,anchor_recent_dino_diverse_k6,6,ok,,50,0.02077517937265942,0.008618381952638865,0.015648928475404618,0.0029516814720183422,0.5929419020331435,0.6458075590395926,0.018212053924032016,ok,,0.014660960635824337,0.011619278323127069,0.3837969348013659,0.9730109679489002,0.025141363053477066,4.31719628488645,11.581590620523546,81.8872299194336,8936.47216796875,9952.0
dynamic,tum,rgbd_dataset_freiburg3_sitting_halfsphere,K8,k8,anchor_recent_dino_diverse_k8,8,ok,,50,0.02565186743550007,0.012844303621119733,0.016512249516666393,0.0034965345613818333,0.5922814785872375,0.6444336798611232,0.02108205847608323,ok,,0.014074716129734963,0.010718572994367431,0.37528680210740606,0.9664188286506702,0.029847764971185575,5.287729569943622,9.455854226019563,90.36185455322266,9332.22998046875,10326.0
dynamic,tum,rgbd_dataset_freiburg3_sitting_rpy,Full cache,full_cache,full_cache,,ok,,50,0.1596775191300565,0.0381898930871715,0.041542511796291315,0.009227735745892154,0.5934825578629543,0.6456888940052554,0.10061001546317391,ok,,0.015859980240787098,0.010698224255606523,0.34897650055356294,0.7366708279142424,0.03928293668551186,9.21486634411849,5.426014673768237,269.37445068359375,13152.41845703125,20842.0
dynamic,tum,rgbd_dataset_freiburg3_sitting_rpy,K4,k4,anchor_recent_dino_diverse_k4,4,ok,,50,0.12827778934823994,0.021636236753110504,0.04925428821219597,0.005672369491402208,0.6079764057098107,0.6708388284534068,0.08876603878021795,ok,,0.013276994421919486,0.009950822383075177,0.36348609478979504,0.8914549062542066,0.03537434009775778,3.8877766670193523,12.86082105079703,76.4459228515625,8543.99560546875,9454.0
dynamic,tum,rgbd_dataset_freiburg3_sitting_rpy,K6,k6,anchor_recent_dino_diverse_k6,6,ok,,50,0.13825912576172594,0.03395434046290605,0.06599112670543769,0.006190259940688747,0.5986620345933262,0.653618056725777,0.10212512623358182,ok,,0.013151989525417712,0.01091550436884138,0.3617304507675511,0.831135242593568,0.04150567748286831,4.666106627788395,10.715571672158426,82.24256134033203,8936.14404296875,9952.0
dynamic,tum,rgbd_dataset_freiburg3_sitting_rpy,K8,k8,anchor_recent_dino_diverse_k8,8,ok,,50,0.16940536717196586,0.07686011824672997,0.07494797303068922,0.012111660614225006,0.5870293697394469,0.630467577613343,0.12217667010132754,ok,,0.019319706361583908,0.011247372646731597,0.3549938479743709,0.5798593569976778,0.047499299558868925,4.43325648503378,11.278390990639696,89.88057708740234,9333.31201171875,10448.0
dynamic,tum,rgbd_dataset_freiburg3_sitting_static,Full cache,full_cache,full_cache,,ok,,50,0.04789716822377366,0.012427970569327682,0.03733551562032298,0.0039004631997178974,0.5904069939032565,0.6424269005632164,0.04261634192204832,ok,,0.007998272170061079,0.00857614082656139,0.23066699194405166,0.9411878938527416,0.03201324912438354,9.064052865840495,5.516296158028154,269.4000549316406,13152.41845703125,20842.0
dynamic,tum,rgbd_dataset_freiburg3_sitting_static,K4,k4,anchor_recent_dino_diverse_k4,4,ok,,50,0.045372967382938396,0.012638780638887707,0.03287446664331852,0.0035160360207391137,0.5853820132032515,0.6327165518645343,0.03912371701312846,ok,,0.008946333661468155,0.008769820217854576,0.23235507978248993,0.9441509934717948,0.03275527646194219,3.917518771952018,12.763180704577975,76.22962951660156,8542.97607421875,9454.0
dynamic,tum,rgbd_dataset_freiburg3_sitting_static,K6,k6,anchor_recent_dino_diverse_k6,6,ok,,50,0.0468006365998717,0.013756493250377397,0.032649427995394734,0.003482213294746143,0.589153820234124,0.6393762397017099,0.03972503229763322,ok,,0.009967451633584423,0.008516616910392323,0.23416197086981644,0.9423429524835986,0.03373996301404823,4.5718447510153055,10.936504348468112,81.91078186035156,8937.34912109375,9952.0
dynamic,tum,rgbd_dataset_freiburg3_sitting_static,K8,k8,anchor_recent_dino_diverse_k8,8,ok,,50,0.054983419829132046,0.021152460405316036,0.030204469754636736,0.0037242497422890226,0.5790231363472618,0.6210502681233012,0.04259394479188439,ok,,0.009234900637786717,0.007474669030980656,0.23308273005095578,0.8931346227914309,0.036886294973972555,4.485394740942866,11.147290904766523,91.83232116699219,9333.31201171875,10448.0
dynamic,tum,rgbd_dataset_freiburg3_sitting_xyz,Full cache,full_cache,full_cache,,ok,,50,0.1770562398343885,0.05248170057398209,0.0669891355251278,0.005450209465757396,0.5792099339715754,0.6248456045304935,0.12202268767975816,ok,,0.010594578969285413,0.011028832367671137,0.28317643876249105,0.6673274211089754,0.04296705725759643,9.450303211109713,5.290835530146835,272.3563537597656,13152.41845703125,20842.0
dynamic,tum,rgbd_dataset_freiburg3_sitting_xyz,K4,k4,anchor_recent_dino_diverse_k4,4,ok,,50,0.1974260741604545,0.06124180306830118,0.09093505222462585,0.0057936816823016815,0.5755754206563848,0.6174604419634981,0.14418056319254016,ok,,0.015508730120004432,0.014637487142898423,0.2761660341368226,0.6597625592186767,0.046384697515195965,3.8545516051817685,12.9716774145101,76.88601684570312,8542.97607421875,9454.0
dynamic,tum,rgbd_dataset_freiburg3_sitting_xyz,K6,k6,anchor_recent_dino_diverse_k6,6,ok,,50,0.20337554388693888,0.07691950826361914,0.09372221186467321,0.00720729300836939,0.5703091087639567,0.6006275077102381,0.14854887787580603,ok,,0.020452684709192422,0.013373604677987492,0.28381037050747265,0.5734882674758028,0.04601556955564216,4.076369798043743,12.265815536165313,81.48480224609375,8937.34912109375,9952.0
dynamic,tum,rgbd_dataset_freiburg3_sitting_xyz,K8,k8,anchor_recent_dino_diverse_k8,8,ok,,50,0.20961013794798308,0.07860097382345933,0.09105630413249748,0.009654448812659346,0.5760737057474445,0.6203894502728362,0.15033322104024027,ok,,0.02135847729514614,0.013673411968762235,0.2912200004741448,0.5650362212660737,0.04682543672300724,4.4338036889676005,11.276999052622099,89.96691131591797,9332.56591796875,10426.0
dynamic,tum,rgbd_dataset_freiburg3_walking_halfsphere,Full cache,full_cache,full_cache,,ok,,50,0.12611542100591383,0.05071613995816551,0.08692781745485079,0.016390679659673234,0.6119803827263355,0.6766188947161331,0.10652161923038231,ok,,0.044326712261281605,0.017098448100907396,0.3935241031710389,0.6513949834821033,0.041100164719676535,9.129610494943336,5.4766849065131264,270.43023681640625,13152.41845703125,20842.0
dynamic,tum,rgbd_dataset_freiburg3_walking_halfsphere,K4,k4,anchor_recent_dino_diverse_k4,4,ok,,50,0.11258185006971438,0.044670349317775804,0.042997021618873206,0.012001951394739141,0.6136675504617874,0.6801552175740043,0.07778943584429379,ok,,0.04077073857654673,0.024658615866853452,0.43157509857538645,0.719267866826141,0.04252550627583143,3.928764095995575,12.726648579120061,78.61555480957031,8542.97607421875,9454.0
dynamic,tum,rgbd_dataset_freiburg3_walking_halfsphere,K6,k6,anchor_recent_dino_diverse_k6,6,ok,,50,0.14027461012218895,0.058512847635669454,0.03876887695507213,0.014693322023802725,0.609728373387707,0.6724794110940618,0.08952174353863054,ok,,0.04812867490301747,0.024150112370829698,0.4363072444999448,0.6148498582806773,0.040977596370376936,4.088214581133798,12.230277791860264,83.86764526367188,8937.34912109375,9952.0
dynamic,tum,rgbd_dataset_freiburg3_walking_halfsphere,K8,k8,anchor_recent_dino_diverse_k8,8,ok,,50,0.1957505530226238,0.0839535598639227,0.03916805272030882,0.016166722324193326,0.6128910318618657,0.6773788942534984,0.11745930287146632,ok,,0.05427179160628066,0.024194805752087677,0.40739329071461206,0.5262161517723568,0.0377676863823365,4.432496639201418,11.280324401781897,89.2047348022461,9332.56591796875,10426.0
dynamic,tum,rgbd_dataset_freiburg3_walking_rpy,Full cache,full_cache,full_cache,,ok,,50,0.06178287924552698,0.011512058049491413,0.05272269209272853,0.00533630312137216,0.6229260647228645,0.6979382677339707,0.057252785669127754,ok,,0.03449321509775573,0.018285577067663657,0.4169410186206395,0.8893426312283039,0.030634179333062873,8.123029940994456,6.155338631421908,269.1092529296875,13152.41845703125,20842.0
dynamic,tum,rgbd_dataset_freiburg3_walking_rpy,K4,k4,anchor_recent_dino_diverse_k4,4,ok,,50,0.10601874332382183,0.031194402760347944,0.06921444178653176,0.007925961221601274,0.6174670435947069,0.6893844853392253,0.08761659255517679,ok,,0.024275191398932836,0.018147966710723988,0.447707241342433,0.7782820225113083,0.03832204076011021,3.8493506929371506,12.989203631599684,77.29357147216797,8542.97607421875,9454.0
dynamic,tum,rgbd_dataset_freiburg3_walking_rpy,K6,k6,anchor_recent_dino_diverse_k6,6,ok,,50,0.12338652356823734,0.04679720366870645,0.07209609153660196,0.009661435145152334,0.618555142426364,0.6920278081820765,0.09774130755241965,ok,,0.03214328359188478,0.021802989271248553,0.4659667248268505,0.6839444756127494,0.041489473836685775,4.585445103934035,10.904066860838226,81.31072235107422,8937.34912109375,9952.0
dynamic,tum,rgbd_dataset_freiburg3_walking_rpy,K8,k8,anchor_recent_dino_diverse_k8,8,ok,,50,0.09485125048093869,0.04231986023223542,0.05584226252253838,0.009850981719012095,0.6317717111792961,0.7106914192763275,0.07534675650173853,ok,,0.0339455825365428,0.021038682116902206,0.43252922980462316,0.7223745573126688,0.04206488681800243,5.073467635083944,9.855192463285068,89.45970916748047,9332.56591796875,10426.0
dynamic,tum,rgbd_dataset_freiburg3_walking_static,Full cache,full_cache,full_cache,,ok,,50,0.02513244392330125,0.014526024273635803,0.014015066361064721,0.004815660692421469,0.5900515581439741,0.6381275345254076,0.019573755142182986,ok,,0.009217046830692441,0.00583491219307432,0.25680888314799954,0.9765458827642098,0.03125332392215981,8.607671095989645,5.808772133881282,268.2562561035156,13152.41845703125,20842.0
dynamic,tum,rgbd_dataset_freiburg3_walking_static,K4,k4,anchor_recent_dino_diverse_k4,4,ok,,50,0.03538469072241658,0.021037045324182595,0.017168950807259265,0.005542364878275765,0.6034596257168847,0.6611238933281243,0.02627682076483792,ok,,0.007369145914036108,0.005485432327144024,0.24733965938967326,0.9260678222442686,0.03569198225392788,4.436165543040261,11.27099507781967,76.9280014038086,8542.97607421875,9454.0
dynamic,tum,rgbd_dataset_freiburg3_walking_static,K6,k6,anchor_recent_dino_diverse_k6,6,ok,,50,0.04635255747599014,0.023675782363169105,0.01941156025157525,0.0054943939294924745,0.598426230472249,0.6526148552198681,0.0328820588637827,ok,,0.0076510908586335255,0.005201136229874614,0.24769853239931852,0.8663417152563029,0.036822292843561415,4.057160270167515,12.323890768538845,81.22806549072266,8937.34912109375,9952.0
dynamic,tum,rgbd_dataset_freiburg3_walking_static,K8,k8,anchor_recent_dino_diverse_k8,8,ok,,50,0.0466521166672579,0.02448653057184669,0.02070214063313674,0.0065356278973637645,0.6081724624977446,0.6689825428978655,0.03367712865019732,ok,,0.007881075770493318,0.005109466975673105,0.24995170603470787,0.8590604515629672,0.03720162932036521,4.461445434950292,11.207130229209467,89.55699157714844,9333.31201171875,10448.0
dynamic,tum,rgbd_dataset_freiburg3_walking_xyz,Full cache,full_cache,full_cache,,ok,,50,0.09369367430110032,0.0125524254258878,0.03705083092158739,0.005340228620241724,0.5947781993088992,0.654060753651662,0.06537225261134386,ok,,0.014236445268858264,0.011447740390368714,0.2840985701209867,0.8619112886484664,0.026974399670125257,8.54780590813607,5.849454297085575,268.17437744140625,13152.41845703125,20842.0
dynamic,tum,rgbd_dataset_freiburg3_walking_xyz,K4,k4,anchor_recent_dino_diverse_k4,4,ok,,50,0.11009245010069858,0.01918674681205138,0.04331158599430156,0.005633324925262624,0.604317241129466,0.6703663422161843,0.07670201804750007,ok,,0.014083348341607942,0.013095159866860606,0.29270007591457053,0.880195291090908,0.03474246833667799,4.473264258122072,11.177519841179823,77.59667205810547,8542.97607421875,9454.0
dynamic,tum,rgbd_dataset_freiburg3_walking_xyz,K6,k6,anchor_recent_dino_diverse_k6,6,ok,,50,0.10588114511084386,0.014902910995361089,0.043052068996063245,0.0051412079613744124,0.5980475002874418,0.6576089961334677,0.07446660705345355,ok,,0.01526256900910275,0.01271385592743605,0.2876026072774161,0.8712693486619989,0.03221363655055117,4.665479514049366,10.717012013327414,81.29843139648438,8937.34912109375,9952.0
dynamic,tum,rgbd_dataset_freiburg3_walking_xyz,K8,k8,anchor_recent_dino_diverse_k8,8,ok,,50,0.12172343844271155,0.02597386360995551,0.04394171116974733,0.006222173934926028,0.5990010009577069,0.6592040970105444,0.08283257480622944,ok,,0.01806253064110883,0.012426893219895018,0.28760608957597295,0.8410423979008206,0.038242920578753246,4.423581977142021,11.303057173658145,93.00787353515625,9332.56591796875,10426.0
static,7scenes,chess/seq-03,Full cache,full_cache,full_cache,,ok,,20,0.023795053992054203,0.013310341191165195,0.02275800383336922,0.0075946108490430285,0.7082771324334747,0.8182488632848575,0.02327652891271171,ok,,0.05208192980254126,0.053599408431003616,1.8001752172846723,0.968870371571234,0.02775825055085007,2.1979922021273524,9.099213355098698,132.69606018066406,9429.16748046875,10700.0
static,7scenes,chess/seq-03,K4,k4,anchor_recent_dino_diverse_k4,4,ok,,20,0.037755021598474735,0.023875256613727257,0.025312342673572567,0.010124041851464434,0.6885831748301927,0.7922701084625288,0.03153368213602365,ok,,0.06248359964349493,0.07285392605697746,1.89394810683596,0.9206396040031991,0.0396404158758525,1.9573266878724098,10.218018343038972,81.51347351074219,8259.24365234375,9116.0
static,7scenes,chess/seq-03,K6,k6,anchor_recent_dino_diverse_k6,6,ok,,20,0.035746526891414165,0.0233080558263703,0.023987259205525753,0.009461510082248494,0.6908781726695975,0.7965853247983359,0.02986689304846996,ok,,0.05758582495963736,0.060983497980395505,1.9011317915700032,0.9284384929641398,0.03669991949176584,1.9878008670639247,10.061369995044293,84.21683502197266,8649.71044921875,9706.0
static,7scenes,chess/seq-03,K8,k8,anchor_recent_dino_diverse_k8,8,ok,,20,0.03619515188473662,0.024138529956000195,0.023850235483728388,0.009486722559187586,0.6940553925816915,0.8003995804906892,0.030022693684232504,ok,,0.05835610918832869,0.06151216835138246,1.925043961228565,0.9311069321055703,0.03778665692877533,2.075961590046063,9.634089617022358,88.8637466430664,9047.68896484375,10160.0
static,7scenes,chess/seq-05,Full cache,full_cache,full_cache,,ok,,8,0.03580605373977316,0.022007877688233535,0.0392946593146236,0.017010007791520336,0.7672352845803833,0.8901447982783242,0.037550356527198375,ok,,0.03592315900452,0.05381873265229899,2.1131759568366335,0.940841513650905,0.03518772990981297,0.6317104229237884,12.664030400152422,81.86396789550781,8044.9365234375,8950.0
static,7scenes,chess/seq-05,K4,k4,anchor_recent_dino_diverse_k4,4,ok,,8,0.03507834469588365,0.019968206871850767,0.039119369628209444,0.017209684566579557,0.764021379813977,0.8877315368005944,0.03709885716204654,ok,,0.035844658189661656,0.05430662349769144,2.1465920562222474,0.9343556904334107,0.03437802570403051,0.7378885289654136,10.841745990030125,77.90489959716797,8143.31396484375,8896.0
static,7scenes,chess/seq-05,K6,k6,anchor_recent_dino_diverse_k6,6,ok,,8,0.03658057947215804,0.023131860141568594,0.03961777331457595,0.01675309542144123,0.7676105801704747,0.8896398139060366,0.03809917639336699,ok,,0.03694164665819395,0.05478749671527932,2.1143722881543976,0.9422602874797318,0.035883700207631805,0.6455037188716233,12.39342201464687,85.12531280517578,8533.80029296875,9454.0
static,7scenes,chess/seq-05,K8,k8,anchor_recent_dino_diverse_k8,8,ok,,8,0.03580605373977316,0.022007877688233535,0.0392946593146236,0.017010007791520336,0.7672352845803833,0.8901447982783242,0.037550356527198375,ok,,0.03592315900452,0.05381873265229899,2.1131759568366335,0.940841513650905,0.03518772990981297,0.6643700809217989,12.041481441939974,86.38771057128906,8828.416015625,9666.0
static,7scenes,fire/seq-03,Full cache,full_cache,full_cache,,ok,,20,0.011349821931026112,0.00623130064949544,0.013738624313782645,0.006575765274160453,0.7284379934007001,0.8441894385866155,0.012544223122404378,ok,,0.028095757871133765,0.029635045827001424,1.397578205755813,0.9945486740634638,0.0167948254753959,2.546057797037065,7.855281220746319,133.66476440429688,9428.69287109375,10630.0
static,7scenes,fire/seq-03,K4,k4,anchor_recent_dino_diverse_k4,4,ok,,20,0.012518522214096951,0.007373086470865298,0.013769035743845272,0.0068318447544347015,0.7288071107260129,0.8448935522901887,0.01314377897897111,ok,,0.028249247765894565,0.032556741573855574,1.429282003712891,0.9951452258605205,0.01794479387882567,1.553030373994261,12.878048192040001,77.42668914794922,8259.46044921875,9046.0
static,7scenes,fire/seq-03,K6,k6,anchor_recent_dino_diverse_k6,6,ok,,20,0.012334148099576305,0.007044299257467424,0.013614087225453686,0.006743067723917825,0.7310591842228333,0.8449585577912712,0.012974117662514995,ok,,0.030156735300113934,0.03255467804231306,1.3943329899357104,0.9950272510648338,0.017868355033979846,1.6274651889689267,12.289049336084977,83.34950256347656,8649.32373046875,9630.0
static,7scenes,fire/seq-03,K8,k8,anchor_recent_dino_diverse_k8,8,ok,,20,0.01240003398365259,0.007252282643880551,0.013293552750545824,0.006439096831471784,0.7351175436386375,0.8495905898872982,0.012846793367099207,ok,,0.027887452463592925,0.030529610533764222,1.3786884855720387,0.9946811174661685,0.017746702188946605,2.3601757721044123,8.473945134250457,89.21395111083984,9047.54443359375,10040.0
static,7scenes,fire/seq-04,Full cache,full_cache,full_cache,,ok,,20,0.02820326059240868,0.021032046896052828,0.021490950170841176,0.016739991798833315,0.7426492421883575,0.8606089377172643,0.024847105381624927,ok,,0.039097838243923086,0.04537994122750772,1.6265692794931559,0.9807297697653904,0.03384064941266513,1.9420151920057833,10.298580609631214,134.38589477539062,9428.69287109375,10630.0
static,7scenes,fire/seq-04,K4,k4,anchor_recent_dino_diverse_k4,4,ok,,20,0.032418845402643365,0.022379536272707633,0.021104893248298888,0.012674044609216662,0.7343281588802517,0.8485955228513562,0.026761869325471126,ok,,0.053147219525635066,0.061455007593443384,1.6651924790720318,0.953844891825637,0.036337932299901315,1.977147252066061,10.115584450829642,78.24691009521484,8259.46044921875,9046.0
static,7scenes,fire/seq-04,K6,k6,anchor_recent_dino_diverse_k6,6,ok,,20,0.03136572853688427,0.019874644071110874,0.018355496117374248,0.009646224835700549,0.7302147151598549,0.8464646559427809,0.02486061232712926,ok,,0.05731469658862221,0.057115862844539476,1.7071338797505433,0.9394370986111739,0.034606927839424574,1.615353001980111,12.381194683443098,81.58233642578125,8649.32373046875,9630.0
static,7scenes,fire/seq-04,K8,k8,anchor_recent_dino_diverse_k8,8,ok,,20,0.027964357923039404,0.018849898305088895,0.018085896963113204,0.00908158707287506,0.7423623560118072,0.8589937080933845,0.023025127443076304,ok,,0.04976611224860282,0.05017615290446045,1.632015039044026,0.970435431829584,0.03358652599445774,1.7069768030196428,11.716620849574516,88.22476959228516,9047.54443359375,10040.0
static,7scenes,heads/seq-01,Full cache,full_cache,full_cache,,ok,,20,0.02553195992873232,0.0203379511230514,0.019051016553246234,0.014209108903624233,0.7722481754871129,0.8905148812270893,0.022291488240989275,ok,,0.0313650949583694,0.037444588824052216,1.778570502623052,0.9925360053924273,0.03187548602633654,1.929512003902346,10.365315146809637,132.75750732421875,9428.69287109375,10630.0
static,7scenes,heads/seq-01,K4,k4,anchor_recent_dino_diverse_k4,4,ok,,20,0.017689361082374733,0.01320289638629342,0.014278003102050565,0.008546498182555968,0.8014527623007935,0.9094156801991239,0.01598368209221265,ok,,0.0407075406856384,0.05115409257934817,1.677235007330357,0.9955557176316139,0.023366244728609542,1.549002488143742,12.911535102804864,76.82355499267578,8259.46044921875,9046.0
static,7scenes,heads/seq-01,K6,k6,anchor_recent_dino_diverse_k6,6,ok,,20,0.021637874649404913,0.01672373773973863,0.013965691340139225,0.009147121621662212,0.7988376979858878,0.9071652300325845,0.01780178299477207,ok,,0.03603982113152885,0.04293133308405214,1.7146453861599669,0.9943852409358638,0.02748930581647435,1.6247376899700612,12.3096793552986,81.80633544921875,8649.32373046875,9630.0
static,7scenes,heads/seq-01,K8,k8,anchor_recent_dino_diverse_k8,8,ok,,20,0.027329197787216437,0.02214331031206773,0.018920045776838205,0.012953927293237634,0.7807180422640532,0.8969746643967883,0.023124621782027323,ok,,0.03791821323277667,0.04273146421813352,2.0378220056486502,0.9922572084307261,0.03372354264117591,1.7127528011333197,11.677108329214876,88.48588562011719,9047.54443359375,10040.0
static,7scenes,office/seq-02,Full cache,full_cache,full_cache,,ok,,20,0.03608744581362635,0.024891002889205708,0.032313208842510446,0.019556301760544084,0.7386018480229828,0.8569196228930096,0.034200327328068394,ok,,0.12092245794568113,0.10764703234999973,2.7758127644580686,0.934785083364234,0.03809750787103663,2.484473975840956,8.04999375903316,353.4468994140625,9428.69287109375,10630.0
static,7scenes,office/seq-02,K4,k4,anchor_recent_dino_diverse_k4,4,ok,,20,0.16497344071260794,0.070676311976504,0.09875125976780522,0.047663746103421785,0.6545578665165646,0.75602357941868,0.1318623502402066,ok,,0.21516493121798283,0.316217230336041,49.28137094769185,0.5939412860622304,0.04631109077482822,1.556377651868388,12.850351568586555,78.83878326416016,8259.46044921875,9046.0
static,7scenes,office/seq-02,K6,k6,anchor_recent_dino_diverse_k6,6,ok,,20,0.0851995802984587,0.04060714690871389,0.050235937437649036,0.028484649968620986,0.7010301236201992,0.8213627298873651,0.06771775886805387,ok,,0.19862396648553243,0.274463946926979,3.9767306603493786,0.7692806207037242,0.041797636136728905,1.6131425308994949,12.398160495370435,81.9056625366211,8649.32373046875,9630.0
static,7scenes,office/seq-02,K8,k8,anchor_recent_dino_diverse_k8,8,ok,,20,0.046850275227697295,0.03529070480338778,0.038819566517023375,0.026445378582233996,0.7242660503539763,0.8426252301812158,0.042834920872360335,ok,,0.1262141095054783,0.11521095175679312,2.846350913623282,0.8921545312431318,0.04383032805499037,1.709484385093674,11.699434153593668,88.81049346923828,9047.54443359375,10040.0
static,7scenes,office/seq-06,Full cache,full_cache,full_cache,,failed,ValueError: reconstruction evaluation requires at least two frames,,,,,,,,,,,,,,,,,,,,
static,7scenes,office/seq-06,K4,k4,anchor_recent_dino_diverse_k4,4,failed,ValueError: reconstruction evaluation requires at least two frames,,,,,,,,,,,,,,,,,,,,
static,7scenes,office/seq-06,K6,k6,anchor_recent_dino_diverse_k6,6,failed,ValueError: reconstruction evaluation requires at least two frames,,,,,,,,,,,,,,,,,,,,
static,7scenes,office/seq-07,Full cache,full_cache,full_cache,,failed,ValueError: reconstruction evaluation requires at least two frames,,,,,,,,,,,,,,,,,,,,
static,7scenes,office/seq-07,K4,k4,anchor_recent_dino_diverse_k4,4,failed,ValueError: reconstruction evaluation requires at least two frames,,,,,,,,,,,,,,,,,,,,
static,7scenes,office/seq-07,K6,k6,anchor_recent_dino_diverse_k6,6,failed,ValueError: reconstruction evaluation requires at least two frames,,,,,,,,,,,,,,,,,,,,
static,7scenes,office/seq-09,Full cache,full_cache,full_cache,,failed,ValueError: reconstruction evaluation requires at least two frames,,,,,,,,,,,,,,,,,,,,
static,7scenes,office/seq-09,K4,k4,anchor_recent_dino_diverse_k4,4,failed,ValueError: reconstruction evaluation requires at least two frames,,,,,,,,,,,,,,,,,,,,
static,7scenes,office/seq-09,K6,k6,anchor_recent_dino_diverse_k6,6,failed,ValueError: reconstruction evaluation requires at least two frames,,,,,,,,,,,,,,,,,,,,
static,7scenes,pumpkin/seq-01,Full cache,full_cache,full_cache,,ok,,20,0.04954214629195324,0.017204908549365263,0.036086511585517705,0.016528925436058918,0.7789198878671788,0.8782079902267776,0.04281432893873548,ok,,0.12620397146829046,0.1701338025812441,2.6208816013640455,0.8829690109482279,0.028727007604383223,1.9475319900084287,10.269407692714429,134.30169677734375,9428.69287109375,10630.0
static,7scenes,pumpkin/seq-01,K4,k4,anchor_recent_dino_diverse_k4,4,ok,,20,0.054738765367225356,0.029670901144411385,0.039376690669282184,0.019729360557562303,0.7815537150719583,0.8798004223195444,0.04705772801825377,ok,,0.13946439859307075,0.18107550160764924,2.7180750708152943,0.8320702665924414,0.03991099515193879,1.5642460728995502,12.785712137302788,76.13849639892578,8259.46044921875,9046.0
static,7scenes,pumpkin/seq-01,K6,k6,anchor_recent_dino_diverse_k6,6,ok,,20,0.05862194407155607,0.02775961772163453,0.03939207640334241,0.020179302888759264,0.7810379434008266,0.8783857346610033,0.049007010237449244,ok,,0.12988061474349466,0.16675050384118983,2.680275874543514,0.8224692274386095,0.03921936159490256,1.6197586960624903,12.347518212816805,81.74079895019531,8649.32373046875,9630.0
static,7scenes,pumpkin/seq-01,K8,k8,anchor_recent_dino_diverse_k8,8,ok,,20,0.06416055037011681,0.03466038316937256,0.044374472964791724,0.02542615500239643,0.7809362138816649,0.8791489914373392,0.05426751166745426,ok,,0.13130522139870068,0.1739384568602436,2.664747010353872,0.794841343477454,0.040032832853441225,1.7315014170017093,11.55066914968644,89.18323516845703,9047.54443359375,10040.0
static,7scenes,pumpkin/seq-07,Full cache,full_cache,full_cache,,ok,,20,0.0268894610851237,0.01467340226448885,0.018393239016950554,0.011247896034714652,0.7797733510946596,0.8806534885103718,0.022641350051037127,ok,,0.08279804516947076,0.08370396545209043,3.0993543272097264,0.9750001963893536,0.030477042968482193,1.9258168970700353,10.385203302779345,132.57830810546875,9428.69287109375,10630.0
static,7scenes,pumpkin/seq-07,K4,k4,anchor_recent_dino_diverse_k4,4,ok,,20,0.029970719975121636,0.02072280559630158,0.021879608192180294,0.014910038492661065,0.7836363876394156,0.8831533095135529,0.025925164083650965,ok,,0.08528421093772103,0.08864150563659247,3.096634369311392,0.9743930727302721,0.03320726151043749,1.5746194149833173,12.701481900762602,78.78467559814453,8259.46044921875,9046.0
static,7scenes,pumpkin/seq-07,K6,k6,anchor_recent_dino_diverse_k6,6,ok,,20,0.03012161616237166,0.020490525466670167,0.02150187012053225,0.016182171419253353,0.7877300946668666,0.8857154590813388,0.025811743141451956,ok,,0.08159841254710659,0.08462728611240009,3.1194376337748695,0.9727074909632841,0.033152532712131456,1.6222131161484867,12.328836329153026,81.7807388305664,8649.32373046875,9630.0
static,7scenes,pumpkin/seq-07,K8,k8,anchor_recent_dino_diverse_k8,8,ok,,20,0.030855702373985,0.01915784128343494,0.020113931339157093,0.012508967454943322,0.7851669179682581,0.8866090855931814,0.025484816856571047,ok,,0.0787418311204644,0.08135406409334967,3.0985110231757163,0.9677932682218459,0.03374323669099788,1.7068554270081222,11.717454028931549,89.18937683105469,9047.54443359375,10040.0
static,7scenes,redkitchen/seq-03,Full cache,full_cache,full_cache,,ok,,20,0.05109929813035629,0.027937469653347678,0.03028226854861075,0.015263154934798311,0.7388838669058603,0.8611154835687542,0.04069078333948352,ok,,0.06837150997197321,0.056333736770198845,1.905546768601953,0.8715848066006177,0.0368204926020922,1.9199771201238036,10.416790799418674,134.15834045410156,9428.69287109375,10630.0
static,7scenes,redkitchen/seq-03,K4,k4,anchor_recent_dino_diverse_k4,4,ok,,20,0.057300740073354645,0.02894288029602836,0.029346151039423,0.019873640538987096,0.7376685969880181,0.8606394880472906,0.043323445556388826,ok,,0.3404840532324141,0.42022235585534473,6.916611010120787,0.8609335505652427,0.03755928227789995,1.545433291932568,12.941354443704233,76.69964599609375,8259.46044921875,9046.0
static,7scenes,redkitchen/seq-03,K6,k6,anchor_recent_dino_diverse_k6,6,ok,,20,0.06104599690556899,0.03177459774096941,0.030463872103293387,0.018705156113067976,0.7317335977748946,0.8558797754445673,0.04575493450443119,ok,,0.08107650564646571,0.06679251740740719,1.9568857941950908,0.8445068728706103,0.03801164650132971,1.6252161550801247,12.306055374531999,81.94969940185547,8649.32373046875,9630.0
static,7scenes,redkitchen/seq-03,K8,k8,anchor_recent_dino_diverse_k8,8,ok,,20,0.06631393515637597,0.037269035370123604,0.03360900270480726,0.017687153029769306,0.7296279471760616,0.8501083400622877,0.04996146893059161,ok,,0.08550500486863684,0.06767312055528406,1.9460009642418972,0.8358639424739482,0.04201863226653632,1.715584740974009,11.657832762399813,89.6688003540039,9047.54443359375,10040.0
static,7scenes,redkitchen/seq-04,Full cache,full_cache,full_cache,,ok,,20,0.05376139622883383,0.03331642864149619,0.04103185139683654,0.017367045448401564,0.7052299508805826,0.8135420838560747,0.04739662381283519,ok,,0.09846108974969364,0.07205022695530851,1.9431252964260204,0.8322025185188467,0.04229568281411358,1.9251370958518237,10.38887050854449,133.32684326171875,9428.69287109375,10630.0
static,7scenes,redkitchen/seq-04,K4,k4,anchor_recent_dino_diverse_k4,4,ok,,20,0.1618674569106862,0.025748353910703445,0.05856635779695217,0.015194541609588292,0.7127054902778318,0.8229069297352073,0.1102169073538192,ok,,0.3173853614881304,0.319742364570655,22.07848621279388,0.8830925089242783,0.038057243724217094,1.5626481880899519,12.798786158288321,77.05097961425781,8259.46044921875,9046.0
static,7scenes,redkitchen/seq-04,K6,k6,anchor_recent_dino_diverse_k6,6,ok,,20,0.05619407352807908,0.03421834193488314,0.043670712185630435,0.016643875498137582,0.6992871385854434,0.8039997102523526,0.04993239285685476,ok,,0.11186297895488466,0.0704284407619369,1.8544298621176245,0.8177220322758627,0.042213089319415135,1.6364985520485789,12.221214601726276,82.22310638427734,8649.32373046875,9630.0
static,7scenes,redkitchen/seq-04,K8,k8,anchor_recent_dino_diverse_k8,8,ok,,20,0.06792542546468039,0.040382999857136365,0.04927811678272121,0.021537928325860108,0.6921281609886523,0.7949001075077597,0.0586017711237008,ok,,0.1293271057471981,0.08379157296094869,1.9934495480935326,0.7554902868842469,0.04258126741095171,1.7136765220202506,11.67081403229008,89.24262237548828,9047.54443359375,10040.0
static,7scenes,redkitchen/seq-06,Full cache,full_cache,full_cache,,failed,ValueError: reconstruction evaluation requires at least two frames,,,,,,,,,,,,,,,,,,,,
static,7scenes,redkitchen/seq-06,K4,k4,anchor_recent_dino_diverse_k4,4,failed,ValueError: reconstruction evaluation requires at least two frames,,,,,,,,,,,,,,,,,,,,
static,7scenes,redkitchen/seq-06,K6,k6,anchor_recent_dino_diverse_k6,6,failed,ValueError: reconstruction evaluation requires at least two frames,,,,,,,,,,,,,,,,,,,,
static,7scenes,redkitchen/seq-12,Full cache,full_cache,full_cache,,failed,ValueError: reconstruction evaluation requires at least two frames,,,,,,,,,,,,,,,,,,,,
static,7scenes,redkitchen/seq-12,K4,k4,anchor_recent_dino_diverse_k4,4,failed,ValueError: reconstruction evaluation requires at least two frames,,,,,,,,,,,,,,,,,,,,
static,7scenes,redkitchen/seq-12,K6,k6,anchor_recent_dino_diverse_k6,6,failed,ValueError: reconstruction evaluation requires at least two frames,,,,,,,,,,,,,,,,,,,,
static,7scenes,redkitchen/seq-14,Full cache,full_cache,full_cache,,failed,ValueError: reconstruction evaluation requires at least two frames,,,,,,,,,,,,,,,,,,,,
static,7scenes,redkitchen/seq-14,K4,k4,anchor_recent_dino_diverse_k4,4,failed,ValueError: reconstruction evaluation requires at least two frames,,,,,,,,,,,,,,,,,,,,
static,7scenes,redkitchen/seq-14,K6,k6,anchor_recent_dino_diverse_k6,6,failed,ValueError: reconstruction evaluation requires at least two frames,,,,,,,,,,,,,,,,,,,,
static,7scenes,stairs/seq-01,Full cache,full_cache,full_cache,,ok,,10,0.14177950437162004,0.06679180916716806,0.1363267839912773,0.03427150547260454,0.6286092221104249,0.7131829815135327,0.13905314418144865,ok,,0.18737828375345456,0.14108608228959008,1.3695686827889575,0.6138534108196255,0.047511307518527356,0.8001390451099724,12.497827797699317,88.29747009277344,8260.5537109375,9228.0
static,7scenes,stairs/seq-01,K4,k4,anchor_recent_dino_diverse_k4,4,ok,,10,0.18918522108505195,0.10972273242467213,0.1422901428478038,0.048017046829789314,0.5962717535419031,0.6603271029683726,0.16573768196642788,ok,,0.33418902240936216,0.25845043574301124,1.8094100695351663,0.47024767158069847,0.05061439307897092,0.7856771999504417,12.727873483703958,78.9217300415039,8160.60107421875,8902.0
static,7scenes,stairs/seq-01,K6,k6,anchor_recent_dino_diverse_k6,6,ok,,10,0.15982720213241675,0.09560300736994343,0.14727710062718768,0.04204285243894945,0.6104879128409034,0.6831509469367214,0.15355215137980222,ok,,0.2086987524974141,0.17821370423850977,1.384251779604295,0.5120267918705059,0.04885605315729155,0.7977273128926754,12.535611904447077,82.44137573242188,8554.20654296875,9518.0
static,7scenes,stairs/seq-01,K8,k8,anchor_recent_dino_diverse_k8,8,ok,,10,0.14473119049236638,0.06874580143228948,0.13928670278286986,0.0356279717344252,0.6180177796118689,0.6920761625413052,0.14200894663761812,ok,,0.19320582301348074,0.1467761904778019,1.2691515211739501,0.6083899705595868,0.048251592690699674,0.8343308810144663,11.985652488184256,88.85964965820312,8950.82958984375,9936.0
static,7scenes,stairs/seq-04,Full cache,full_cache,full_cache,,ok,,10,0.049730442578241156,0.03762080855955119,0.09753979091058186,0.024481411252575223,0.7358684893844423,0.8452844920584357,0.0736351167444115,ok,,0.04858127517228441,0.06313294966566627,1.332014865184043,0.8706683687467264,0.043393170701952796,0.8025069509167224,12.460951258524013,88.94464111328125,8260.5537109375,9228.0
static,7scenes,stairs/seq-04,K4,k4,anchor_recent_dino_diverse_k4,4,ok,,10,0.05471004574896645,0.04498731701242898,0.10363081713949791,0.035721979982103184,0.73583487105858,0.8461180519290612,0.07917043144423218,ok,,0.05491735627353871,0.07056606116075778,1.2199296685323437,0.8736001487430531,0.04808088832888014,0.792541204020381,12.617640507865431,78.10765075683594,8160.60107421875,8902.0
static,7scenes,stairs/seq-04,K6,k6,anchor_recent_dino_diverse_k6,6,ok,,10,0.05767968952113885,0.04854394830846812,0.10242560585190731,0.03147689974547888,0.7377466377423316,0.8492304791761343,0.08005264768652308,ok,,0.05092691856641358,0.0648767230206464,1.335483058780957,0.8444909518421692,0.04916833245226683,0.8143725851550698,12.279391745604793,82.22013092041016,8554.20654296875,9518.0
static,7scenes,stairs/seq-04,K8,k8,anchor_recent_dino_diverse_k8,8,ok,,10,0.04948208527563778,0.037508662677687106,0.09718177282771799,0.023945684910134987,0.736306646715474,0.8462354524220657,0.07333192905167789,ok,,0.04900728468060087,0.06413659144971896,1.329120834213111,0.8720877765407717,0.04329473852452364,0.8208624781109393,12.182308567706885,87.81311798095703,8950.82958984375,9936.0
static,eth3d,courtyard,Full cache,full_cache,full_cache,,ok,,10,1.595967227171824,1.340866693221102,1.193253364089103,1.0961826860751103,0.7979035849608794,0.9443660077710097,1.3946102956304633,ok,,3.480493973138874,7.606144272843601,85.0190080409667,0.02158492979447077,0.06210187360766149,0.7973804378416389,12.541065124532208,88.5772476196289,8260.5537109375,9228.0
static,eth3d,courtyard,K4,k4,anchor_recent_dino_diverse_k4,4,ok,,10,1.6076925004028952,1.6096350226112026,1.223167684463402,1.1954937926273472,0.7856068391473582,0.9515940150133879,1.4154300924331487,ok,,3.552106377152833,7.533232940858694,77.00601651506562,0.08990086921131428,0.04662470664778401,0.8338157569523901,11.993057119177214,81.36396789550781,8160.60107421875,8902.0
static,eth3d,courtyard,K6,k6,anchor_recent_dino_diverse_k6,6,ok,,10,1.5614396017904417,1.1330907728746136,1.167136375357415,0.8552670959979216,0.7967506741932378,0.9399218437285928,1.3642879885739285,ok,,3.5292444799220095,7.540710720162791,84.62499234490933,0.024942585540277333,0.06472877167371864,0.8056597509421408,12.412187636661718,84.9807357788086,8554.20654296875,9518.0
static,eth3d,courtyard,K8,k8,anchor_recent_dino_diverse_k8,8,ok,,10,1.595750703578103,1.3368928148975145,1.192845968129732,1.0874295001898535,0.797966869784442,0.9436278148132143,1.3942983358539176,ok,,3.481215488735143,7.605928737811646,85.01938469531686,0.021672141632024185,0.06223269539749783,0.8295313462149352,12.054999543572348,88.42752075195312,8950.82958984375,9936.0
static,eth3d,delivery_area,Full cache,full_cache,full_cache,,ok,,10,2.3706689424100436,2.14085315927841,1.7787814248129152,1.7848519913549583,0.7120262255979031,0.9416151125749759,2.0747251836114793,ok,,1.2726615611420233,3.0032844887784766,68.98969452505789,0.004261363636363636,0.06689984449127787,0.7976974819321185,12.536080690362475,88.56473541259766,8260.5537109375,9228.0
static,eth3d,delivery_area,K4,k4,anchor_recent_dino_diverse_k4,4,ok,,10,3.3289793328017594,2.603611202866708,2.963292897325293,2.1215074733750345,0.6294502638736053,0.8730074281265701,3.146136115063526,ok,,1.2264085198471104,3.2898578039114037,73.26906086295764,0.0027196507760532153,0.06582176602443048,0.7973323510959744,12.541821470374913,78.51315307617188,8160.60107421875,8902.0
static,eth3d,delivery_area,K6,k6,anchor_recent_dino_diverse_k6,6,ok,,10,2.3170645310277846,2.10103725505833,1.5831610925891584,1.676864745298953,0.7234704401035619,0.9451411976431384,1.9501128118084714,ok,,1.7486728853316782,3.1029224319587687,71.4320686574788,0.003637749445676275,0.06514398072265459,0.8056494360789657,12.412346551955943,81.74285125732422,8554.20654296875,9518.0
static,eth3d,delivery_area,K8,k8,anchor_recent_dino_diverse_k8,8,ok,,10,2.37020581640628,2.1537423843289165,1.7760680307432524,1.7795671001465583,0.7095052336853584,0.9374399872700233,2.073136923574766,ok,,1.3670426325892389,2.994356575021902,69.22076915039074,0.00414010532150776,0.06567714299141114,0.8678919030353427,11.522172248670898,88.49100494384766,8950.82958984375,9936.0
static,eth3d,electro,Full cache,full_cache,full_cache,,ok,,10,0.46190381945470604,0.2556262889158973,0.5392788692484053,0.15318830250471646,0.9120589588530894,0.996722730392039,0.5005913443515557,ok,,1.0759774522842722,1.5006860762143448,6.776619506621375,0.28481602740617074,0.0512191707523872,0.8134655440226197,12.293083675738249,89.21395111083984,8260.5537109375,9228.0
static,eth3d,electro,K4,k4,anchor_recent_dino_diverse_k4,4,ok,,10,0.47443125476692727,0.29059408389619656,0.6360291999836967,0.18835104574950864,0.9059439315371196,0.9960582454925848,0.555230227375312,ok,,1.207089554165856,1.8040970211102005,6.023495647292552,0.2339498276273281,0.05003856573253035,0.791502014035359,12.634206638358934,79.20025634765625,8160.60107421875,8902.0
static,eth3d,electro,K6,k6,anchor_recent_dino_diverse_k6,6,ok,,10,0.5035490230940811,0.27641602214134176,0.5528626898667803,0.1649948099566114,0.9180721662982625,0.9968404892580974,0.5282058564804307,ok,,0.8569985364776469,1.3694444568599349,6.807593413531641,0.2410507144250992,0.05657743782657257,0.80187002196908,12.47084904788422,81.81043243408203,8554.20654296875,9518.0
static,eth3d,electro,K8,k8,anchor_recent_dino_diverse_k8,8,ok,,10,0.4555455590859556,0.2460459524181432,0.5256077993853595,0.14969763097750233,0.9201828516827609,0.9969067812132146,0.49057667923565756,ok,,1.0044099163121993,1.433367193729224,6.774435920259037,0.29607987684568854,0.05231830346736977,0.8267610180191696,12.095393689410907,88.79718780517578,8950.82958984375,9936.0
static,eth3d,facade,Full cache,full_cache,full_cache,,ok,,10,1.660005356610556,1.6222342738497169,2.1856306541917947,1.0182497278760907,0.8141837849352006,0.9577986594130138,1.9228180054011754,ok,,1.962295280932818,2.347789234588497,38.593170916211335,0.13534217867206638,0.05994311137238367,0.8093311479315162,12.355881798887813,88.62822723388672,8260.5537109375,9228.0
static,eth3d,facade,K4,k4,anchor_recent_dino_diverse_k4,4,ok,,10,1.1300877404283707,0.5385258297295653,1.7162002052966454,0.3515481665165409,0.8435716369687207,0.9738206521244221,1.423143972862508,ok,,3.2707245858071925,4.535275016392122,38.56457436988785,0.13934948528058227,0.060373211519784,0.7776559321209788,12.859157356037906,77.43795013427734,8160.60107421875,8902.0
static,eth3d,facade,K6,k6,anchor_recent_dino_diverse_k6,6,ok,,10,1.706044157213933,1.7045821416496567,2.2412447757455403,1.028154912157635,0.8087052172758469,0.9568627970458419,1.9736444664797368,ok,,2.006254348786014,2.322454819587115,38.59149441090296,0.13333144532079694,0.05992020254492096,0.8032126929610968,12.450002455930244,81.24518585205078,8554.20654296875,9518.0
static,eth3d,facade,K8,k8,anchor_recent_dino_diverse_k8,8,ok,,10,1.6879401819044038,1.6390982970457764,2.194136499809531,1.0234208941229543,0.8110965110373178,0.9565750062889197,1.9410383408569674,ok,,1.9651721414355434,2.348374482346966,38.59310453092153,0.13287832231206015,0.05991899291274365,0.8319819611497223,12.019491367554318,90.03929901123047,8950.82958984375,9936.0
static,eth3d,kicker,Full cache,full_cache,full_cache,,ok,,10,0.08420829124292402,0.04285752146502772,0.050852842168787875,0.029928198449419588,0.9141989865308795,0.9966556875358974,0.06753056670585594,ok,,0.16981323587300695,0.24424329283844345,2.0717802784649804,0.7267291798237184,0.04199913632658873,0.8027501138858497,12.457176681786171,88.73072052001953,8260.5537109375,9228.0
static,eth3d,kicker,K4,k4,anchor_recent_dino_diverse_k4,4,ok,,10,0.07902091926244646,0.039208114571331214,0.04640103325955251,0.02720515619815925,0.9149487169902536,0.9964196570300927,0.06271097626099949,ok,,0.1712764538874292,0.2560929447775329,2.03884746325318,0.7500411872923474,0.04085453661970713,0.7761818619910628,12.883578565399592,76.9986572265625,8160.60107421875,8902.0
static,eth3d,kicker,K6,k6,anchor_recent_dino_diverse_k6,6,ok,,10,0.08373998062899018,0.04200162734560777,0.05017790554485964,0.029232473813784337,0.9140724614395578,0.9966362657321396,0.0669589430869249,ok,,0.17356295799199833,0.24563322102983987,2.1189486104718083,0.7270380845163239,0.04127171528083703,0.7969705981668085,12.54751432863646,81.87100982666016,8554.20654296875,9518.0
static,eth3d,kicker,K8,k8,anchor_recent_dino_diverse_k8,8,ok,,10,0.08649183252542396,0.04273901137185929,0.050922087953356884,0.029794624306779247,0.9164758915899665,0.996648088568115,0.06870696023939042,ok,,0.1858660336753617,0.2466556643018442,2.0738034386726336,0.7267566380186167,0.04193053731547994,0.8227778889704496,12.153948391239709,88.51660919189453,8950.82958984375,9936.0
static,eth3d,meadow,Full cache,full_cache,full_cache,,ok,,10,0.46455782926108785,0.23641746032121877,0.47632060688157374,0.05104566871563483,0.8862291049984707,0.9961641803570056,0.4704392180713308,ok,,7.019980533196832,10.99466065102744,1.9768624850456065,0.3492741569635566,0.046757071980390384,0.8114754520356655,12.32323168238056,89.44457244873047,8260.5537109375,9228.0
static,eth3d,meadow,K4,k4,anchor_recent_dino_diverse_k4,4,ok,,10,0.2795233432847124,0.13666241591644898,0.18221678655355122,0.03668323592524485,0.9108880805683595,0.9926501173338687,0.2308700649191318,ok,,5.95204080486382,9.235460794648938,3.2326638053087353,0.4426810827158627,0.04522857460903894,0.7841913949232548,12.751988946497754,77.92742156982422,8160.60107421875,8902.0
static,eth3d,meadow,K6,k6,anchor_recent_dino_diverse_k6,6,ok,,10,0.33817665985051837,0.13449926773317644,0.3468428857727497,0.04165366726043977,0.915719191328909,0.993647095776335,0.34250977281163403,ok,,7.022336122747909,11.001940796535399,2.018710652292117,0.422092847421745,0.047515753979606445,0.8088044819887727,12.363927528456516,82.72077178955078,8554.20654296875,9518.0
static,eth3d,meadow,K8,k8,anchor_recent_dino_diverse_k8,8,ok,,10,0.4639685546126899,0.3341303880241598,0.4893531610815275,0.05790964941162917,0.9048577159838317,0.9964959863208371,0.47666085784710865,ok,,7.020162671499096,10.997552286143486,2.0363825045504376,0.24946317858763042,0.03280509672813075,0.8182834240142256,12.220704595167447,88.20428466796875,8950.82958984375,9936.0
static,eth3d,office,Full cache,full_cache,full_cache,,ok,,10,0.3639542552066339,0.36012025130812964,0.3073970492165369,0.2787280173586051,0.8283312072948149,0.9903234789007777,0.33567565221158535,ok,,0.4556836863299069,0.7716764489527698,34.60084153872516,0.12953731165380059,0.047704014141025194,0.8163385100197047,12.249820236654793,92.56550598144531,8260.5537109375,9228.0
static,eth3d,office,K4,k4,anchor_recent_dino_diverse_k4,4,ok,,10,0.40588486840510896,0.41693783834798714,0.34845320981899197,0.3697997345294313,0.7993838457363607,0.9736098845871797,0.37716903911205046,ok,,0.4456239873185911,0.7533820572309824,34.60234574898839,0.12982478281904042,0.04720106046744062,0.7854648639913648,12.73131422987488,78.08409881591797,8160.60107421875,8902.0
static,eth3d,office,K6,k6,anchor_recent_dino_diverse_k6,6,ok,,10,0.36654108891049086,0.3653805757360179,0.3061397889689151,0.2719639076418526,0.84089599821119,0.9906174939155585,0.336340438939703,ok,,0.45074156164775586,0.7645634534814406,34.601994084766424,0.12827524312347938,0.048904557009930294,0.8167963528539985,12.242953785308453,82.78534698486328,8554.20654296875,9518.0
static,eth3d,office,K8,k8,anchor_recent_dino_diverse_k8,8,ok,,10,0.36406080920390327,0.36051193446792823,0.30729351229560564,0.27967096887366055,0.8277676827203391,0.9902421904000284,0.33567716074975446,ok,,0.45579274191134556,0.7717852110742386,34.60094160245686,0.12936903584975776,0.047615448008729425,0.8194474978372455,12.20334435872077,88.33433532714844,8950.82958984375,9936.0
static,eth3d,pipes,Full cache,full_cache,full_cache,,ok,,10,0.1948518935670196,0.09439781456587718,0.15689309812360727,0.055746017163977,0.8389440963242254,0.9773655769557339,0.17587249584531345,ok,,0.35978549262102805,0.45240166980480084,16.167461944087112,0.5116430548770559,0.05046458957119773,0.8145381519570947,12.276895779495353,89.24272155761719,8260.5537109375,9228.0
static,eth3d,pipes,K4,k4,anchor_recent_dino_diverse_k4,4,ok,,10,0.3631009226714802,0.16423677622382457,0.18455896326032253,0.10920346630386117,0.7877505596871515,0.9496977614622373,0.27382994296590135,ok,,0.4618936986117082,0.9208896267605536,61.84337274478275,0.3383451844614522,0.05541675355067488,0.7787608259823173,12.840912981705452,77.42976379394531,8160.60107421875,8902.0
static,eth3d,pipes,K6,k6,anchor_recent_dino_diverse_k6,6,ok,,10,0.21023748494357955,0.10194576255846949,0.17815660399367755,0.07168932853687042,0.8371092226578707,0.9678623863307355,0.19419704446862857,ok,,0.3325361751170526,0.416224368602599,11.763314327047835,0.4957028352240858,0.05039695748344472,0.8182256750296801,12.221567111832885,82.79039764404297,8554.20654296875,9518.0
static,eth3d,pipes,K8,k8,anchor_recent_dino_diverse_k8,8,ok,,10,0.1925689889665364,0.0950192767095253,0.15588565327734974,0.054226446831444064,0.8316283927817463,0.9755638426937935,0.17422732112194306,ok,,0.36465055103048455,0.45971723257662683,18.02867738643673,0.5106117353308365,0.05075170563333786,0.8198983799666166,12.196633441826247,87.99129486083984,8950.82958984375,9936.0
static,eth3d,playground,Full cache,full_cache,full_cache,,ok,,10,0.5681731337987835,0.44072279780678886,0.7884013553953075,0.37113647425949253,0.5474341829002507,0.5594164837024118,0.6782872445970456,ok,,0.6870467845467736,1.1425499723706447,93.04909079695038,0.10362671481734305,0.06380519090421616,0.815755977993831,12.258567843526881,90.1673583984375,8260.5537109375,9228.0
static,eth3d,playground,K4,k4,anchor_recent_dino_diverse_k4,4,ok,,10,0.895013314834622,0.8399083340518436,1.5020159449055879,0.9035707999815005,0.5364612510265441,0.5410759234213112,1.1985146298701048,ok,,0.6749254082983385,1.1483595007961969,96.05542053783603,0.05806707330500077,0.06409813590327702,0.7855238120537251,12.730358833878432,77.44204711914062,8160.60107421875,8902.0
static,eth3d,playground,K6,k6,anchor_recent_dino_diverse_k6,6,ok,,10,0.48469646477295314,0.36274058612048493,0.6695580624454149,0.3654938237711846,0.5680305620895636,0.6185296470448187,0.577127263609184,ok,,0.6965759417738147,1.1196706529984888,87.09635163898643,0.14469425054499813,0.06365384847726152,0.8076547728851438,12.381527771175687,83.60345458984375,8554.20654296875,9518.0
static,eth3d,playground,K8,k8,anchor_recent_dino_diverse_k8,8,ok,,10,0.5695330309295876,0.4451143910727408,0.7895605790330631,0.3662735396310804,0.5447806965883552,0.556099361778343,0.6795468049813254,ok,,0.6868511167296153,1.142745887188014,93.0557531590558,0.09840794486160351,0.06466529034590965,0.8297532501164824,12.051775631606361,89.35731506347656,8950.82958984375,9936.0
static,eth3d,relief,Full cache,full_cache,full_cache,,ok,,10,0.49716496955432193,0.35872938043949754,0.4380353787934828,0.07979473688723945,0.8038765097016822,0.9427344552398453,0.46760017417390237,ok,,1.1670431332034628,2.559433455900973,61.79170517493003,0.22544298357004708,0.05332738919348713,0.8168432980310172,12.242250164878357,89.52963256835938,8260.5537109375,9228.0
static,eth3d,relief,K4,k4,anchor_recent_dino_diverse_k4,4,ok,,10,0.4394378491550402,0.3700276533509621,0.504413919679215,0.2946931584654546,0.8316390882197358,0.9546033954106447,0.4719258844171276,ok,,1.0370463313805864,2.435366706240382,57.93517556220774,0.17502490866821654,0.04802509115764455,0.7857717019505799,12.726342747106127,77.69497680664062,8160.60107421875,8902.0
static,eth3d,relief,K6,k6,anchor_recent_dino_diverse_k6,6,ok,,10,0.5103359540412028,0.4378155657882854,0.4681537618213028,0.08110264359285113,0.800429493138665,0.9367498674183653,0.48924485793125283,ok,,1.1571265098508947,2.50634786371973,62.20336154248181,0.2673335026471565,0.05157506052879435,0.8043348891660571,12.43263239565314,81.82892608642578,8554.20654296875,9518.0
static,eth3d,relief,K8,k8,anchor_recent_dino_diverse_k8,8,ok,,10,0.5092640579336949,0.3772750661335962,0.437176235031688,0.07951754815934373,0.803682583068231,0.9431020904120835,0.47322014648269145,ok,,1.1723717899758475,2.559385844364335,61.73636103246471,0.22475433215464863,0.05320900651240374,0.9750237581320107,10.256160341321731,236.26034545898438,8950.82958984375,9936.0
static,eth3d,relief_2,Full cache,full_cache,full_cache,,ok,,10,0.6125450734418859,0.3923641484565024,0.41548082947261,0.07467332359333949,0.8114098304198288,0.9764252768920716,0.514012951457248,ok,,1.205261726098004,2.071091637650746,40.81820822155558,0.24068596827783706,0.04239320862659059,0.8181850239634514,12.222174333573115,92.3904037475586,8260.5537109375,9228.0
static,eth3d,relief_2,K4,k4,anchor_recent_dino_diverse_k4,4,ok,,10,0.7299012506526169,0.5170529414845826,0.41678934989120164,0.07778235505341596,0.7982759502551472,0.9734529718307048,0.5733453002719093,ok,,1.27054999551102,2.176591220054117,44.54283621085241,0.2657850654843186,0.03940925699989186,0.7925075171515346,12.618176841959103,80.13414764404297,8160.60107421875,8902.0
static,eth3d,relief_2,K6,k6,anchor_recent_dino_diverse_k6,6,ok,,10,0.5816856652991211,0.27998073119038946,0.40315276695908847,0.06673280382367097,0.8109593833724709,0.9747254587954552,0.4924192161291048,ok,,1.1290157964056144,1.9576885721434127,42.27815703143797,0.2886562031810618,0.05019765070279998,0.8073040398303419,12.386906923073912,83.08121490478516,8554.20654296875,9518.0
static,eth3d,relief_2,K8,k8,anchor_recent_dino_diverse_k8,8,ok,,10,0.601444322274057,0.3910044144511421,0.4167935219254896,0.07572499243245029,0.8104768870367012,0.9756160665141678,0.5091189220997733,ok,,1.2035017993462043,2.0687110952759658,40.82211504147018,0.2525886899266377,0.04470345672977451,0.8450410680379719,11.833744392113557,88.61286163330078,8950.82958984375,9936.0
static,eth3d,terrace,Full cache,full_cache,full_cache,,ok,,10,0.7328894441991619,0.46186471696015685,1.4400525814043215,0.37464749224320104,0.778374252172414,0.9458072759974612,1.0864710128017416,ok,,1.8310404081163363,2.8305617060873014,34.979207558838276,0.2041535199746248,0.04942180062060706,1.6823292810004205,5.944139540894968,90.46937561035156,8260.5537109375,9228.0
static,eth3d,terrace,K4,k4,anchor_recent_dino_diverse_k4,4,ok,,10,0.7848455815272875,0.5425830284912009,1.618876488693328,0.43655681408746927,0.7125419396231691,0.9147037385728335,1.2018610351103076,ok,,1.8803315441251183,2.816563412282291,35.92900476074198,0.18519724211615832,0.04898878247981625,0.799620094941929,12.505938836775021,80.26726531982422,8160.60107421875,8902.0
static,eth3d,terrace,K6,k6,anchor_recent_dino_diverse_k6,6,ok,,10,0.7555861184965004,0.49158426667303917,1.5064215966715027,0.3770775794196889,0.7189573798822996,0.9215684695262287,1.1310038575840016,ok,,1.8510770663053349,2.830053617895231,36.27104198061846,0.15559840403332165,0.044401141187030264,0.7994375450070947,12.508794542432021,82.229248046875,8554.20654296875,9518.0
static,eth3d,terrace,K8,k8,anchor_recent_dino_diverse_k8,8,ok,,10,0.733524397115515,0.463397405378436,1.4419231093674285,0.3765017011572383,0.7780748466908372,0.9462634165826851,1.0877237532414719,ok,,1.830283212629142,2.8270530362983415,34.97792974793743,0.2034189746414918,0.049247046793040886,1.2255590630229563,8.159541471085092,248.2001953125,8950.82958984375,9936.0
static,eth3d,terrains,Full cache,full_cache,full_cache,,ok,,10,0.2563055445363855,0.14684222736392505,0.17409498279927285,0.06519499576674494,0.7876720355937653,0.976102217053509,0.21520026366782918,ok,,1.1531580782322872,1.8202092116777893,19.880592063504025,0.3886538898186069,0.05638455957433094,0.80360465683043,12.443929878955538,88.47052764892578,8260.5537109375,9228.0
static,eth3d,terrains,K4,k4,anchor_recent_dino_diverse_k4,4,ok,,10,0.5161661377887373,0.4672659580431119,0.6123127349273705,0.13022008204045538,0.6990538529296326,0.9461240037324739,0.5642394363580538,ok,,1.1022025136901672,1.9088355276805453,35.72856600595138,0.0723722385273267,0.05759988380702357,0.7820834151934832,12.786359876364408,77.15020751953125,8160.60107421875,8902.0
static,eth3d,terrains,K6,k6,anchor_recent_dino_diverse_k6,6,ok,,10,0.36915589461045695,0.2857979542821344,0.3558203534496577,0.1311932587057518,0.7130939143577524,0.9323732974837196,0.3624881240300573,ok,,1.1972582706215344,1.6519022680432491,30.554460846950356,0.21741945792301934,0.05232294309760923,0.8029765079263598,12.453664461273494,81.6209945678711,8554.20654296875,9518.0
static,eth3d,terrains,K8,k8,anchor_recent_dino_diverse_k8,8,ok,,10,0.26722282527734575,0.14991398603401865,0.18554320044434738,0.06703740743380701,0.7846242212271737,0.9750302645521544,0.22638301286084656,ok,,1.1582250286429685,1.8093985398663812,26.116532930674936,0.373180392387712,0.05600999594944441,0.8283076328225434,12.07280918796314,89.71981048583984,8950.82958984375,9936.0
static,nrgbd,breakfast_room,Full cache,full_cache,full_cache,,ok,,12,0.02219370408180743,0.012893820552494849,0.013945946492938876,0.006970291621913333,0.910342014741083,0.9916837209213766,0.018069825287373154,ok,,0.03750740987317555,0.06544101014645118,0.9605435136956203,0.9815565874787415,0.025997015447190915,0.9950743271037936,12.059400662990184,96.7567367553711,8475.8935546875,9610.0
static,nrgbd,breakfast_room,K4,k4,anchor_recent_dino_diverse_k4,4,ok,,12,0.028156603908213007,0.019794125761373425,0.017748813355532463,0.009917008625988976,0.8936765562533453,0.990612487158279,0.022952708631872737,ok,,0.045890168105990004,0.07213360130785611,1.1857882455160844,0.9776304076318028,0.03185177680455719,0.9431668671313673,12.723093249127677,77.15532684326172,8182.84912109375,8930.0
static,nrgbd,breakfast_room,K6,k6,anchor_recent_dino_diverse_k6,6,ok,,12,0.02288224868653875,0.014310247310023966,0.01422332413835308,0.007307256920065706,0.9151467553644044,0.9917245656666,0.018552786412445916,ok,,0.03701376719328268,0.06374103224874395,1.003927423087035,0.9816595583545918,0.02675821307707691,0.9827087230514735,12.211146312752787,88.34662628173828,8574.29638671875,9564.0
static,nrgbd,breakfast_room,K8,k8,anchor_recent_dino_diverse_k8,8,ok,,12,0.021502301986173707,0.012112303238553584,0.013357546022402194,0.006350965022336515,0.9116103354308236,0.991629263141711,0.01742992400428795,ok,,0.03878201299635912,0.06490508276764878,0.934759118430004,0.9813655931122449,0.025360379828603292,1.0092380458954722,11.890158173092548,91.040771484375,8971.76318359375,9878.0
static,nrgbd,complete_kitchen,Full cache,full_cache,full_cache,,ok,,13,0.17462635068004403,0.15057510762689513,0.11611632288798611,0.06514730471698563,0.7210773905457436,0.943813859239592,0.14537133678401506,ok,,0.31094418168213306,0.2891829883711754,0.7967656899894465,0.37683661204866564,0.05396575409835046,1.0949267069809139,11.872940825277183,101.2459487915039,8584.6904296875,10022.0
static,nrgbd,complete_kitchen,K4,k4,anchor_recent_dino_diverse_k4,4,ok,,13,0.16794240497393065,0.12165522325691953,0.08000435586067813,0.0475484294159436,0.8019408217775961,0.9772912673554834,0.12397338041730438,ok,,0.33846584466643864,0.3106513642050095,0.8451529768017344,0.45963132849293564,0.0445102341982384,1.0262646570336074,12.667297768566034,78.56742095947266,8191.39208984375,8920.0
static,nrgbd,complete_kitchen,K6,k6,anchor_recent_dino_diverse_k6,6,ok,,13,0.18697350655252432,0.14455191291787906,0.1347915493898172,0.06081328560316287,0.7277820047596533,0.9433331424207587,0.16088252797117075,ok,,0.32850203539378975,0.3061949401492603,0.8166967312109683,0.38745462127158553,0.05149180046175351,1.0472698749508709,12.413228252755625,81.77254486083984,8581.36669921875,9650.0
static,nrgbd,complete_kitchen,K8,k8,anchor_recent_dino_diverse_k8,8,ok,,13,0.18303234307950708,0.15186619425080877,0.12847919261257346,0.08101626598135048,0.7071056509669991,0.9269648971820765,0.15575576784604028,ok,,0.32485555849329467,0.3090854809483103,0.7997921736688304,0.3536336710164835,0.0535385075085357,1.0929720541462302,11.894174192911901,90.2656021118164,8981.93701171875,9924.0
static,nrgbd,green_room,Full cache,full_cache,full_cache,,ok,,15,0.055314676271548895,0.03544380001382058,0.07188899254663406,0.019751947721081672,0.8916191466085077,0.9940835793148767,0.06360183440909148,ok,,0.06556528414824084,0.08230448766464864,0.5443571269071088,0.8227441044630677,0.04022032944891025,1.3110970919951797,11.440800297385717,109.40415954589844,8808.80078125,10202.0
static,nrgbd,green_room,K4,k4,anchor_recent_dino_diverse_k4,4,ok,,15,0.07164135181880484,0.05437733066782767,0.08229826999455406,0.02918298723412458,0.8571714045265152,0.99198815887983,0.07696981090667945,ok,,0.11546859436506611,0.10448010016218956,0.6934613658886909,0.7391293320482802,0.048955157859952775,1.1744963289238513,12.771432000765776,79.0118408203125,8210.14013671875,9010.0
static,nrgbd,green_room,K6,k6,anchor_recent_dino_diverse_k6,6,ok,,15,0.07258492506599286,0.05081979609267662,0.08647292970335735,0.02805141003309696,0.8434367619107251,0.9924600203387353,0.0795289273846751,ok,,0.10152143154213086,0.09479990875318552,0.5636590619706547,0.7194410553097876,0.046904233107649726,1.215702994959429,12.33853997414935,82.37260437011719,8602.30419921875,9628.0
static,nrgbd,green_room,K8,k8,anchor_recent_dino_diverse_k8,8,ok,,15,0.06348778988858358,0.04821489080259407,0.07453161167625541,0.020602844090540785,0.8923896686262793,0.9931491631527773,0.0690097007824195,ok,,0.08457417502197516,0.09240616839646588,0.5661702372855657,0.8122118308535546,0.04799351904540484,1.270951041020453,11.802185541275,88.65996551513672,9001.25341796875,9994.0
static,nrgbd,grey_white_room,Full cache,full_cache,full_cache,,ok,,15,0.19437977526454542,0.07063695892403281,0.16391621125997147,0.03231973906027427,0.7932001190700837,0.9743445274077557,0.17914799326225844,ok,,0.25850941760892293,0.20932701221807604,1.6974979497566136,0.6006338530097638,0.04581218641343181,1.3186037298291922,11.375669324053144,109.88543701171875,8808.80078125,10202.0
static,nrgbd,grey_white_room,K4,k4,anchor_recent_dino_diverse_k4,4,ok,,15,0.10558803776615297,0.05572136182883889,0.09424857971308434,0.04282990161206515,0.815944706415692,0.9850691688157368,0.09991830873961866,ok,,0.2238026130946448,0.21452493888010024,1.729117798908523,0.6650446672617688,0.045372973985587935,1.190948439994827,12.595003693077725,78.45887756347656,8210.14013671875,9010.0
static,nrgbd,grey_white_room,K6,k6,anchor_recent_dino_diverse_k6,6,ok,,15,0.16245389949839414,0.06852142997429127,0.13835595621652977,0.031465365023695006,0.7914122710024964,0.9773351177218135,0.15040492785746196,ok,,0.2964417859930346,0.24915628914801852,1.8337797687619728,0.5965816224145924,0.044650580172671046,1.2185244378633797,12.309970595502978,83.41606140136719,8602.30419921875,9628.0
static,nrgbd,grey_white_room,K8,k8,anchor_recent_dino_diverse_k8,8,ok,,15,0.22495819857742327,0.07231321849715228,0.17804982260083282,0.03786724344080309,0.7975948653068914,0.9720863500287795,0.20150401058912804,ok,,0.30235753630686024,0.24043998018160437,1.7582829879838486,0.5583497678409555,0.0421787469026073,1.2754854911472648,11.760227853715454,89.01017761230469,9001.25341796875,9994.0
static,nrgbd,kitchen,Full cache,full_cache,full_cache,,ok,,16,0.1430541474304041,0.07389290440042527,0.10292359153837165,0.027972682957836968,0.872253459177097,0.9944595908367534,0.12298886948438786,ok,,0.2122329569045118,0.2514393548181864,0.976375582525705,0.5726990991709183,0.04470697976822985,1.444010836072266,11.0802492615085,116.40729522705078,8932.77587890625,10300.0
static,nrgbd,kitchen,K4,k4,anchor_recent_dino_diverse_k4,4,ok,,16,0.16014473619262332,0.05416838514715955,0.126588294891185,0.03505289795865535,0.8589520025250061,0.9945925606451631,0.14336651554190416,ok,,0.3445882933878401,0.4107640696764802,0.8469929851602122,0.7063125298947704,0.04774836934528854,1.2569236860144883,12.729491995439707,76.939453125,8221.49169921875,9012.0
static,nrgbd,kitchen,K6,k6,anchor_recent_dino_diverse_k6,6,ok,,16,0.19539912201331122,0.13786884358088547,0.1585074438160863,0.08893265796080327,0.8064204207730219,0.9914597700892208,0.17695328291469875,ok,,0.32169203668336693,0.32158952614265424,0.8896030802953704,0.42310317681760207,0.048185903536197124,1.2934284259099513,12.370224497535453,81.29740905761719,8612.57958984375,9596.0
static,nrgbd,kitchen,K8,k8,anchor_recent_dino_diverse_k8,8,ok,,16,0.21291288151147933,0.17061443368051302,0.16871144110247704,0.056996939388625184,0.8194406187963048,0.9914173151905116,0.1908121613069782,ok,,0.27012893041523106,0.27746462893812274,0.9950281697152514,0.4168688715720663,0.044198007953918456,1.8936284079682082,8.449387394418842,87.478271484375,9009.32763671875,9958.0
static,nrgbd,morning_apartment,Full cache,full_cache,full_cache,,ok,,10,0.03589100731396269,0.02192442148376785,0.028330809973435112,0.01964151766025239,0.8309898512032361,0.983535017801242,0.0321109086436989,ok,,0.04800773559782097,0.06131364082474787,0.5279078239407321,0.9173230229591837,0.03315199676611732,0.8088965360075235,12.3625204891556,89.39212799072266,8260.5537109375,9228.0
static,nrgbd,morning_apartment,K4,k4,anchor_recent_dino_diverse_k4,4,ok,,10,0.033332376769417985,0.026045047705948725,0.03377874845986261,0.027388908469495748,0.8475792735470554,0.988259151626988,0.033555562614640294,ok,,0.043263877233781584,0.05391385672930675,0.656411910092664,0.983755181760204,0.03552257470591863,0.7825291501358151,12.779076662210485,76.93926239013672,8160.60107421875,8902.0
static,nrgbd,morning_apartment,K6,k6,anchor_recent_dino_diverse_k6,6,ok,,10,0.036112640013793454,0.023281796778761923,0.02970674227378315,0.021032028838386257,0.8248989364697281,0.9835624786468342,0.032909691143788306,ok,,0.04532333659613989,0.06316216138670301,0.5677122270075928,0.9255978954081633,0.03444631760846862,0.8096389519050717,12.351184409384093,82.73612976074219,8554.20654296875,9518.0
static,nrgbd,morning_apartment,K8,k8,anchor_recent_dino_diverse_k8,8,ok,,10,0.03595069700735567,0.021980339598096216,0.028348247964317952,0.019697541747462813,0.8306298490803131,0.9834925132057153,0.032149472485836814,ok,,0.048322225592232586,0.06171509349227939,0.5311657411243125,0.9171316964285714,0.03317267764469194,0.823821160942316,12.138556854453268,88.0732192993164,8950.82958984375,9936.0
static,nrgbd,staircase,Full cache,full_cache,full_cache,,ok,,12,0.0489944705856054,0.03549237926059378,0.02444418259550848,0.017806575863816662,0.85346793190897,0.9826310924651052,0.03671932659055694,ok,,0.07024468174889996,0.08337742202050902,0.7333510887559488,0.8710256563562925,0.04217498162414719,0.9918299338314682,12.098848391925062,96.64530944824219,8475.8935546875,9610.0
static,nrgbd,staircase,K4,k4,anchor_recent_dino_diverse_k4,4,ok,,12,0.08389526525280373,0.057554025935647145,0.036555972040316395,0.024024792349077728,0.8125492941181407,0.9801071880743234,0.060225618646560064,ok,,0.12130606437038774,0.13504140341206744,0.6874245932363924,0.6876909943664966,0.04909667899217241,0.9538551839068532,12.580526061461166,78.72614288330078,8182.84912109375,8930.0
static,nrgbd,staircase,K6,k6,anchor_recent_dino_diverse_k6,6,ok,,12,0.07494154760814795,0.05494860615314971,0.03281443783525152,0.0218876347558749,0.8207337200314202,0.9793923383139803,0.053877992721699734,ok,,0.10249876414210157,0.113851876800491,0.6902509726906936,0.7053554820365646,0.04831031926285103,0.963485079118982,12.454785507392486,82.19667053222656,8574.29638671875,9564.0
static,nrgbd,staircase,K8,k8,anchor_recent_dino_diverse_k8,8,ok,,12,0.05843842434397385,0.04089828593667938,0.02568737970805185,0.018315256979110517,0.8402808528566319,0.9816717826130109,0.04206290202601285,ok,,0.07397170563828705,0.08473972637241889,0.7087503869793974,0.832649075255102,0.045622115029627035,1.0025214259512722,11.9698189877722,89.51091003417969,8971.76318359375,9878.0
static,nrgbd,thin_geometry,Full cache,full_cache,full_cache,,ok,,4,0.04537859990627281,0.030828670165112745,0.02588532881521963,0.020862404807590395,0.9067174770063959,0.988522571459582,0.03563196436074622,ok,,0.11479674004890124,0.20348769450877496,0.6667831500143868,0.9131764301666381,0.03931718144267912,0.31439149007201195,12.722990686178537,73.12384033203125,7617.3486328125,8366.0
static,nrgbd,thin_geometry,K4,k4,anchor_recent_dino_diverse_k4,4,ok,,4,0.04537859990627281,0.030828670165112745,0.02588532881521963,0.020862404807590395,0.9067174770063959,0.988522571459582,0.03563196436074622,ok,,0.11479674004890124,0.20348769450877496,0.6667831500143868,0.9131764301666381,0.03931718144267912,1.0287008110899478,3.8883997726820563,73.29177856445312,7617.3095703125,8394.0
static,nrgbd,thin_geometry,K6,k6,anchor_recent_dino_diverse_k6,6,ok,,4,0.04537859990627281,0.030828670165112745,0.02588532881521963,0.020862404807590395,0.9067174770063959,0.988522571459582,0.03563196436074622,ok,,0.11479674004890124,0.20348769450877496,0.6667831500143868,0.9131764301666381,0.03931718144267912,0.319138886872679,12.53372799284033,74.0126724243164,7617.3095703125,8394.0
static,nrgbd,thin_geometry,K8,k8,anchor_recent_dino_diverse_k8,8,ok,,4,0.04537859990627281,0.030828670165112745,0.02588532881521963,0.020862404807590395,0.9067174770063959,0.988522571459582,0.03563196436074622,ok,,0.11479674004890124,0.20348769450877496,0.6667831500143868,0.9131764301666381,0.03931718144267912,0.3213639101013541,12.446948379295144,74.46835327148438,8008.689453125,8676.0
static,nrgbd,whiteroom,Full cache,full_cache,full_cache,,ok,,17,0.06928515257479564,0.04724101621883077,0.029436534451372974,0.018890458883279785,0.8483697790978028,0.9863208102326554,0.04936084351308431,ok,,0.12316315711725594,0.11819305739152026,0.6079266665629637,0.7571152811544052,0.04641124204265854,1.5651370838750154,10.861668396426253,118.03852844238281,9055.66357421875,10576.0
static,nrgbd,whiteroom,K4,k4,anchor_recent_dino_diverse_k4,4,ok,,17,0.06536896249571564,0.05102330235000103,0.027293344248362883,0.018104919753102577,0.8369675787409024,0.9825564795653238,0.04633115337203926,ok,,0.19496473573192247,0.158472632841073,0.6194648399588726,0.7607818092279083,0.04930602422402241,1.3297999559435993,12.783877698309247,77.9837417602539,8230.42919921875,9054.0
static,nrgbd,whiteroom,K6,k6,anchor_recent_dino_diverse_k6,6,ok,,17,0.07614320231331233,0.049351825999455166,0.02521587276821857,0.015838587357346518,0.8193234160981879,0.9784043785060323,0.05067953754076545,ok,,0.1990470277118171,0.15406861606027983,0.5981276271278143,0.7174329031353608,0.04570242269924362,1.3872705190442502,12.25427900804237,82.10649871826172,8618.45849609375,9684.0
static,nrgbd,whiteroom,K8,k8,anchor_recent_dino_diverse_k8,8,ok,,17,0.10609617955501424,0.0793164162572566,0.03675380210743477,0.026983275963615688,0.8272151990657252,0.984516726094885,0.0714249908312245,ok,,0.19243685856405796,0.1504985420605206,0.6012410583281163,0.5942854883372055,0.05430350666388735,1.4467563868965954,11.750423329021078,88.84223937988281,9019.81787109375,9956.0
