cell,frame_index,retained_frame_ids,aggregator_kv_mib,camera_kv_mib,descriptor_mib,input_tensors_mib,retained_outputs_mib,retained_views_mib,cuda_allocated_mib,cuda_reserved_mib
full_accumulated,0,[0],141.1875,0.25,0.0,2.2407989501953125,4.481632232666016,0.0,6877.52978515625,7550.0
full_accumulated,1,"[0, 1]",188.25,0.5,0.0,2.2407989501953125,8.963264465332031,0.0,6936.8173828125,7742.0
full_accumulated,2,"[0, 1, 2]",282.375,0.75,0.0,2.2407989501953125,13.444896697998047,0.0,7031.41943359375,7790.0
full_accumulated,3,"[0, 1, 2, 3]",376.5,1.0,0.0,2.2407989501953125,17.926528930664062,0.0,7129.58203125,8190.0
full_accumulated,4,"[0, 1, 2, 3, 4]",470.625,1.25,0.0,2.2407989501953125,22.408161163330078,0.0,7227.72119140625,8288.0
full_accumulated,5,"[0, 1, 2, 3, 4, 5]",564.75,1.5,0.0,2.2407989501953125,26.889793395996094,0.0,7331.171875,8338.0
full_accumulated,6,"[0, 1, 2, 3, 4, 5, 6]",658.875,1.75,0.0,2.2407989501953125,31.37142562866211,0.0,7425.04638671875,8612.0
full_accumulated,7,"[0, 1, 2, 3, 4, 5, 6, 7]",753.0,2.0,0.0,2.2407989501953125,35.853057861328125,0.0,7529.4208984375,8664.0
full_accumulated,8,"[0, 1, 2, 3, 4, 5, 6, 7, 8]",847.125,2.25,0.0,2.2407989501953125,40.33469009399414,0.0,7622.48388671875,8954.0
full_accumulated,9,"[0, 1, 2, 3, 4, 5, 6, 7, 8, 9]",941.25,2.5,0.0,2.2407989501953125,44.816322326660156,0.0,7728.9521484375,9052.0
full_accumulated,10,"[0, 1, 2, 3, 4, 5, 6, 7, 8, 9, 10]",1035.375,2.75,0.0,2.2407989501953125,49.29795455932617,0.0,7820.49072265625,9248.0
full_accumulated,11,"[0, 1, 2, 3, 4, 5, 6, 7, 8, 9, 10, 11]",1129.5,3.0,0.0,2.2407989501953125,53.77958679199219,0.0,7926.966796875,9348.0
full_accumulated,12,"[0, 1, 2, 3, 4, 5, 6, 7, 8, 9, 10, 11, 12]",1223.625,3.25,0.0,2.2407989501953125,58.2612190246582,0.0,8020.30908203125,9772.0
full_accumulated,13,"[0, 1, 2, 3, 4, 5, 6, 7, 8, 9, 10, 11, 12, 13]",1317.75,3.5,0.0,2.2407989501953125,62.74285125732422,0.0,8118.60546875,9776.0
full_accumulated,14,"[0, 1, 2, 3, 4, 5, 6, 7, 8, 9, 10, 11, 12, 13, 14]",1411.875,3.75,0.0,2.2407989501953125,67.22448348999023,0.0,8216.83837890625,10032.0
full_accumulated,15,"[0, 1, 2, 3, 4, 5, 6, 7, 8, 9, 10, 11, 12, 13, 14, 15]",1506.0,4.0,0.0,2.2407989501953125,71.70611572265625,0.0,8322.6572265625,10032.0
full_accumulated,16,"[0, 1, 2, 3, 4, 5, 6, 7, 8, 9, 10, 11, 12, 13, 14, 15, 16]",1600.125,4.25,0.0,2.2407989501953125,76.18774795532227,0.0,8415.17919921875,10544.0
full_accumulated,17,"[0, 1, 2, 3, 4, 5, 6, 7, 8, 9, 10, 11, 12, 13, 14, 15, 16, 17]",1694.25,4.5,0.0,2.2407989501953125,80.66938018798828,0.0,8513.1533203125,10548.0
full_accumulated,18,"[0, 1, 2, 3, 4, 5, 6, 7, 8, 9, 10, 11, 12, 13, 14, 15, 16, 17, 18]",1788.375,4.75,0.0,2.2407989501953125,85.1510124206543,0.0,8613.55224609375,10854.0
full_accumulated,19,"[0, 1, 2, 3, 4, 5, 6, 7, 8, 9, 10, 11, 12, 13, 14, 15, 16, 17, 18, 19]",1882.5,5.0,0.0,2.2407989501953125,89.63264465332031,0.0,8725.30859375,10858.0
full_accumulated,20,"[0, 1, 2, 3, 4, 5, 6, 7, 8, 9, 10, 11, 12, 13, 14, 15, 16, 17, 18, 19, 20]",1976.625,5.25,0.0,2.2407989501953125,94.11427688598633,0.0,8811.26806640625,11030.0
full_accumulated,21,"[0, 1, 2, 3, 4, 5, 6, 7, 8, 9, 10, 11, 12, 13, 14, 15, 16, 17, 18, 19, 20, 21]",2070.75,5.5,0.0,2.2407989501953125,98.59590911865234,0.0,8909.9775390625,11036.0
full_accumulated,22,"[0, 1, 2, 3, 4, 5, 6, 7, 8, 9, 10, 11, 12, 13, 14, 15, 16, 17, 18, 19, 20, 21, 22]",2164.875,5.75,0.0,2.2407989501953125,103.07754135131836,0.0,9010.53955078125,11272.0
full_accumulated,23,"[0, 1, 2, 3, 4, 5, 6, 7, 8, 9, 10, 11, 12, 13, 14, 15, 16, 17, 18, 19, 20, 21, 22, 23]",2259.0,6.0,0.0,2.2407989501953125,107.55917358398438,0.0,9124.2099609375,11274.0
full_accumulated,24,"[0, 1, 2, 3, 4, 5, 6, 7, 8, 9, 10, 11, 12, 13, 14, 15, 16, 17, 18, 19, 20, 21, 22, 23, 24]",2353.125,6.25,0.0,2.2407989501953125,112.04080581665039,0.0,9207.43603515625,12476.0
full_accumulated,25,"[0, 1, 2, 3, 4, 5, 6, 7, 8, 9, 10, 11, 12, 13, 14, 15, 16, 17, 18, 19, 20, 21, 22, 23, 24, 25]",2447.25,6.5,0.0,2.2407989501953125,116.5224380493164,0.0,9306.9892578125,13194.0
full_accumulated,26,"[0, 1, 2, 3, 4, 5, 6, 7, 8, 9, 10, 11, 12, 13, 14, 15, 16, 17, 18, 19, 20, 21, 22, 23, 24, 25, 26]",2541.375,6.75,0.0,2.2407989501953125,121.00407028198242,0.0,9406.35498046875,13832.0
full_accumulated,27,"[0, 1, 2, 3, 4, 5, 6, 7, 8, 9, 10, 11, 12, 13, 14, 15, 16, 17, 18, 19, 20, 21, 22, 23, 24, 25, 26, 27]",2635.5,7.0,0.0,2.2407989501953125,125.48570251464844,0.0,9503.9697265625,14056.0
full_accumulated,28,"[0, 1, 2, 3, 4, 5, 6, 7, 8, 9, 10, 11, 12, 13, 14, 15, 16, 17, 18, 19, 20, 21, 22, 23, 24, 25, 26, 27, 28]",2729.625,7.25,0.0,2.2407989501953125,129.96733474731445,0.0,9603.78955078125,14286.0
full_accumulated,29,"[0, 1, 2, 3, 4, 5, 6, 7, 8, 9, 10, 11, 12, 13, 14, 15, 16, 17, 18, 19, 20, 21, 22, 23, 24, 25, 26, 27, 28, 29]",2823.75,7.5,0.0,2.2407989501953125,134.44896697998047,0.0,9702.0693359375,14526.0
full_accumulated,30,"[0, 1, 2, 3, 4, 5, 6, 7, 8, 9, 10, 11, 12, 13, 14, 15, 16, 17, 18, 19, 20, 21, 22, 23, 24, 25, 26, 27, 28, 29, 30]",2917.875,7.75,0.0,2.2407989501953125,138.93059921264648,0.0,9801.23974609375,14528.0
full_accumulated,31,"[0, 1, 2, 3, 4, 5, 6, 7, 8, 9, 10, 11, 12, 13, 14, 15, 16, 17, 18, 19, 20, 21, 22, 23, 24, 25, 26, 27, 28, 29, 30, 31]",3012.0,8.0,0.0,2.2407989501953125,143.4122314453125,0.0,9899.44140625,14658.0
full_accumulated,32,"[0, 1, 2, 3, 4, 5, 6, 7, 8, 9, 10, 11, 12, 13, 14, 15, 16, 17, 18, 19, 20, 21, 22, 23, 24, 25, 26, 27, 28, 29, 30, 31, 32]",3106.125,8.25,0.0,2.2407989501953125,147.89386367797852,0.0,10002.42236328125,14918.0
full_accumulated,33,"[0, 1, 2, 3, 4, 5, 6, 7, 8, 9, 10, 11, 12, 13, 14, 15, 16, 17, 18, 19, 20, 21, 22, 23, 24, 25, 26, 27, 28, 29, 30, 31, 32, 33]",3200.25,8.5,0.0,2.2407989501953125,152.37549591064453,0.0,10099.9716796875,15186.0
full_accumulated,34,"[0, 1, 2, 3, 4, 5, 6, 7, 8, 9, 10, 11, 12, 13, 14, 15, 16, 17, 18, 19, 20, 21, 22, 23, 24, 25, 26, 27, 28, 29, 30, 31, 32, 33, 34]",3294.375,8.75,0.0,2.2407989501953125,156.85712814331055,0.0,10200.27099609375,15462.0
full_accumulated,35,"[0, 1, 2, 3, 4, 5, 6, 7, 8, 9, 10, 11, 12, 13, 14, 15, 16, 17, 18, 19, 20, 21, 22, 23, 24, 25, 26, 27, 28, 29, 30, 31, 32, 33, 34, 35]",3388.5,9.0,0.0,2.2407989501953125,161.33876037597656,0.0,10298.22265625,15750.0
full_accumulated,36,"[0, 1, 2, 3, 4, 5, 6, 7, 8, 9, 10, 11, 12, 13, 14, 15, 16, 17, 18, 19, 20, 21, 22, 23, 24, 25, 26, 27, 28, 29, 30, 31, 32, 33, 34, 35, 36]",3482.625,9.25,0.0,2.2407989501953125,165.82039260864258,0.0,10397.60986328125,16044.0
full_accumulated,37,"[0, 1, 2, 3, 4, 5, 6, 7, 8, 9, 10, 11, 12, 13, 14, 15, 16, 17, 18, 19, 20, 21, 22, 23, 24, 25, 26, 27, 28, 29, 30, 31, 32, 33, 34, 35, 36, 37]",3576.75,9.5,0.0,2.2407989501953125,170.3020248413086,0.0,10494.5224609375,16348.0
full_accumulated,38,"[0, 1, 2, 3, 4, 5, 6, 7, 8, 9, 10, 11, 12, 13, 14, 15, 16, 17, 18, 19, 20, 21, 22, 23, 24, 25, 26, 27, 28, 29, 30, 31, 32, 33, 34, 35, 36, 37, 38]",3670.875,9.75,0.0,2.2407989501953125,174.7836570739746,0.0,10594.21630859375,16658.0
full_accumulated,39,"[0, 1, 2, 3, 4, 5, 6, 7, 8, 9, 10, 11, 12, 13, 14, 15, 16, 17, 18, 19, 20, 21, 22, 23, 24, 25, 26, 27, 28, 29, 30, 31, 32, 33, 34, 35, 36, 37, 38, 39]",3765.0,10.0,0.0,2.2407989501953125,179.26528930664062,0.0,10692.568359375,16978.0
full_accumulated,40,"[0, 1, 2, 3, 4, 5, 6, 7, 8, 9, 10, 11, 12, 13, 14, 15, 16, 17, 18, 19, 20, 21, 22, 23, 24, 25, 26, 27, 28, 29, 30, 31, 32, 33, 34, 35, 36, 37, 38, 39, 40]",3859.125,10.25,0.0,2.2407989501953125,183.74692153930664,0.0,10791.83251953125,17304.0
full_accumulated,41,"[0, 1, 2, 3, 4, 5, 6, 7, 8, 9, 10, 11, 12, 13, 14, 15, 16, 17, 18, 19, 20, 21, 22, 23, 24, 25, 26, 27, 28, 29, 30, 31, 32, 33, 34, 35, 36, 37, 38, 39, 40, 41]",3953.25,10.5,0.0,2.2407989501953125,188.22855377197266,0.0,10889.5869140625,17640.0
full_accumulated,42,"[0, 1, 2, 3, 4, 5, 6, 7, 8, 9, 10, 11, 12, 13, 14, 15, 16, 17, 18, 19, 20, 21, 22, 23, 24, 25, 26, 27, 28, 29, 30, 31, 32, 33, 34, 35, 36, 37, 38, 39, 40, 41, 42]",4047.375,10.75,0.0,2.2407989501953125,192.71018600463867,0.0,10988.85107421875,17982.0
full_accumulated,43,"[0, 1, 2, 3, 4, 5, 6, 7, 8, 9, 10, 11, 12, 13, 14, 15, 16, 17, 18, 19, 20, 21, 22, 23, 24, 25, 26, 27, 28, 29, 30, 31, 32, 33, 34, 35, 36, 37, 38, 39, 40, 41, 42, 43]",4141.5,11.0,0.0,2.2407989501953125,197.1918182373047,0.0,11086.8798828125,18334.0
full_accumulated,44,"[0, 1, 2, 3, 4, 5, 6, 7, 8, 9, 10, 11, 12, 13, 14, 15, 16, 17, 18, 19, 20, 21, 22, 23, 24, 25, 26, 27, 28, 29, 30, 31, 32, 33, 34, 35, 36, 37, 38, 39, 40, 41, 42, 43, 44]",4235.625,11.25,0.0,2.2407989501953125,201.6734504699707,0.0,11186.54443359375,18692.0
full_accumulated,45,"[0, 1, 2, 3, 4, 5, 6, 7, 8, 9, 10, 11, 12, 13, 14, 15, 16, 17, 18, 19, 20, 21, 22, 23, 24, 25, 26, 27, 28, 29, 30, 31, 32, 33, 34, 35, 36, 37, 38, 39, 40, 41, 42, 43, 44, 45]",4329.75,11.5,0.0,2.2407989501953125,206.15508270263672,0.0,11284.126953125,19060.0
full_accumulated,46,"[0, 1, 2, 3, 4, 5, 6, 7, 8, 9, 10, 11, 12, 13, 14, 15, 16, 17, 18, 19, 20, 21, 22, 23, 24, 25, 26, 27, 28, 29, 30, 31, 32, 33, 34, 35, 36, 37, 38, 39, 40, 41, 42, 43, 44, 45, 46]",4423.875,11.75,0.0,2.2407989501953125,210.63671493530273,0.0,11384.51416015625,19434.0
full_accumulated,47,"[0, 1, 2, 3, 4, 5, 6, 7, 8, 9, 10, 11, 12, 13, 14, 15, 16, 17, 18, 19, 20, 21, 22, 23, 24, 25, 26, 27, 28, 29, 30, 31, 32, 33, 34, 35, 36, 37, 38, 39, 40, 41, 42, 43, 44, 45, 46, 47]",4518.0,12.0,0.0,2.2407989501953125,215.11834716796875,0.0,11482.5966796875,19818.0
full_accumulated,48,"[0, 1, 2, 3, 4, 5, 6, 7, 8, 9, 10, 11, 12, 13, 14, 15, 16, 17, 18, 19, 20, 21, 22, 23, 24, 25, 26, 27, 28, 29, 30, 31, 32, 33, 34, 35, 36, 37, 38, 39, 40, 41, 42, 43, 44, 45, 46, 47, 48]",4612.125,12.25,0.0,2.2407989501953125,219.59997940063477,0.0,11581.69775390625,20208.0
full_accumulated,49,"[0, 1, 2, 3, 4, 5, 6, 7, 8, 9, 10, 11, 12, 13, 14, 15, 16, 17, 18, 19, 20, 21, 22, 23, 24, 25, 26, 27, 28, 29, 30, 31, 32, 33, 34, 35, 36, 37, 38, 39, 40, 41, 42, 43, 44, 45, 46, 47, 48, 49]",4706.25,12.5,0.0,2.2407989501953125,224.08161163330078,0.0,11679.703125,20608.0
full_accumulated,50,"[0, 1, 2, 3, 4, 5, 6, 7, 8, 9, 10, 11, 12, 13, 14, 15, 16, 17, 18, 19, 20, 21, 22, 23, 24, 25, 26, 27, 28, 29, 30, 31, 32, 33, 34, 35, 36, 37, 38, 39, 40, 41, 42, 43, 44, 45, 46, 47, 48, 49, 50]",4800.375,12.75,0.0,2.2407989501953125,228.5632438659668,0.0,11778.16357421875,21620.0
full_accumulated,51,"[0, 1, 2, 3, 4, 5, 6, 7, 8, 9, 10, 11, 12, 13, 14, 15, 16, 17, 18, 19, 20, 21, 22, 23, 24, 25, 26, 27, 28, 29, 30, 31, 32, 33, 34, 35, 36, 37, 38, 39, 40, 41, 42, 43, 44, 45, 46, 47, 48, 49, 50, 51]",4894.5,13.0,0.0,2.2407989501953125,233.0448760986328,0.0,11878.9599609375,22032.0
full_accumulated,52,"[0, 1, 2, 3, 4, 5, 6, 7, 8, 9, 10, 11, 12, 13, 14, 15, 16, 17, 18, 19, 20, 21, 22, 23, 24, 25, 26, 27, 28, 29, 30, 31, 32, 33, 34, 35, 36, 37, 38, 39, 40, 41, 42, 43, 44, 45, 46, 47, 48, 49, 50, 51, 52]",4988.625,13.25,0.0,2.2407989501953125,237.52650833129883,0.0,11975.66943359375,22866.0
full_accumulated,53,"[0, 1, 2, 3, 4, 5, 6, 7, 8, 9, 10, 11, 12, 13, 14, 15, 16, 17, 18, 19, 20, 21, 22, 23, 24, 25, 26, 27, 28, 29, 30, 31, 32, 33, 34, 35, 36, 37, 38, 39, 40, 41, 42, 43, 44, 45, 46, 47, 48, 49, 50, 51, 52, 53]",5082.75,13.5,0.0,2.2407989501953125,242.00814056396484,0.0,12077.3154296875,23294.0
full_accumulated,54,"[0, 1, 2, 3, 4, 5, 6, 7, 8, 9, 10, 11, 12, 13, 14, 15, 16, 17, 18, 19, 20, 21, 22, 23, 24, 25, 26, 27, 28, 29, 30, 31, 32, 33, 34, 35, 36, 37, 38, 39, 40, 41, 42, 43, 44, 45, 46, 47, 48, 49, 50, 51, 52, 53, 54]",5176.875,13.75,0.0,2.2407989501953125,246.48977279663086,0.0,12173.90673828125,24160.0
full_accumulated,55,"[0, 1, 2, 3, 4, 5, 6, 7, 8, 9, 10, 11, 12, 13, 14, 15, 16, 17, 18, 19, 20, 21, 22, 23, 24, 25, 26, 27, 28, 29, 30, 31, 32, 33, 34, 35, 36, 37, 38, 39, 40, 41, 42, 43, 44, 45, 46, 47, 48, 49, 50, 51, 52, 53, 54, 55]",5271.0,14.0,0.0,2.2407989501953125,250.97140502929688,0.0,12275.0390625,24604.0
full_accumulated,56,"[0, 1, 2, 3, 4, 5, 6, 7, 8, 9, 10, 11, 12, 13, 14, 15, 16, 17, 18, 19, 20, 21, 22, 23, 24, 25, 26, 27, 28, 29, 30, 31, 32, 33, 34, 35, 36, 37, 38, 39, 40, 41, 42, 43, 44, 45, 46, 47, 48, 49, 50, 51, 52, 53, 54, 55, 56]",5365.125,14.25,0.0,2.2407989501953125,255.4530372619629,0.0,12371.66943359375,25054.0
full_accumulated,57,"[0, 1, 2, 3, 4, 5, 6, 7, 8, 9, 10, 11, 12, 13, 14, 15, 16, 17, 18, 19, 20, 21, 22, 23, 24, 25, 26, 27, 28, 29, 30, 31, 32, 33, 34, 35, 36, 37, 38, 39, 40, 41, 42, 43, 44, 45, 46, 47, 48, 49, 50, 51, 52, 53, 54, 55, 56, 57]",5459.25,14.5,0.0,2.2407989501953125,259.9346694946289,0.0,12471.67578125,25514.0
full_accumulated,58,"[0, 1, 2, 3, 4, 5, 6, 7, 8, 9, 10, 11, 12, 13, 14, 15, 16, 17, 18, 19, 20, 21, 22, 23, 24, 25, 26, 27, 28, 29, 30, 31, 32, 33, 34, 35, 36, 37, 38, 39, 40, 41, 42, 43, 44, 45, 46, 47, 48, 49, 50, 51, 52, 53, 54, 55, 56, 57, 58]",5553.375,14.75,0.0,2.2407989501953125,264.4163017272949,0.0,12569.83837890625,25980.0
full_accumulated,59,"[0, 1, 2, 3, 4, 5, 6, 7, 8, 9, 10, 11, 12, 13, 14, 15, 16, 17, 18, 19, 20, 21, 22, 23, 24, 25, 26, 27, 28, 29, 30, 31, 32, 33, 34, 35, 36, 37, 38, 39, 40, 41, 42, 43, 44, 45, 46, 47, 48, 49, 50, 51, 52, 53, 54, 55, 56, 57, 58, 59]",5647.5,15.0,0.0,2.2407989501953125,268.89793395996094,0.0,12670.26171875,26456.0
full_accumulated,60,"[0, 1, 2, 3, 4, 5, 6, 7, 8, 9, 10, 11, 12, 13, 14, 15, 16, 17, 18, 19, 20, 21, 22, 23, 24, 25, 26, 27, 28, 29, 30, 31, 32, 33, 34, 35, 36, 37, 38, 39, 40, 41, 42, 43, 44, 45, 46, 47, 48, 49, 50, 51, 52, 53, 54, 55, 56, 57, 58, 59, 60]",5741.625,15.25,0.0,2.2407989501953125,273.37956619262695,0.0,12766.18115234375,26938.0
full_accumulated,61,"[0, 1, 2, 3, 4, 5, 6, 7, 8, 9, 10, 11, 12, 13, 14, 15, 16, 17, 18, 19, 20, 21, 22, 23, 24, 25, 26, 27, 28, 29, 30, 31, 32, 33, 34, 35, 36, 37, 38, 39, 40, 41, 42, 43, 44, 45, 46, 47, 48, 49, 50, 51, 52, 53, 54, 55, 56, 57, 58, 59, 60, 61]",5835.75,15.5,0.0,2.2407989501953125,277.86119842529297,0.0,12869.142578125,27430.0
full_accumulated,62,"[0, 1, 2, 3, 4, 5, 6, 7, 8, 9, 10, 11, 12, 13, 14, 15, 16, 17, 18, 19, 20, 21, 22, 23, 24, 25, 26, 27, 28, 29, 30, 31, 32, 33, 34, 35, 36, 37, 38, 39, 40, 41, 42, 43, 44, 45, 46, 47, 48, 49, 50, 51, 52, 53, 54, 55, 56, 57, 58, 59, 60, 61, 62]",5929.875,15.75,0.0,2.2407989501953125,282.342830657959,0.0,12965.79833984375,27928.0
full_accumulated,63,"[0, 1, 2, 3, 4, 5, 6, 7, 8, 9, 10, 11, 12, 13, 14, 15, 16, 17, 18, 19, 20, 21, 22, 23, 24, 25, 26, 27, 28, 29, 30, 31, 32, 33, 34, 35, 36, 37, 38, 39, 40, 41, 42, 43, 44, 45, 46, 47, 48, 49, 50, 51, 52, 53, 54, 55, 56, 57, 58, 59, 60, 61, 62, 63]",6024.0,16.0,0.0,2.2407989501953125,286.824462890625,0.0,13067.3466796875,28436.0
full_accumulated,64,"[0, 1, 2, 3, 4, 5, 6, 7, 8, 9, 10, 11, 12, 13, 14, 15, 16, 17, 18, 19, 20, 21, 22, 23, 24, 25, 26, 27, 28, 29, 30, 31, 32, 33, 34, 35, 36, 37, 38, 39, 40, 41, 42, 43, 44, 45, 46, 47, 48, 49, 50, 51, 52, 53, 54, 55, 56, 57, 58, 59, 60, 61, 62, 63, 64]",6118.125,16.25,0.0,2.2407989501953125,291.306095123291,0.0,13165.07763671875,28950.0
full_accumulated,65,"[0, 1, 2, 3, 4, 5, 6, 7, 8, 9, 10, 11, 12, 13, 14, 15, 16, 17, 18, 19, 20, 21, 22, 23, 24, 25, 26, 27, 28, 29, 30, 31, 32, 33, 34, 35, 36, 37, 38, 39, 40, 41, 42, 43, 44, 45, 46, 47, 48, 49, 50, 51, 52, 53, 54, 55, 56, 57, 58, 59, 60, 61, 62, 63, 64, 65]",6212.25,16.5,0.0,2.2407989501953125,295.78772735595703,0.0,13266.123046875,29474.0
full_accumulated,66,"[0, 1, 2, 3, 4, 5, 6, 7, 8, 9, 10, 11, 12, 13, 14, 15, 16, 17, 18, 19, 20, 21, 22, 23, 24, 25, 26, 27, 28, 29, 30, 31, 32, 33, 34, 35, 36, 37, 38, 39, 40, 41, 42, 43, 44, 45, 46, 47, 48, 49, 50, 51, 52, 53, 54, 55, 56, 57, 58, 59, 60, 61, 62, 63, 64, 65, 66]",6306.375,16.75,0.0,2.2407989501953125,300.26935958862305,0.0,13361.62939453125,30004.0
full_accumulated,67,"[0, 1, 2, 3, 4, 5, 6, 7, 8, 9, 10, 11, 12, 13, 14, 15, 16, 17, 18, 19, 20, 21, 22, 23, 24, 25, 26, 27, 28, 29, 30, 31, 32, 33, 34, 35, 36, 37, 38, 39, 40, 41, 42, 43, 44, 45, 46, 47, 48, 49, 50, 51, 52, 53, 54, 55, 56, 57, 58, 59, 60, 61, 62, 63, 64, 65, 66, 67]",6400.5,17.0,0.0,2.2407989501953125,304.75099182128906,0.0,13463.06640625,30544.0
full_accumulated,68,"[0, 1, 2, 3, 4, 5, 6, 7, 8, 9, 10, 11, 12, 13, 14, 15, 16, 17, 18, 19, 20, 21, 22, 23, 24, 25, 26, 27, 28, 29, 30, 31, 32, 33, 34, 35, 36, 37, 38, 39, 40, 41, 42, 43, 44, 45, 46, 47, 48, 49, 50, 51, 52, 53, 54, 55, 56, 57, 58, 59, 60, 61, 62, 63, 64, 65, 66, 67, 68]",6494.625,17.25,0.0,2.2407989501953125,309.2326240539551,0.0,13559.51025390625,31090.0
full_accumulated,69,"[0, 1, 2, 3, 4, 5, 6, 7, 8, 9, 10, 11, 12, 13, 14, 15, 16, 17, 18, 19, 20, 21, 22, 23, 24, 25, 26, 27, 28, 29, 30, 31, 32, 33, 34, 35, 36, 37, 38, 39, 40, 41, 42, 43, 44, 45, 46, 47, 48, 49, 50, 51, 52, 53, 54, 55, 56, 57, 58, 59, 60, 61, 62, 63, 64, 65, 66, 67, 68, 69]",6588.75,17.5,0.0,2.2407989501953125,313.7142562866211,0.0,13662.1044921875,31646.0
full_accumulated,70,"[0, 1, 2, 3, 4, 5, 6, 7, 8, 9, 10, 11, 12, 13, 14, 15, 16, 17, 18, 19, 20, 21, 22, 23, 24, 25, 26, 27, 28, 29, 30, 31, 32, 33, 34, 35, 36, 37, 38, 39, 40, 41, 42, 43, 44, 45, 46, 47, 48, 49, 50, 51, 52, 53, 54, 55, 56, 57, 58, 59, 60, 61, 62, 63, 64, 65, 66, 67, 68, 69, 70]",6682.875,17.75,0.0,2.2407989501953125,318.1958885192871,0.0,13758.20556640625,32208.0
full_accumulated,71,"[0, 1, 2, 3, 4, 5, 6, 7, 8, 9, 10, 11, 12, 13, 14, 15, 16, 17, 18, 19, 20, 21, 22, 23, 24, 25, 26, 27, 28, 29, 30, 31, 32, 33, 34, 35, 36, 37, 38, 39, 40, 41, 42, 43, 44, 45, 46, 47, 48, 49, 50, 51, 52, 53, 54, 55, 56, 57, 58, 59, 60, 61, 62, 63, 64, 65, 66, 67, 68, 69, 70, 71]",6777.0,18.0,0.0,2.2407989501953125,322.6775207519531,0.0,13857.986328125,32780.0
full_accumulated,72,"[0, 1, 2, 3, 4, 5, 6, 7, 8, 9, 10, 11, 12, 13, 14, 15, 16, 17, 18, 19, 20, 21, 22, 23, 24, 25, 26, 27, 28, 29, 30, 31, 32, 33, 34, 35, 36, 37, 38, 39, 40, 41, 42, 43, 44, 45, 46, 47, 48, 49, 50, 51, 52, 53, 54, 55, 56, 57, 58, 59, 60, 61, 62, 63, 64, 65, 66, 67, 68, 69, 70, 71, 72]",6871.125,18.25,0.0,2.2407989501953125,327.15915298461914,0.0,13956.85205078125,33358.0
full_accumulated,73,"[0, 1, 2, 3, 4, 5, 6, 7, 8, 9, 10, 11, 12, 13, 14, 15, 16, 17, 18, 19, 20, 21, 22, 23, 24, 25, 26, 27, 28, 29, 30, 31, 32, 33, 34, 35, 36, 37, 38, 39, 40, 41, 42, 43, 44, 45, 46, 47, 48, 49, 50, 51, 52, 53, 54, 55, 56, 57, 58, 59, 60, 61, 62, 63, 64, 65, 66, 67, 68, 69, 70, 71, 72, 73]",6965.25,18.5,0.0,2.2407989501953125,331.64078521728516,0.0,14055.21875,33946.0
full_accumulated,74,"[0, 1, 2, 3, 4, 5, 6, 7, 8, 9, 10, 11, 12, 13, 14, 15, 16, 17, 18, 19, 20, 21, 22, 23, 24, 25, 26, 27, 28, 29, 30, 31, 32, 33, 34, 35, 36, 37, 38, 39, 40, 41, 42, 43, 44, 45, 46, 47, 48, 49, 50, 51, 52, 53, 54, 55, 56, 57, 58, 59, 60, 61, 62, 63, 64, 65, 66, 67, 68, 69, 70, 71, 72, 73, 74]",7059.375,18.75,0.0,2.2407989501953125,336.1224174499512,0.0,14153.15673828125,34540.0
full_accumulated,75,"[0, 1, 2, 3, 4, 5, 6, 7, 8, 9, 10, 11, 12, 13, 14, 15, 16, 17, 18, 19, 20, 21, 22, 23, 24, 25, 26, 27, 28, 29, 30, 31, 32, 33, 34, 35, 36, 37, 38, 39, 40, 41, 42, 43, 44, 45, 46, 47, 48, 49, 50, 51, 52, 53, 54, 55, 56, 57, 58, 59, 60, 61, 62, 63, 64, 65, 66, 67, 68, 69, 70, 71, 72, 73, 74, 75]",7153.5,19.0,0.0,2.2407989501953125,340.6040496826172,0.0,14253.6884765625,35144.0
full_accumulated,76,"[0, 1, 2, 3, 4, 5, 6, 7, 8, 9, 10, 11, 12, 13, 14, 15, 16, 17, 18, 19, 20, 21, 22, 23, 24, 25, 26, 27, 28, 29, 30, 31, 32, 33, 34, 35, 36, 37, 38, 39, 40, 41, 42, 43, 44, 45, 46, 47, 48, 49, 50, 51, 52, 53, 54, 55, 56, 57, 58, 59, 60, 61, 62, 63, 64, 65, 66, 67, 68, 69, 70, 71, 72, 73, 74, 75, 76]",7247.625,19.25,0.0,2.2407989501953125,345.0856819152832,0.0,14352.42138671875,35750.0
full_accumulated,77,"[0, 1, 2, 3, 4, 5, 6, 7, 8, 9, 10, 11, 12, 13, 14, 15, 16, 17, 18, 19, 20, 21, 22, 23, 24, 25, 26, 27, 28, 29, 30, 31, 32, 33, 34, 35, 36, 37, 38, 39, 40, 41, 42, 43, 44, 45, 46, 47, 48, 49, 50, 51, 52, 53, 54, 55, 56, 57, 58, 59, 60, 61, 62, 63, 64, 65, 66, 67, 68, 69, 70, 71, 72, 73, 74, 75, 76, 77]",7341.75,19.5,0.0,2.2407989501953125,349.5673141479492,0.0,14451.75,36366.0
full_accumulated,78,"[0, 1, 2, 3, 4, 5, 6, 7, 8, 9, 10, 11, 12, 13, 14, 15, 16, 17, 18, 19, 20, 21, 22, 23, 24, 25, 26, 27, 28, 29, 30, 31, 32, 33, 34, 35, 36, 37, 38, 39, 40, 41, 42, 43, 44, 45, 46, 47, 48, 49, 50, 51, 52, 53, 54, 55, 56, 57, 58, 59, 60, 61, 62, 63, 64, 65, 66, 67, 68, 69, 70, 71, 72, 73, 74, 75, 76, 77, 78]",7435.875,19.75,0.0,2.2407989501953125,354.04894638061523,0.0,14552.31982421875,36988.0
full_accumulated,79,"[0, 1, 2, 3, 4, 5, 6, 7, 8, 9, 10, 11, 12, 13, 14, 15, 16, 17, 18, 19, 20, 21, 22, 23, 24, 25, 26, 27, 28, 29, 30, 31, 32, 33, 34, 35, 36, 37, 38, 39, 40, 41, 42, 43, 44, 45, 46, 47, 48, 49, 50, 51, 52, 53, 54, 55, 56, 57, 58, 59, 60, 61, 62, 63, 64, 65, 66, 67, 68, 69, 70, 71, 72, 73, 74, 75, 76, 77, 78, 79]",7530.0,20.0,0.0,2.2407989501953125,358.53057861328125,0.0,14649.8359375,37620.0
full_accumulated,80,"[0, 1, 2, 3, 4, 5, 6, 7, 8, 9, 10, 11, 12, 13, 14, 15, 16, 17, 18, 19, 20, 21, 22, 23, 24, 25, 26, 27, 28, 29, 30, 31, 32, 33, 34, 35, 36, 37, 38, 39, 40, 41, 42, 43, 44, 45, 46, 47, 48, 49, 50, 51, 52, 53, 54, 55, 56, 57, 58, 59, 60, 61, 62, 63, 64, 65, 66, 67, 68, 69, 70, 71, 72, 73, 74, 75, 76, 77, 78, 79, 80]",7624.125,20.25,0.0,2.2407989501953125,363.01221084594727,0.0,14751.69482421875,38258.0
full_accumulated,81,"[0, 1, 2, 3, 4, 5, 6, 7, 8, 9, 10, 11, 12, 13, 14, 15, 16, 17, 18, 19, 20, 21, 22, 23, 24, 25, 26, 27, 28, 29, 30, 31, 32, 33, 34, 35, 36, 37, 38, 39, 40, 41, 42, 43, 44, 45, 46, 47, 48, 49, 50, 51, 52, 53, 54, 55, 56, 57, 58, 59, 60, 61, 62, 63, 64, 65, 66, 67, 68, 69, 70, 71, 72, 73, 74, 75, 76, 77, 78, 79, 80, 81]",7718.25,20.5,0.0,2.2407989501953125,367.4938430786133,0.0,14849.482421875,38906.0
full_accumulated,82,"[0, 1, 2, 3, 4, 5, 6, 7, 8, 9, 10, 11, 12, 13, 14, 15, 16, 17, 18, 19, 20, 21, 22, 23, 24, 25, 26, 27, 28, 29, 30, 31, 32, 33, 34, 35, 36, 37, 38, 39, 40, 41, 42, 43, 44, 45, 46, 47, 48, 49, 50, 51, 52, 53, 54, 55, 56, 57, 58, 59, 60, 61, 62, 63, 64, 65, 66, 67, 68, 69, 70, 71, 72, 73, 74, 75, 76, 77, 78, 79, 80, 81, 82]",7812.375,20.75,0.0,2.2407989501953125,371.9754753112793,0.0,14951.10791015625,39560.0
full_accumulated,83,"[0, 1, 2, 3, 4, 5, 6, 7, 8, 9, 10, 11, 12, 13, 14, 15, 16, 17, 18, 19, 20, 21, 22, 23, 24, 25, 26, 27, 28, 29, 30, 31, 32, 33, 34, 35, 36, 37, 38, 39, 40, 41, 42, 43, 44, 45, 46, 47, 48, 49, 50, 51, 52, 53, 54, 55, 56, 57, 58, 59, 60, 61, 62, 63, 64, 65, 66, 67, 68, 69, 70, 71, 72, 73, 74, 75, 76, 77, 78, 79, 80, 81, 82, 83]",7906.5,21.0,0.0,2.2407989501953125,376.4571075439453,0.0,15047.560546875,40224.0
full_accumulated,84,"[0, 1, 2, 3, 4, 5, 6, 7, 8, 9, 10, 11, 12, 13, 14, 15, 16, 17, 18, 19, 20, 21, 22, 23, 24, 25, 26, 27, 28, 29, 30, 31, 32, 33, 34, 35, 36, 37, 38, 39, 40, 41, 42, 43, 44, 45, 46, 47, 48, 49, 50, 51, 52, 53, 54, 55, 56, 57, 58, 59, 60, 61, 62, 63, 64, 65, 66, 67, 68, 69, 70, 71, 72, 73, 74, 75, 76, 77, 78, 79, 80, 81, 82, 83, 84]",8000.625,21.25,0.0,2.2407989501953125,380.9387397766113,0.0,15149.19482421875,40894.0
full_accumulated,85,"[0, 1, 2, 3, 4, 5, 6, 7, 8, 9, 10, 11, 12, 13, 14, 15, 16, 17, 18, 19, 20, 21, 22, 23, 24, 25, 26, 27, 28, 29, 30, 31, 32, 33, 34, 35, 36, 37, 38, 39, 40, 41, 42, 43, 44, 45, 46, 47, 48, 49, 50, 51, 52, 53, 54, 55, 56, 57, 58, 59, 60, 61, 62, 63, 64, 65, 66, 67, 68, 69, 70, 71, 72, 73, 74, 75, 76, 77, 78, 79, 80, 81, 82, 83, 84, 85]",8094.75,21.5,0.0,2.2407989501953125,385.42037200927734,0.0,15247.9833984375,41574.0
full_accumulated,86,"[0, 1, 2, 3, 4, 5, 6, 7, 8, 9, 10, 11, 12, 13, 14, 15, 16, 17, 18, 19, 20, 21, 22, 23, 24, 25, 26, 27, 28, 29, 30, 31, 32, 33, 34, 35, 36, 37, 38, 39, 40, 41, 42, 43, 44, 45, 46, 47, 48, 49, 50, 51, 52, 53, 54, 55, 56, 57, 58, 59, 60, 61, 62, 63, 64, 65, 66, 67, 68, 69, 70, 71, 72, 73, 74, 75, 76, 77, 78, 79, 80, 81, 82, 83, 84, 85, 86]",8188.875,21.75,0.0,2.2407989501953125,389.90200424194336,0.0,15348.73974609375,42260.0
full_accumulated,87,"[0, 1, 2, 3, 4, 5, 6, 7, 8, 9, 10, 11, 12, 13, 14, 15, 16, 17, 18, 19, 20, 21, 22, 23, 24, 25, 26, 27, 28, 29, 30, 31, 32, 33, 34, 35, 36, 37, 38, 39, 40, 41, 42, 43, 44, 45, 46, 47, 48, 49, 50, 51, 52, 53, 54, 55, 56, 57, 58, 59, 60, 61, 62, 63, 64, 65, 66, 67, 68, 69, 70, 71, 72, 73, 74, 75, 76, 77, 78, 79, 80, 81, 82, 83, 84, 85, 86, 87]",8283.0,22.0,0.0,2.2407989501953125,394.3836364746094,0.0,15445.6923828125,42956.0
full_accumulated,88,"[0, 1, 2, 3, 4, 5, 6, 7, 8, 9, 10, 11, 12, 13, 14, 15, 16, 17, 18, 19, 20, 21, 22, 23, 24, 25, 26, 27, 28, 29, 30, 31, 32, 33, 34, 35, 36, 37, 38, 39, 40, 41, 42, 43, 44, 45, 46, 47, 48, 49, 50, 51, 52, 53, 54, 55, 56, 57, 58, 59, 60, 61, 62, 63, 64, 65, 66, 67, 68, 69, 70, 71, 72, 73, 74, 75, 76, 77, 78, 79, 80, 81, 82, 83, 84, 85, 86, 87, 88]",8377.125,22.25,0.0,2.2407989501953125,398.8652687072754,0.0,15545.94970703125,43658.0
full_accumulated,89,"[0, 1, 2, 3, 4, 5, 6, 7, 8, 9, 10, 11, 12, 13, 14, 15, 16, 17, 18, 19, 20, 21, 22, 23, 24, 25, 26, 27, 28, 29, 30, 31, 32, 33, 34, 35, 36, 37, 38, 39, 40, 41, 42, 43, 44, 45, 46, 47, 48, 49, 50, 51, 52, 53, 54, 55, 56, 57, 58, 59, 60, 61, 62, 63, 64, 65, 66, 67, 68, 69, 70, 71, 72, 73, 74, 75, 76, 77, 78, 79, 80, 81, 82, 83, 84, 85, 86, 87, 88, 89]",8471.25,22.5,0.0,2.2407989501953125,403.3469009399414,0.0,15642.509765625,44370.0
full_accumulated,90,"[0, 1, 2, 3, 4, 5, 6, 7, 8, 9, 10, 11, 12, 13, 14, 15, 16, 17, 18, 19, 20, 21, 22, 23, 24, 25, 26, 27, 28, 29, 30, 31, 32, 33, 34, 35, 36, 37, 38, 39, 40, 41, 42, 43, 44, 45, 46, 47, 48, 49, 50, 51, 52, 53, 54, 55, 56, 57, 58, 59, 60, 61, 62, 63, 64, 65, 66, 67, 68, 69, 70, 71, 72, 73, 74, 75, 76, 77, 78, 79, 80, 81, 82, 83, 84, 85, 86, 87, 88, 89, 90]",8565.375,22.75,0.0,2.2407989501953125,407.8285331726074,0.0,15742.49267578125,25484.0
full_accumulated,91,"[0, 1, 2, 3, 4, 5, 6, 7, 8, 9, 10, 11, 12, 13, 14, 15, 16, 17, 18, 19, 20, 21, 22, 23, 24, 25, 26, 27, 28, 29, 30, 31, 32, 33, 34, 35, 36, 37, 38, 39, 40, 41, 42, 43, 44, 45, 46, 47, 48, 49, 50, 51, 52, 53, 54, 55, 56, 57, 58, 59, 60, 61, 62, 63, 64, 65, 66, 67, 68, 69, 70, 71, 72, 73, 74, 75, 76, 77, 78, 79, 80, 81, 82, 83, 84, 85, 86, 87, 88, 89, 90, 91]",8659.5,23.0,0.0,2.2407989501953125,412.31016540527344,0.0,15840.4990234375,26212.0
full_accumulated,92,"[0, 1, 2, 3, 4, 5, 6, 7, 8, 9, 10, 11, 12, 13, 14, 15, 16, 17, 18, 19, 20, 21, 22, 23, 24, 25, 26, 27, 28, 29, 30, 31, 32, 33, 34, 35, 36, 37, 38, 39, 40, 41, 42, 43, 44, 45, 46, 47, 48, 49, 50, 51, 52, 53, 54, 55, 56, 57, 58, 59, 60, 61, 62, 63, 64, 65, 66, 67, 68, 69, 70, 71, 72, 73, 74, 75, 76, 77, 78, 79, 80, 81, 82, 83, 84, 85, 86, 87, 88, 89, 90, 91, 92]",8753.625,23.25,0.0,2.2407989501953125,416.79179763793945,0.0,15939.88134765625,28044.0
full_accumulated,93,"[0, 1, 2, 3, 4, 5, 6, 7, 8, 9, 10, 11, 12, 13, 14, 15, 16, 17, 18, 19, 20, 21, 22, 23, 24, 25, 26, 27, 28, 29, 30, 31, 32, 33, 34, 35, 36, 37, 38, 39, 40, 41, 42, 43, 44, 45, 46, 47, 48, 49, 50, 51, 52, 53, 54, 55, 56, 57, 58, 59, 60, 61, 62, 63, 64, 65, 66, 67, 68, 69, 70, 71, 72, 73, 74, 75, 76, 77, 78, 79, 80, 81, 82, 83, 84, 85, 86, 87, 88, 89, 90, 91, 92, 93]",8847.75,23.5,0.0,2.2407989501953125,421.27342987060547,0.0,16038.888671875,28788.0
full_accumulated,94,"[0, 1, 2, 3, 4, 5, 6, 7, 8, 9, 10, 11, 12, 13, 14, 15, 16, 17, 18, 19, 20, 21, 22, 23, 24, 25, 26, 27, 28, 29, 30, 31, 32, 33, 34, 35, 36, 37, 38, 39, 40, 41, 42, 43, 44, 45, 46, 47, 48, 49, 50, 51, 52, 53, 54, 55, 56, 57, 58, 59, 60, 61, 62, 63, 64, 65, 66, 67, 68, 69, 70, 71, 72, 73, 74, 75, 76, 77, 78, 79, 80, 81, 82, 83, 84, 85, 86, 87, 88, 89, 90, 91, 92, 93, 94]",8941.875,23.75,0.0,2.2407989501953125,425.7550621032715,0.0,16137.48095703125,29538.0
full_accumulated,95,"[0, 1, 2, 3, 4, 5, 6, 7, 8, 9, 10, 11, 12, 13, 14, 15, 16, 17, 18, 19, 20, 21, 22, 23, 24, 25, 26, 27, 28, 29, 30, 31, 32, 33, 34, 35, 36, 37, 38, 39, 40, 41, 42, 43, 44, 45, 46, 47, 48, 49, 50, 51, 52, 53, 54, 55, 56, 57, 58, 59, 60, 61, 62, 63, 64, 65, 66, 67, 68, 69, 70, 71, 72, 73, 74, 75, 76, 77, 78, 79, 80, 81, 82, 83, 84, 85, 86, 87, 88, 89, 90, 91, 92, 93, 94, 95]",9036.0,24.0,0.0,2.2407989501953125,430.2366943359375,0.0,16236.2216796875,30298.0
full_accumulated,96,"[0, 1, 2, 3, 4, 5, 6, 7, 8, 9, 10, 11, 12, 13, 14, 15, 16, 17, 18, 19, 20, 21, 22, 23, 24, 25, 26, 27, 28, 29, 30, 31, 32, 33, 34, 35, 36, 37, 38, 39, 40, 41, 42, 43, 44, 45, 46, 47, 48, 49, 50, 51, 52, 53, 54, 55, 56, 57, 58, 59, 60, 61, 62, 63, 64, 65, 66, 67, 68, 69, 70, 71, 72, 73, 74, 75, 76, 77, 78, 79, 80, 81, 82, 83, 84, 85, 86, 87, 88, 89, 90, 91, 92, 93, 94, 95, 96]",9130.125,24.25,0.0,2.2407989501953125,434.7183265686035,0.0,16337.75244140625,31064.0
full_accumulated,97,"[0, 1, 2, 3, 4, 5, 6, 7, 8, 9, 10, 11, 12, 13, 14, 15, 16, 17, 18, 19, 20, 21, 22, 23, 24, 25, 26, 27, 28, 29, 30, 31, 32, 33, 34, 35, 36, 37, 38, 39, 40, 41, 42, 43, 44, 45, 46, 47, 48, 49, 50, 51, 52, 53, 54, 55, 56, 57, 58, 59, 60, 61, 62, 63, 64, 65, 66, 67, 68, 69, 70, 71, 72, 73, 74, 75, 76, 77, 78, 79, 80, 81, 82, 83, 84, 85, 86, 87, 88, 89, 90, 91, 92, 93, 94, 95, 96, 97]",9224.25,24.5,0.0,2.2407989501953125,439.19995880126953,0.0,16436.166015625,31840.0
full_accumulated,98,"[0, 1, 2, 3, 4, 5, 6, 7, 8, 9, 10, 11, 12, 13, 14, 15, 16, 17, 18, 19, 20, 21, 22, 23, 24, 25, 26, 27, 28, 29, 30, 31, 32, 33, 34, 35, 36, 37, 38, 39, 40, 41, 42, 43, 44, 45, 46, 47, 48, 49, 50, 51, 52, 53, 54, 55, 56, 57, 58, 59, 60, 61, 62, 63, 64, 65, 66, 67, 68, 69, 70, 71, 72, 73, 74, 75, 76, 77, 78, 79, 80, 81, 82, 83, 84, 85, 86, 87, 88, 89, 90, 91, 92, 93, 94, 95, 96, 97, 98]",9318.375,24.75,0.0,2.2407989501953125,443.68159103393555,0.0,16535.54931640625,32622.0
full_accumulated,99,"[0, 1, 2, 3, 4, 5, 6, 7, 8, 9, 10, 11, 12, 13, 14, 15, 16, 17, 18, 19, 20, 21, 22, 23, 24, 25, 26, 27, 28, 29, 30, 31, 32, 33, 34, 35, 36, 37, 38, 39, 40, 41, 42, 43, 44, 45, 46, 47, 48, 49, 50, 51, 52, 53, 54, 55, 56, 57, 58, 59, 60, 61, 62, 63, 64, 65, 66, 67, 68, 69, 70, 71, 72, 73, 74, 75, 76, 77, 78, 79, 80, 81, 82, 83, 84, 85, 86, 87, 88, 89, 90, 91, 92, 93, 94, 95, 96, 97, 98, 99]",9412.5,25.0,0.0,2.2407989501953125,448.16322326660156,0.0,16636.1728515625,33414.0
full_accumulated,100,"[0, 1, 2, 3, 4, 5, 6, 7, 8, 9, 10, 11, 12, 13, 14, 15, 16, 17, 18, 19, 20, 21, 22, 23, 24, 25, 26, 27, 28, 29, 30, 31, 32, 33, 34, 35, 36, 37, 38, 39, 40, 41, 42, 43, 44, 45, 46, 47, 48, 49, 50, 51, 52, 53, 54, 55, 56, 57, 58, 59, 60, 61, 62, 63, 64, 65, 66, 67, 68, 69, 70, 71, 72, 73, 74, 75, 76, 77, 78, 79, 80, 81, 82, 83, 84, 85, 86, 87, 88, 89, 90, 91, 92, 93, 94, 95, 96, 97, 98, 99, 100]",9506.625,25.25,0.0,2.2407989501953125,452.6448554992676,0.0,16736.14111328125,34212.0
full_accumulated,101,"[0, 1, 2, 3, 4, 5, 6, 7, 8, 9, 10, 11, 12, 13, 14, 15, 16, 17, 18, 19, 20, 21, 22, 23, 24, 25, 26, 27, 28, 29, 30, 31, 32, 33, 34, 35, 36, 37, 38, 39, 40, 41, 42, 43, 44, 45, 46, 47, 48, 49, 50, 51, 52, 53, 54, 55, 56, 57, 58, 59, 60, 61, 62, 63, 64, 65, 66, 67, 68, 69, 70, 71, 72, 73, 74, 75, 76, 77, 78, 79, 80, 81, 82, 83, 84, 85, 86, 87, 88, 89, 90, 91, 92, 93, 94, 95, 96, 97, 98, 99, 100, 101]",9600.75,25.5,0.0,2.2407989501953125,457.1264877319336,0.0,16835.4365234375,35020.0
full_accumulated,102,"[0, 1, 2, 3, 4, 5, 6, 7, 8, 9, 10, 11, 12, 13, 14, 15, 16, 17, 18, 19, 20, 21, 22, 23, 24, 25, 26, 27, 28, 29, 30, 31, 32, 33, 34, 35, 36, 37, 38, 39, 40, 41, 42, 43, 44, 45, 46, 47, 48, 49, 50, 51, 52, 53, 54, 55, 56, 57, 58, 59, 60, 61, 62, 63, 64, 65, 66, 67, 68, 69, 70, 71, 72, 73, 74, 75, 76, 77, 78, 79, 80, 81, 82, 83, 84, 85, 86, 87, 88, 89, 90, 91, 92, 93, 94, 95, 96, 97, 98, 99, 100, 101, 102]",9694.875,25.75,0.0,2.2407989501953125,461.6081199645996,0.0,16931.73388671875,35830.0
full_accumulated,103,"[0, 1, 2, 3, 4, 5, 6, 7, 8, 9, 10, 11, 12, 13, 14, 15, 16, 17, 18, 19, 20, 21, 22, 23, 24, 25, 26, 27, 28, 29, 30, 31, 32, 33, 34, 35, 36, 37, 38, 39, 40, 41, 42, 43, 44, 45, 46, 47, 48, 49, 50, 51, 52, 53, 54, 55, 56, 57, 58, 59, 60, 61, 62, 63, 64, 65, 66, 67, 68, 69, 70, 71, 72, 73, 74, 75, 76, 77, 78, 79, 80, 81, 82, 83, 84, 85, 86, 87, 88, 89, 90, 91, 92, 93, 94, 95, 96, 97, 98, 99, 100, 101, 102, 103]",9789.0,26.0,0.0,2.2407989501953125,466.0897521972656,0.0,17035.7412109375,36650.0
full_accumulated,104,"[0, 1, 2, 3, 4, 5, 6, 7, 8, 9, 10, 11, 12, 13, 14, 15, 16, 17, 18, 19, 20, 21, 22, 23, 24, 25, 26, 27, 28, 29, 30, 31, 32, 33, 34, 35, 36, 37, 38, 39, 40, 41, 42, 43, 44, 45, 46, 47, 48, 49, 50, 51, 52, 53, 54, 55, 56, 57, 58, 59, 60, 61, 62, 63, 64, 65, 66, 67, 68, 69, 70, 71, 72, 73, 74, 75, 76, 77, 78, 79, 80, 81, 82, 83, 84, 85, 86, 87, 88, 89, 90, 91, 92, 93, 94, 95, 96, 97, 98, 99, 100, 101, 102, 103, 104]",9883.125,26.25,0.0,2.2407989501953125,470.57138442993164,0.0,17130.39794921875,37476.0
full_accumulated,105,"[0, 1, 2, 3, 4, 5, 6, 7, 8, 9, 10, 11, 12, 13, 14, 15, 16, 17, 18, 19, 20, 21, 22, 23, 24, 25, 26, 27, 28, 29, 30, 31, 32, 33, 34, 35, 36, 37, 38, 39, 40, 41, 42, 43, 44, 45, 46, 47, 48, 49, 50, 51, 52, 53, 54, 55, 56, 57, 58, 59, 60, 61, 62, 63, 64, 65, 66, 67, 68, 69, 70, 71, 72, 73, 74, 75, 76, 77, 78, 79, 80, 81, 82, 83, 84, 85, 86, 87, 88, 89, 90, 91, 92, 93, 94, 95, 96, 97, 98, 99, 100, 101, 102, 103, 104, 105]",9977.25,26.5,0.0,2.2407989501953125,475.05301666259766,0.0,17232.9892578125,38312.0
full_accumulated,106,"[0, 1, 2, 3, 4, 5, 6, 7, 8, 9, 10, 11, 12, 13, 14, 15, 16, 17, 18, 19, 20, 21, 22, 23, 24, 25, 26, 27, 28, 29, 30, 31, 32, 33, 34, 35, 36, 37, 38, 39, 40, 41, 42, 43, 44, 45, 46, 47, 48, 49, 50, 51, 52, 53, 54, 55, 56, 57, 58, 59, 60, 61, 62, 63, 64, 65, 66, 67, 68, 69, 70, 71, 72, 73, 74, 75, 76, 77, 78, 79, 80, 81, 82, 83, 84, 85, 86, 87, 88, 89, 90, 91, 92, 93, 94, 95, 96, 97, 98, 99, 100, 101, 102, 103, 104, 105, 106]",10071.375,26.75,0.0,2.2407989501953125,479.5346488952637,0.0,17329.03662109375,39154.0
full_accumulated,107,"[0, 1, 2, 3, 4, 5, 6, 7, 8, 9, 10, 11, 12, 13, 14, 15, 16, 17, 18, 19, 20, 21, 22, 23, 24, 25, 26, 27, 28, 29, 30, 31, 32, 33, 34, 35, 36, 37, 38, 39, 40, 41, 42, 43, 44, 45, 46, 47, 48, 49, 50, 51, 52, 53, 54, 55, 56, 57, 58, 59, 60, 61, 62, 63, 64, 65, 66, 67, 68, 69, 70, 71, 72, 73, 74, 75, 76, 77, 78, 79, 80, 81, 82, 83, 84, 85, 86, 87, 88, 89, 90, 91, 92, 93, 94, 95, 96, 97, 98, 99, 100, 101, 102, 103, 104, 105, 106, 107]",10165.5,27.0,0.0,2.2407989501953125,484.0162811279297,0.0,17433.2939453125,40006.0
full_accumulated,108,"[0, 1, 2, 3, 4, 5, 6, 7, 8, 9, 10, 11, 12, 13, 14, 15, 16, 17, 18, 19, 20, 21, 22, 23, 24, 25, 26, 27, 28, 29, 30, 31, 32, 33, 34, 35, 36, 37, 38, 39, 40, 41, 42, 43, 44, 45, 46, 47, 48, 49, 50, 51, 52, 53, 54, 55, 56, 57, 58, 59, 60, 61, 62, 63, 64, 65, 66, 67, 68, 69, 70, 71, 72, 73, 74, 75, 76, 77, 78, 79, 80, 81, 82, 83, 84, 85, 86, 87, 88, 89, 90, 91, 92, 93, 94, 95, 96, 97, 98, 99, 100, 101, 102, 103, 104, 105, 106, 107, 108]",10259.625,27.25,0.0,2.2407989501953125,488.4979133605957,0.0,17527.81005859375,40864.0
full_accumulated,109,"[0, 1, 2, 3, 4, 5, 6, 7, 8, 9, 10, 11, 12, 13, 14, 15, 16, 17, 18, 19, 20, 21, 22, 23, 24, 25, 26, 27, 28, 29, 30, 31, 32, 33, 34, 35, 36, 37, 38, 39, 40, 41, 42, 43, 44, 45, 46, 47, 48, 49, 50, 51, 52, 53, 54, 55, 56, 57, 58, 59, 60, 61, 62, 63, 64, 65, 66, 67, 68, 69, 70, 71, 72, 73, 74, 75, 76, 77, 78, 79, 80, 81, 82, 83, 84, 85, 86, 87, 88, 89, 90, 91, 92, 93, 94, 95, 96, 97, 98, 99, 100, 101, 102, 103, 104, 105, 106, 107, 108, 109]",10353.75,27.5,0.0,2.2407989501953125,492.9795455932617,0.0,17629.19921875,41732.0
full_release,0,[0],141.1875,0.25,0.0,2.2407989501953125,0.0,0.0,6877.52978515625,7550.0
full_release,1,"[0, 1]",188.25,0.5,0.0,2.2407989501953125,0.0,0.0,6932.33447265625,7742.0
full_release,2,"[0, 1, 2]",282.375,0.75,0.0,2.2407989501953125,0.0,0.0,7022.45361328125,7790.0
full_release,3,"[0, 1, 2, 3]",376.5,1.0,0.0,2.2407989501953125,0.0,0.0,7115.47607421875,8190.0
full_release,4,"[0, 1, 2, 3, 4]",470.625,1.25,0.0,2.2407989501953125,0.0,0.0,7211.12548828125,8286.0
full_release,5,"[0, 1, 2, 3, 4, 5]",564.75,1.5,0.0,2.2407989501953125,0.0,0.0,7306.49169921875,8334.0
full_release,6,"[0, 1, 2, 3, 4, 5, 6]",658.875,1.75,0.0,2.2407989501953125,0.0,0.0,7400.42236328125,8654.0
full_release,7,"[0, 1, 2, 3, 4, 5, 6, 7]",753.0,2.0,0.0,2.2407989501953125,0.0,0.0,7496.72607421875,8750.0
full_release,8,"[0, 1, 2, 3, 4, 5, 6, 7, 8]",847.125,2.25,0.0,2.2407989501953125,0.0,0.0,7584.87548828125,8894.0
full_release,9,"[0, 1, 2, 3, 4, 5, 6, 7, 8, 9]",941.25,2.5,0.0,2.2407989501953125,0.0,0.0,7690.27392578125,8894.0
full_release,10,"[0, 1, 2, 3, 4, 5, 6, 7, 8, 9, 10]",1035.375,2.75,0.0,2.2407989501953125,0.0,0.0,7772.89013671875,9338.0
full_release,11,"[0, 1, 2, 3, 4, 5, 6, 7, 8, 9, 10, 11]",1129.5,3.0,0.0,2.2407989501953125,0.0,0.0,7878.23486328125,9338.0
full_release,12,"[0, 1, 2, 3, 4, 5, 6, 7, 8, 9, 10, 11, 12]",1223.625,3.25,0.0,2.2407989501953125,0.0,0.0,7962.03857421875,9698.0
full_release,13,"[0, 1, 2, 3, 4, 5, 6, 7, 8, 9, 10, 11, 12, 13]",1317.75,3.5,0.0,2.2407989501953125,0.0,0.0,8057.49951171875,9698.0
full_release,14,"[0, 1, 2, 3, 4, 5, 6, 7, 8, 9, 10, 11, 12, 13, 14]",1411.875,3.75,0.0,2.2407989501953125,0.0,0.0,8151.10107421875,9890.0
full_release,15,"[0, 1, 2, 3, 4, 5, 6, 7, 8, 9, 10, 11, 12, 13, 14, 15]",1506.0,4.0,0.0,2.2407989501953125,0.0,0.0,8253.23486328125,9892.0
full_release,16,"[0, 1, 2, 3, 4, 5, 6, 7, 8, 9, 10, 11, 12, 13, 14, 15, 16]",1600.125,4.25,0.0,2.2407989501953125,0.0,0.0,8339.53857421875,10232.0
full_release,17,"[0, 1, 2, 3, 4, 5, 6, 7, 8, 9, 10, 11, 12, 13, 14, 15, 16, 17]",1694.25,4.5,0.0,2.2407989501953125,0.0,0.0,8434.99951171875,10376.0
full_release,18,"[0, 1, 2, 3, 4, 5, 6, 7, 8, 9, 10, 11, 12, 13, 14, 15, 16, 17, 18]",1788.375,4.75,0.0,2.2407989501953125,0.0,0.0,8529.77294921875,10680.0
full_release,19,"[0, 1, 2, 3, 4, 5, 6, 7, 8, 9, 10, 11, 12, 13, 14, 15, 16, 17, 18, 19]",1882.5,5.0,0.0,2.2407989501953125,0.0,0.0,8637.66357421875,10680.0
full_release,20,"[0, 1, 2, 3, 4, 5, 6, 7, 8, 9, 10, 11, 12, 13, 14, 15, 16, 17, 18, 19, 20]",1976.625,5.25,0.0,2.2407989501953125,0.0,0.0,8718.08544921875,11058.0
full_release,21,"[0, 1, 2, 3, 4, 5, 6, 7, 8, 9, 10, 11, 12, 13, 14, 15, 16, 17, 18, 19, 20, 21]",2070.75,5.5,0.0,2.2407989501953125,0.0,0.0,8811.33544921875,11058.0
full_release,22,"[0, 1, 2, 3, 4, 5, 6, 7, 8, 9, 10, 11, 12, 13, 14, 15, 16, 17, 18, 19, 20, 21, 22]",2164.875,5.75,0.0,2.2407989501953125,0.0,0.0,8906.04736328125,11150.0
full_release,23,"[0, 1, 2, 3, 4, 5, 6, 7, 8, 9, 10, 11, 12, 13, 14, 15, 16, 17, 18, 19, 20, 21, 22, 23]",2259.0,6.0,0.0,2.2407989501953125,0.0,0.0,9017.97607421875,11150.0
full_release,24,"[0, 1, 2, 3, 4, 5, 6, 7, 8, 9, 10, 11, 12, 13, 14, 15, 16, 17, 18, 19, 20, 21, 22, 23, 24]",2353.125,6.25,0.0,2.2407989501953125,0.0,0.0,9096.47705078125,12500.0
full_release,25,"[0, 1, 2, 3, 4, 5, 6, 7, 8, 9, 10, 11, 12, 13, 14, 15, 16, 17, 18, 19, 20, 21, 22, 23, 24, 25]",2447.25,6.5,0.0,2.2407989501953125,0.0,0.0,9189.17919921875,13214.0
full_release,26,"[0, 1, 2, 3, 4, 5, 6, 7, 8, 9, 10, 11, 12, 13, 14, 15, 16, 17, 18, 19, 20, 21, 22, 23, 24, 25, 26]",2541.375,6.75,0.0,2.2407989501953125,0.0,0.0,9283.84326171875,13798.0
full_release,27,"[0, 1, 2, 3, 4, 5, 6, 7, 8, 9, 10, 11, 12, 13, 14, 15, 16, 17, 18, 19, 20, 21, 22, 23, 24, 25, 26, 27]",2635.5,7.0,0.0,2.2407989501953125,0.0,0.0,9377.00634765625,14020.0
full_release,28,"[0, 1, 2, 3, 4, 5, 6, 7, 8, 9, 10, 11, 12, 13, 14, 15, 16, 17, 18, 19, 20, 21, 22, 23, 24, 25, 26, 27, 28]",2729.625,7.25,0.0,2.2407989501953125,0.0,0.0,9472.53076171875,14364.0
full_release,29,"[0, 1, 2, 3, 4, 5, 6, 7, 8, 9, 10, 11, 12, 13, 14, 15, 16, 17, 18, 19, 20, 21, 22, 23, 24, 25, 26, 27, 28, 29]",2823.75,7.5,0.0,2.2407989501953125,0.0,0.0,9565.75634765625,14364.0
full_release,30,"[0, 1, 2, 3, 4, 5, 6, 7, 8, 9, 10, 11, 12, 13, 14, 15, 16, 17, 18, 19, 20, 21, 22, 23, 24, 25, 26, 27, 28, 29, 30]",2917.875,7.75,0.0,2.2407989501953125,0.0,0.0,9661.98486328125,14486.0
full_release,31,"[0, 1, 2, 3, 4, 5, 6, 7, 8, 9, 10, 11, 12, 13, 14, 15, 16, 17, 18, 19, 20, 21, 22, 23, 24, 25, 26, 27, 28, 29, 30, 31]",3012.0,8.0,0.0,2.2407989501953125,0.0,0.0,9755.47607421875,14486.0
full_release,32,"[0, 1, 2, 3, 4, 5, 6, 7, 8, 9, 10, 11, 12, 13, 14, 15, 16, 17, 18, 19, 20, 21, 22, 23, 24, 25, 26, 27, 28, 29, 30, 31, 32]",3106.125,8.25,0.0,2.2407989501953125,0.0,0.0,9852.66552734375,14876.0
full_release,33,"[0, 1, 2, 3, 4, 5, 6, 7, 8, 9, 10, 11, 12, 13, 14, 15, 16, 17, 18, 19, 20, 21, 22, 23, 24, 25, 26, 27, 28, 29, 30, 31, 32, 33]",3200.25,8.5,0.0,2.2407989501953125,0.0,0.0,9946.44384765625,15144.0
full_release,34,"[0, 1, 2, 3, 4, 5, 6, 7, 8, 9, 10, 11, 12, 13, 14, 15, 16, 17, 18, 19, 20, 21, 22, 23, 24, 25, 26, 27, 28, 29, 30, 31, 32, 33, 34]",3294.375,8.75,0.0,2.2407989501953125,0.0,0.0,10041.04736328125,15558.0
full_release,35,"[0, 1, 2, 3, 4, 5, 6, 7, 8, 9, 10, 11, 12, 13, 14, 15, 16, 17, 18, 19, 20, 21, 22, 23, 24, 25, 26, 27, 28, 29, 30, 31, 32, 33, 34, 35]",3388.5,9.0,0.0,2.2407989501953125,0.0,0.0,10135.70263671875,15842.0
full_release,36,"[0, 1, 2, 3, 4, 5, 6, 7, 8, 9, 10, 11, 12, 13, 14, 15, 16, 17, 18, 19, 20, 21, 22, 23, 24, 25, 26, 27, 28, 29, 30, 31, 32, 33, 34, 35, 36]",3482.625,9.25,0.0,2.2407989501953125,0.0,0.0,10230.50048828125,16134.0
full_release,37,"[0, 1, 2, 3, 4, 5, 6, 7, 8, 9, 10, 11, 12, 13, 14, 15, 16, 17, 18, 19, 20, 21, 22, 23, 24, 25, 26, 27, 28, 29, 30, 31, 32, 33, 34, 35, 36, 37]",3576.75,9.5,0.0,2.2407989501953125,0.0,0.0,10323.05517578125,16434.0
full_release,38,"[0, 1, 2, 3, 4, 5, 6, 7, 8, 9, 10, 11, 12, 13, 14, 15, 16, 17, 18, 19, 20, 21, 22, 23, 24, 25, 26, 27, 28, 29, 30, 31, 32, 33, 34, 35, 36, 37, 38]",3670.875,9.75,0.0,2.2407989501953125,0.0,0.0,10417.69482421875,16742.0
full_release,39,"[0, 1, 2, 3, 4, 5, 6, 7, 8, 9, 10, 11, 12, 13, 14, 15, 16, 17, 18, 19, 20, 21, 22, 23, 24, 25, 26, 27, 28, 29, 30, 31, 32, 33, 34, 35, 36, 37, 38, 39]",3765.0,10.0,0.0,2.2407989501953125,0.0,0.0,10512.68798828125,17058.0
full_release,40,"[0, 1, 2, 3, 4, 5, 6, 7, 8, 9, 10, 11, 12, 13, 14, 15, 16, 17, 18, 19, 20, 21, 22, 23, 24, 25, 26, 27, 28, 29, 30, 31, 32, 33, 34, 35, 36, 37, 38, 39, 40]",3859.125,10.25,0.0,2.2407989501953125,0.0,0.0,10605.78759765625,17382.0
full_release,41,"[0, 1, 2, 3, 4, 5, 6, 7, 8, 9, 10, 11, 12, 13, 14, 15, 16, 17, 18, 19, 20, 21, 22, 23, 24, 25, 26, 27, 28, 29, 30, 31, 32, 33, 34, 35, 36, 37, 38, 39, 40, 41]",3953.25,10.5,0.0,2.2407989501953125,0.0,0.0,10699.50830078125,17714.0
full_release,42,"[0, 1, 2, 3, 4, 5, 6, 7, 8, 9, 10, 11, 12, 13, 14, 15, 16, 17, 18, 19, 20, 21, 22, 23, 24, 25, 26, 27, 28, 29, 30, 31, 32, 33, 34, 35, 36, 37, 38, 39, 40, 41, 42]",4047.375,10.75,0.0,2.2407989501953125,0.0,0.0,10795.26708984375,18054.0
full_release,43,"[0, 1, 2, 3, 4, 5, 6, 7, 8, 9, 10, 11, 12, 13, 14, 15, 16, 17, 18, 19, 20, 21, 22, 23, 24, 25, 26, 27, 28, 29, 30, 31, 32, 33, 34, 35, 36, 37, 38, 39, 40, 41, 42, 43]",4141.5,11.0,0.0,2.2407989501953125,0.0,0.0,10889.05517578125,18402.0
full_release,44,"[0, 1, 2, 3, 4, 5, 6, 7, 8, 9, 10, 11, 12, 13, 14, 15, 16, 17, 18, 19, 20, 21, 22, 23, 24, 25, 26, 27, 28, 29, 30, 31, 32, 33, 34, 35, 36, 37, 38, 39, 40, 41, 42, 43, 44]",4235.625,11.25,0.0,2.2407989501953125,0.0,0.0,10984.28271484375,18758.0
full_release,45,"[0, 1, 2, 3, 4, 5, 6, 7, 8, 9, 10, 11, 12, 13, 14, 15, 16, 17, 18, 19, 20, 21, 22, 23, 24, 25, 26, 27, 28, 29, 30, 31, 32, 33, 34, 35, 36, 37, 38, 39, 40, 41, 42, 43, 44, 45]",4329.75,11.5,0.0,2.2407989501953125,0.0,0.0,11077.21826171875,19122.0
full_release,46,"[0, 1, 2, 3, 4, 5, 6, 7, 8, 9, 10, 11, 12, 13, 14, 15, 16, 17, 18, 19, 20, 21, 22, 23, 24, 25, 26, 27, 28, 29, 30, 31, 32, 33, 34, 35, 36, 37, 38, 39, 40, 41, 42, 43, 44, 45, 46]",4423.875,11.75,0.0,2.2407989501953125,0.0,0.0,11174.22021484375,19494.0
full_release,47,"[0, 1, 2, 3, 4, 5, 6, 7, 8, 9, 10, 11, 12, 13, 14, 15, 16, 17, 18, 19, 20, 21, 22, 23, 24, 25, 26, 27, 28, 29, 30, 31, 32, 33, 34, 35, 36, 37, 38, 39, 40, 41, 42, 43, 44, 45, 46, 47]",4518.0,12.0,0.0,2.2407989501953125,0.0,0.0,11267.14990234375,19874.0
full_release,48,"[0, 1, 2, 3, 4, 5, 6, 7, 8, 9, 10, 11, 12, 13, 14, 15, 16, 17, 18, 19, 20, 21, 22, 23, 24, 25, 26, 27, 28, 29, 30, 31, 32, 33, 34, 35, 36, 37, 38, 39, 40, 41, 42, 43, 44, 45, 46, 47, 48]",4612.125,12.25,0.0,2.2407989501953125,0.0,0.0,11362.57958984375,20262.0
full_release,49,"[0, 1, 2, 3, 4, 5, 6, 7, 8, 9, 10, 11, 12, 13, 14, 15, 16, 17, 18, 19, 20, 21, 22, 23, 24, 25, 26, 27, 28, 29, 30, 31, 32, 33, 34, 35, 36, 37, 38, 39, 40, 41, 42, 43, 44, 45, 46, 47, 48, 49]",4706.25,12.5,0.0,2.2407989501953125,0.0,0.0,11456.54736328125,20658.0
full_release,50,"[0, 1, 2, 3, 4, 5, 6, 7, 8, 9, 10, 11, 12, 13, 14, 15, 16, 17, 18, 19, 20, 21, 22, 23, 24, 25, 26, 27, 28, 29, 30, 31, 32, 33, 34, 35, 36, 37, 38, 39, 40, 41, 42, 43, 44, 45, 46, 47, 48, 49, 50]",4800.375,12.75,0.0,2.2407989501953125,0.0,0.0,11550.25048828125,21466.0
full_release,51,"[0, 1, 2, 3, 4, 5, 6, 7, 8, 9, 10, 11, 12, 13, 14, 15, 16, 17, 18, 19, 20, 21, 22, 23, 24, 25, 26, 27, 28, 29, 30, 31, 32, 33, 34, 35, 36, 37, 38, 39, 40, 41, 42, 43, 44, 45, 46, 47, 48, 49, 50, 51]",4894.5,13.0,0.0,2.2407989501953125,0.0,0.0,11644.52587890625,22078.0
full_release,52,"[0, 1, 2, 3, 4, 5, 6, 7, 8, 9, 10, 11, 12, 13, 14, 15, 16, 17, 18, 19, 20, 21, 22, 23, 24, 25, 26, 27, 28, 29, 30, 31, 32, 33, 34, 35, 36, 37, 38, 39, 40, 41, 42, 43, 44, 45, 46, 47, 48, 49, 50, 51, 52]",4988.625,13.25,0.0,2.2407989501953125,0.0,0.0,11739.02294921875,22702.0
full_release,53,"[0, 1, 2, 3, 4, 5, 6, 7, 8, 9, 10, 11, 12, 13, 14, 15, 16, 17, 18, 19, 20, 21, 22, 23, 24, 25, 26, 27, 28, 29, 30, 31, 32, 33, 34, 35, 36, 37, 38, 39, 40, 41, 42, 43, 44, 45, 46, 47, 48, 49, 50, 51, 52, 53]",5082.75,13.5,0.0,2.2407989501953125,0.0,0.0,11834.58740234375,23126.0
full_release,54,"[0, 1, 2, 3, 4, 5, 6, 7, 8, 9, 10, 11, 12, 13, 14, 15, 16, 17, 18, 19, 20, 21, 22, 23, 24, 25, 26, 27, 28, 29, 30, 31, 32, 33, 34, 35, 36, 37, 38, 39, 40, 41, 42, 43, 44, 45, 46, 47, 48, 49, 50, 51, 52, 53, 54]",5176.875,13.75,0.0,2.2407989501953125,0.0,0.0,11927.39111328125,23774.0
full_release,55,"[0, 1, 2, 3, 4, 5, 6, 7, 8, 9, 10, 11, 12, 13, 14, 15, 16, 17, 18, 19, 20, 21, 22, 23, 24, 25, 26, 27, 28, 29, 30, 31, 32, 33, 34, 35, 36, 37, 38, 39, 40, 41, 42, 43, 44, 45, 46, 47, 48, 49, 50, 51, 52, 53, 54, 55]",5271.0,14.0,0.0,2.2407989501953125,0.0,0.0,12022.85888671875,24214.0
full_release,56,"[0, 1, 2, 3, 4, 5, 6, 7, 8, 9, 10, 11, 12, 13, 14, 15, 16, 17, 18, 19, 20, 21, 22, 23, 24, 25, 26, 27, 28, 29, 30, 31, 32, 33, 34, 35, 36, 37, 38, 39, 40, 41, 42, 43, 44, 45, 46, 47, 48, 49, 50, 51, 52, 53, 54, 55, 56]",5365.125,14.25,0.0,2.2407989501953125,0.0,0.0,12116.87353515625,24662.0
full_release,57,"[0, 1, 2, 3, 4, 5, 6, 7, 8, 9, 10, 11, 12, 13, 14, 15, 16, 17, 18, 19, 20, 21, 22, 23, 24, 25, 26, 27, 28, 29, 30, 31, 32, 33, 34, 35, 36, 37, 38, 39, 40, 41, 42, 43, 44, 45, 46, 47, 48, 49, 50, 51, 52, 53, 54, 55, 56, 57]",5459.25,14.5,0.0,2.2407989501953125,0.0,0.0,12212.38134765625,25118.0
full_release,58,"[0, 1, 2, 3, 4, 5, 6, 7, 8, 9, 10, 11, 12, 13, 14, 15, 16, 17, 18, 19, 20, 21, 22, 23, 24, 25, 26, 27, 28, 29, 30, 31, 32, 33, 34, 35, 36, 37, 38, 39, 40, 41, 42, 43, 44, 45, 46, 47, 48, 49, 50, 51, 52, 53, 54, 55, 56, 57, 58]",5553.375,14.75,0.0,2.2407989501953125,0.0,0.0,12304.27197265625,25582.0
full_release,59,"[0, 1, 2, 3, 4, 5, 6, 7, 8, 9, 10, 11, 12, 13, 14, 15, 16, 17, 18, 19, 20, 21, 22, 23, 24, 25, 26, 27, 28, 29, 30, 31, 32, 33, 34, 35, 36, 37, 38, 39, 40, 41, 42, 43, 44, 45, 46, 47, 48, 49, 50, 51, 52, 53, 54, 55, 56, 57, 58, 59]",5647.5,15.0,0.0,2.2407989501953125,0.0,0.0,12399.79638671875,26054.0
full_release,60,"[0, 1, 2, 3, 4, 5, 6, 7, 8, 9, 10, 11, 12, 13, 14, 15, 16, 17, 18, 19, 20, 21, 22, 23, 24, 25, 26, 27, 28, 29, 30, 31, 32, 33, 34, 35, 36, 37, 38, 39, 40, 41, 42, 43, 44, 45, 46, 47, 48, 49, 50, 51, 52, 53, 54, 55, 56, 57, 58, 59, 60]",5741.625,15.25,0.0,2.2407989501953125,0.0,0.0,12494.55517578125,26534.0
full_release,61,"[0, 1, 2, 3, 4, 5, 6, 7, 8, 9, 10, 11, 12, 13, 14, 15, 16, 17, 18, 19, 20, 21, 22, 23, 24, 25, 26, 27, 28, 29, 30, 31, 32, 33, 34, 35, 36, 37, 38, 39, 40, 41, 42, 43, 44, 45, 46, 47, 48, 49, 50, 51, 52, 53, 54, 55, 56, 57, 58, 59, 60, 61]",5835.75,15.5,0.0,2.2407989501953125,0.0,0.0,12589.86669921875,27022.0
full_release,62,"[0, 1, 2, 3, 4, 5, 6, 7, 8, 9, 10, 11, 12, 13, 14, 15, 16, 17, 18, 19, 20, 21, 22, 23, 24, 25, 26, 27, 28, 29, 30, 31, 32, 33, 34, 35, 36, 37, 38, 39, 40, 41, 42, 43, 44, 45, 46, 47, 48, 49, 50, 51, 52, 53, 54, 55, 56, 57, 58, 59, 60, 61, 62]",5929.875,15.75,0.0,2.2407989501953125,0.0,0.0,12681.80419921875,27518.0
full_release,63,"[0, 1, 2, 3, 4, 5, 6, 7, 8, 9, 10, 11, 12, 13, 14, 15, 16, 17, 18, 19, 20, 21, 22, 23, 24, 25, 26, 27, 28, 29, 30, 31, 32, 33, 34, 35, 36, 37, 38, 39, 40, 41, 42, 43, 44, 45, 46, 47, 48, 49, 50, 51, 52, 53, 54, 55, 56, 57, 58, 59, 60, 61, 62, 63]",6024.0,16.0,0.0,2.2407989501953125,0.0,0.0,12779.51611328125,28022.0
full_release,64,"[0, 1, 2, 3, 4, 5, 6, 7, 8, 9, 10, 11, 12, 13, 14, 15, 16, 17, 18, 19, 20, 21, 22, 23, 24, 25, 26, 27, 28, 29, 30, 31, 32, 33, 34, 35, 36, 37, 38, 39, 40, 41, 42, 43, 44, 45, 46, 47, 48, 49, 50, 51, 52, 53, 54, 55, 56, 57, 58, 59, 60, 61, 62, 63, 64]",6118.125,16.25,0.0,2.2407989501953125,0.0,0.0,12870.61083984375,28534.0
full_release,65,"[0, 1, 2, 3, 4, 5, 6, 7, 8, 9, 10, 11, 12, 13, 14, 15, 16, 17, 18, 19, 20, 21, 22, 23, 24, 25, 26, 27, 28, 29, 30, 31, 32, 33, 34, 35, 36, 37, 38, 39, 40, 41, 42, 43, 44, 45, 46, 47, 48, 49, 50, 51, 52, 53, 54, 55, 56, 57, 58, 59, 60, 61, 62, 63, 64, 65]",6212.25,16.5,0.0,2.2407989501953125,0.0,0.0,12966.85986328125,29054.0
full_release,66,"[0, 1, 2, 3, 4, 5, 6, 7, 8, 9, 10, 11, 12, 13, 14, 15, 16, 17, 18, 19, 20, 21, 22, 23, 24, 25, 26, 27, 28, 29, 30, 31, 32, 33, 34, 35, 36, 37, 38, 39, 40, 41, 42, 43, 44, 45, 46, 47, 48, 49, 50, 51, 52, 53, 54, 55, 56, 57, 58, 59, 60, 61, 62, 63, 64, 65, 66]",6306.375,16.75,0.0,2.2407989501953125,0.0,0.0,13059.56298828125,29582.0
full_release,67,"[0, 1, 2, 3, 4, 5, 6, 7, 8, 9, 10, 11, 12, 13, 14, 15, 16, 17, 18, 19, 20, 21, 22, 23, 24, 25, 26, 27, 28, 29, 30, 31, 32, 33, 34, 35, 36, 37, 38, 39, 40, 41, 42, 43, 44, 45, 46, 47, 48, 49, 50, 51, 52, 53, 54, 55, 56, 57, 58, 59, 60, 61, 62, 63, 64, 65, 66, 67]",6400.5,17.0,0.0,2.2407989501953125,0.0,0.0,13156.28955078125,30118.0
full_release,68,"[0, 1, 2, 3, 4, 5, 6, 7, 8, 9, 10, 11, 12, 13, 14, 15, 16, 17, 18, 19, 20, 21, 22, 23, 24, 25, 26, 27, 28, 29, 30, 31, 32, 33, 34, 35, 36, 37, 38, 39, 40, 41, 42, 43, 44, 45, 46, 47, 48, 49, 50, 51, 52, 53, 54, 55, 56, 57, 58, 59, 60, 61, 62, 63, 64, 65, 66, 67, 68]",6494.625,17.25,0.0,2.2407989501953125,0.0,0.0,13249.03955078125,30662.0
full_release,69,"[0, 1, 2, 3, 4, 5, 6, 7, 8, 9, 10, 11, 12, 13, 14, 15, 16, 17, 18, 19, 20, 21, 22, 23, 24, 25, 26, 27, 28, 29, 30, 31, 32, 33, 34, 35, 36, 37, 38, 39, 40, 41, 42, 43, 44, 45, 46, 47, 48, 49, 50, 51, 52, 53, 54, 55, 56, 57, 58, 59, 60, 61, 62, 63, 64, 65, 66, 67, 68, 69]",6588.75,17.5,0.0,2.2407989501953125,0.0,0.0,13343.03955078125,31214.0
full_release,70,"[0, 1, 2, 3, 4, 5, 6, 7, 8, 9, 10, 11, 12, 13, 14, 15, 16, 17, 18, 19, 20, 21, 22, 23, 24, 25, 26, 27, 28, 29, 30, 31, 32, 33, 34, 35, 36, 37, 38, 39, 40, 41, 42, 43, 44, 45, 46, 47, 48, 49, 50, 51, 52, 53, 54, 55, 56, 57, 58, 59, 60, 61, 62, 63, 64, 65, 66, 67, 68, 69, 70]",6682.875,17.75,0.0,2.2407989501953125,0.0,0.0,13437.14794921875,31774.0
full_release,71,"[0, 1, 2, 3, 4, 5, 6, 7, 8, 9, 10, 11, 12, 13, 14, 15, 16, 17, 18, 19, 20, 21, 22, 23, 24, 25, 26, 27, 28, 29, 30, 31, 32, 33, 34, 35, 36, 37, 38, 39, 40, 41, 42, 43, 44, 45, 46, 47, 48, 49, 50, 51, 52, 53, 54, 55, 56, 57, 58, 59, 60, 61, 62, 63, 64, 65, 66, 67, 68, 69, 70, 71]",6777.0,18.0,0.0,2.2407989501953125,0.0,0.0,13533.28173828125,32342.0
full_release,72,"[0, 1, 2, 3, 4, 5, 6, 7, 8, 9, 10, 11, 12, 13, 14, 15, 16, 17, 18, 19, 20, 21, 22, 23, 24, 25, 26, 27, 28, 29, 30, 31, 32, 33, 34, 35, 36, 37, 38, 39, 40, 41, 42, 43, 44, 45, 46, 47, 48, 49, 50, 51, 52, 53, 54, 55, 56, 57, 58, 59, 60, 61, 62, 63, 64, 65, 66, 67, 68, 69, 70, 71, 72]",6871.125,18.25,0.0,2.2407989501953125,0.0,0.0,13625.90673828125,32918.0
full_release,73,"[0, 1, 2, 3, 4, 5, 6, 7, 8, 9, 10, 11, 12, 13, 14, 15, 16, 17, 18, 19, 20, 21, 22, 23, 24, 25, 26, 27, 28, 29, 30, 31, 32, 33, 34, 35, 36, 37, 38, 39, 40, 41, 42, 43, 44, 45, 46, 47, 48, 49, 50, 51, 52, 53, 54, 55, 56, 57, 58, 59, 60, 61, 62, 63, 64, 65, 66, 67, 68, 69, 70, 71, 72, 73]",6965.25,18.5,0.0,2.2407989501953125,0.0,0.0,13719.99267578125,33502.0
full_release,74,"[0, 1, 2, 3, 4, 5, 6, 7, 8, 9, 10, 11, 12, 13, 14, 15, 16, 17, 18, 19, 20, 21, 22, 23, 24, 25, 26, 27, 28, 29, 30, 31, 32, 33, 34, 35, 36, 37, 38, 39, 40, 41, 42, 43, 44, 45, 46, 47, 48, 49, 50, 51, 52, 53, 54, 55, 56, 57, 58, 59, 60, 61, 62, 63, 64, 65, 66, 67, 68, 69, 70, 71, 72, 73, 74]",7059.375,18.75,0.0,2.2407989501953125,0.0,0.0,13814.58544921875,34094.0
full_release,75,"[0, 1, 2, 3, 4, 5, 6, 7, 8, 9, 10, 11, 12, 13, 14, 15, 16, 17, 18, 19, 20, 21, 22, 23, 24, 25, 26, 27, 28, 29, 30, 31, 32, 33, 34, 35, 36, 37, 38, 39, 40, 41, 42, 43, 44, 45, 46, 47, 48, 49, 50, 51, 52, 53, 54, 55, 56, 57, 58, 59, 60, 61, 62, 63, 64, 65, 66, 67, 68, 69, 70, 71, 72, 73, 74, 75]",7153.5,19.0,0.0,2.2407989501953125,0.0,0.0,13908.60205078125,34694.0
full_release,76,"[0, 1, 2, 3, 4, 5, 6, 7, 8, 9, 10, 11, 12, 13, 14, 15, 16, 17, 18, 19, 20, 21, 22, 23, 24, 25, 26, 27, 28, 29, 30, 31, 32, 33, 34, 35, 36, 37, 38, 39, 40, 41, 42, 43, 44, 45, 46, 47, 48, 49, 50, 51, 52, 53, 54, 55, 56, 57, 58, 59, 60, 61, 62, 63, 64, 65, 66, 67, 68, 69, 70, 71, 72, 73, 74, 75, 76]",7247.625,19.25,0.0,2.2407989501953125,0.0,0.0,14003.30419921875,35298.0
full_release,77,"[0, 1, 2, 3, 4, 5, 6, 7, 8, 9, 10, 11, 12, 13, 14, 15, 16, 17, 18, 19, 20, 21, 22, 23, 24, 25, 26, 27, 28, 29, 30, 31, 32, 33, 34, 35, 36, 37, 38, 39, 40, 41, 42, 43, 44, 45, 46, 47, 48, 49, 50, 51, 52, 53, 54, 55, 56, 57, 58, 59, 60, 61, 62, 63, 64, 65, 66, 67, 68, 69, 70, 71, 72, 73, 74, 75, 76, 77]",7341.75,19.5,0.0,2.2407989501953125,0.0,0.0,14096.68017578125,35910.0
full_release,78,"[0, 1, 2, 3, 4, 5, 6, 7, 8, 9, 10, 11, 12, 13, 14, 15, 16, 17, 18, 19, 20, 21, 22, 23, 24, 25, 26, 27, 28, 29, 30, 31, 32, 33, 34, 35, 36, 37, 38, 39, 40, 41, 42, 43, 44, 45, 46, 47, 48, 49, 50, 51, 52, 53, 54, 55, 56, 57, 58, 59, 60, 61, 62, 63, 64, 65, 66, 67, 68, 69, 70, 71, 72, 73, 74, 75, 76, 77, 78]",7435.875,19.75,0.0,2.2407989501953125,0.0,0.0,14192.25048828125,36530.0
full_release,79,"[0, 1, 2, 3, 4, 5, 6, 7, 8, 9, 10, 11, 12, 13, 14, 15, 16, 17, 18, 19, 20, 21, 22, 23, 24, 25, 26, 27, 28, 29, 30, 31, 32, 33, 34, 35, 36, 37, 38, 39, 40, 41, 42, 43, 44, 45, 46, 47, 48, 49, 50, 51, 52, 53, 54, 55, 56, 57, 58, 59, 60, 61, 62, 63, 64, 65, 66, 67, 68, 69, 70, 71, 72, 73, 74, 75, 76, 77, 78, 79]",7530.0,20.0,0.0,2.2407989501953125,0.0,0.0,14285.13232421875,37158.0
full_release,80,"[0, 1, 2, 3, 4, 5, 6, 7, 8, 9, 10, 11, 12, 13, 14, 15, 16, 17, 18, 19, 20, 21, 22, 23, 24, 25, 26, 27, 28, 29, 30, 31, 32, 33, 34, 35, 36, 37, 38, 39, 40, 41, 42, 43, 44, 45, 46, 47, 48, 49, 50, 51, 52, 53, 54, 55, 56, 57, 58, 59, 60, 61, 62, 63, 64, 65, 66, 67, 68, 69, 70, 71, 72, 73, 74, 75, 76, 77, 78, 79, 80]",7624.125,20.25,0.0,2.2407989501953125,0.0,0.0,14380.74169921875,37794.0
full_release,81,"[0, 1, 2, 3, 4, 5, 6, 7, 8, 9, 10, 11, 12, 13, 14, 15, 16, 17, 18, 19, 20, 21, 22, 23, 24, 25, 26, 27, 28, 29, 30, 31, 32, 33, 34, 35, 36, 37, 38, 39, 40, 41, 42, 43, 44, 45, 46, 47, 48, 49, 50, 51, 52, 53, 54, 55, 56, 57, 58, 59, 60, 61, 62, 63, 64, 65, 66, 67, 68, 69, 70, 71, 72, 73, 74, 75, 76, 77, 78, 79, 80, 81]",7718.25,20.5,0.0,2.2407989501953125,0.0,0.0,14473.81982421875,38438.0
full_release,82,"[0, 1, 2, 3, 4, 5, 6, 7, 8, 9, 10, 11, 12, 13, 14, 15, 16, 17, 18, 19, 20, 21, 22, 23, 24, 25, 26, 27, 28, 29, 30, 31, 32, 33, 34, 35, 36, 37, 38, 39, 40, 41, 42, 43, 44, 45, 46, 47, 48, 49, 50, 51, 52, 53, 54, 55, 56, 57, 58, 59, 60, 61, 62, 63, 64, 65, 66, 67, 68, 69, 70, 71, 72, 73, 74, 75, 76, 77, 78, 79, 80, 81, 82]",7812.375,20.75,0.0,2.2407989501953125,0.0,0.0,14569.46044921875,39090.0
full_release,83,"[0, 1, 2, 3, 4, 5, 6, 7, 8, 9, 10, 11, 12, 13, 14, 15, 16, 17, 18, 19, 20, 21, 22, 23, 24, 25, 26, 27, 28, 29, 30, 31, 32, 33, 34, 35, 36, 37, 38, 39, 40, 41, 42, 43, 44, 45, 46, 47, 48, 49, 50, 51, 52, 53, 54, 55, 56, 57, 58, 59, 60, 61, 62, 63, 64, 65, 66, 67, 68, 69, 70, 71, 72, 73, 74, 75, 76, 77, 78, 79, 80, 81, 82, 83]",7906.5,21.0,0.0,2.2407989501953125,0.0,0.0,14662.00732421875,39750.0
full_release,84,"[0, 1, 2, 3, 4, 5, 6, 7, 8, 9, 10, 11, 12, 13, 14, 15, 16, 17, 18, 19, 20, 21, 22, 23, 24, 25, 26, 27, 28, 29, 30, 31, 32, 33, 34, 35, 36, 37, 38, 39, 40, 41, 42, 43, 44, 45, 46, 47, 48, 49, 50, 51, 52, 53, 54, 55, 56, 57, 58, 59, 60, 61, 62, 63, 64, 65, 66, 67, 68, 69, 70, 71, 72, 73, 74, 75, 76, 77, 78, 79, 80, 81, 82, 83, 84]",8000.625,21.25,0.0,2.2407989501953125,0.0,0.0,14758.59423828125,40418.0
full_release,85,"[0, 1, 2, 3, 4, 5, 6, 7, 8, 9, 10, 11, 12, 13, 14, 15, 16, 17, 18, 19, 20, 21, 22, 23, 24, 25, 26, 27, 28, 29, 30, 31, 32, 33, 34, 35, 36, 37, 38, 39, 40, 41, 42, 43, 44, 45, 46, 47, 48, 49, 50, 51, 52, 53, 54, 55, 56, 57, 58, 59, 60, 61, 62, 63, 64, 65, 66, 67, 68, 69, 70, 71, 72, 73, 74, 75, 76, 77, 78, 79, 80, 81, 82, 83, 84, 85]",8094.75,21.5,0.0,2.2407989501953125,0.0,0.0,14851.19482421875,41094.0
full_release,86,"[0, 1, 2, 3, 4, 5, 6, 7, 8, 9, 10, 11, 12, 13, 14, 15, 16, 17, 18, 19, 20, 21, 22, 23, 24, 25, 26, 27, 28, 29, 30, 31, 32, 33, 34, 35, 36, 37, 38, 39, 40, 41, 42, 43, 44, 45, 46, 47, 48, 49, 50, 51, 52, 53, 54, 55, 56, 57, 58, 59, 60, 61, 62, 63, 64, 65, 66, 67, 68, 69, 70, 71, 72, 73, 74, 75, 76, 77, 78, 79, 80, 81, 82, 83, 84, 85, 86]",8188.875,21.75,0.0,2.2407989501953125,0.0,0.0,14946.89794921875,41778.0
full_release,87,"[0, 1, 2, 3, 4, 5, 6, 7, 8, 9, 10, 11, 12, 13, 14, 15, 16, 17, 18, 19, 20, 21, 22, 23, 24, 25, 26, 27, 28, 29, 30, 31, 32, 33, 34, 35, 36, 37, 38, 39, 40, 41, 42, 43, 44, 45, 46, 47, 48, 49, 50, 51, 52, 53, 54, 55, 56, 57, 58, 59, 60, 61, 62, 63, 64, 65, 66, 67, 68, 69, 70, 71, 72, 73, 74, 75, 76, 77, 78, 79, 80, 81, 82, 83, 84, 85, 86, 87]",8283.0,22.0,0.0,2.2407989501953125,0.0,0.0,15039.88232421875,42470.0
full_release,88,"[0, 1, 2, 3, 4, 5, 6, 7, 8, 9, 10, 11, 12, 13, 14, 15, 16, 17, 18, 19, 20, 21, 22, 23, 24, 25, 26, 27, 28, 29, 30, 31, 32, 33, 34, 35, 36, 37, 38, 39, 40, 41, 42, 43, 44, 45, 46, 47, 48, 49, 50, 51, 52, 53, 54, 55, 56, 57, 58, 59, 60, 61, 62, 63, 64, 65, 66, 67, 68, 69, 70, 71, 72, 73, 74, 75, 76, 77, 78, 79, 80, 81, 82, 83, 84, 85, 86, 87, 88]",8377.125,22.25,0.0,2.2407989501953125,0.0,0.0,15135.61669921875,43170.0
full_release,89,"[0, 1, 2, 3, 4, 5, 6, 7, 8, 9, 10, 11, 12, 13, 14, 15, 16, 17, 18, 19, 20, 21, 22, 23, 24, 25, 26, 27, 28, 29, 30, 31, 32, 33, 34, 35, 36, 37, 38, 39, 40, 41, 42, 43, 44, 45, 46, 47, 48, 49, 50, 51, 52, 53, 54, 55, 56, 57, 58, 59, 60, 61, 62, 63, 64, 65, 66, 67, 68, 69, 70, 71, 72, 73, 74, 75, 76, 77, 78, 79, 80, 81, 82, 83, 84, 85, 86, 87, 88, 89]",8471.25,22.5,0.0,2.2407989501953125,0.0,0.0,15228.25732421875,43878.0
full_release,90,"[0, 1, 2, 3, 4, 5, 6, 7, 8, 9, 10, 11, 12, 13, 14, 15, 16, 17, 18, 19, 20, 21, 22, 23, 24, 25, 26, 27, 28, 29, 30, 31, 32, 33, 34, 35, 36, 37, 38, 39, 40, 41, 42, 43, 44, 45, 46, 47, 48, 49, 50, 51, 52, 53, 54, 55, 56, 57, 58, 59, 60, 61, 62, 63, 64, 65, 66, 67, 68, 69, 70, 71, 72, 73, 74, 75, 76, 77, 78, 79, 80, 81, 82, 83, 84, 85, 86, 87, 88, 89, 90]",8565.375,22.75,0.0,2.2407989501953125,0.0,0.0,15324.96142578125,44594.0
full_release,91,"[0, 1, 2, 3, 4, 5, 6, 7, 8, 9, 10, 11, 12, 13, 14, 15, 16, 17, 18, 19, 20, 21, 22, 23, 24, 25, 26, 27, 28, 29, 30, 31, 32, 33, 34, 35, 36, 37, 38, 39, 40, 41, 42, 43, 44, 45, 46, 47, 48, 49, 50, 51, 52, 53, 54, 55, 56, 57, 58, 59, 60, 61, 62, 63, 64, 65, 66, 67, 68, 69, 70, 71, 72, 73, 74, 75, 76, 77, 78, 79, 80, 81, 82, 83, 84, 85, 86, 87, 88, 89, 90, 91]",8659.5,23.0,0.0,2.2407989501953125,0.0,0.0,15417.28076171875,21696.0
full_release,92,"[0, 1, 2, 3, 4, 5, 6, 7, 8, 9, 10, 11, 12, 13, 14, 15, 16, 17, 18, 19, 20, 21, 22, 23, 24, 25, 26, 27, 28, 29, 30, 31, 32, 33, 34, 35, 36, 37, 38, 39, 40, 41, 42, 43, 44, 45, 46, 47, 48, 49, 50, 51, 52, 53, 54, 55, 56, 57, 58, 59, 60, 61, 62, 63, 64, 65, 66, 67, 68, 69, 70, 71, 72, 73, 74, 75, 76, 77, 78, 79, 80, 81, 82, 83, 84, 85, 86, 87, 88, 89, 90, 91, 92]",8753.625,23.25,0.0,2.2407989501953125,0.0,0.0,15513.05419921875,23160.0
full_release,93,"[0, 1, 2, 3, 4, 5, 6, 7, 8, 9, 10, 11, 12, 13, 14, 15, 16, 17, 18, 19, 20, 21, 22, 23, 24, 25, 26, 27, 28, 29, 30, 31, 32, 33, 34, 35, 36, 37, 38, 39, 40, 41, 42, 43, 44, 45, 46, 47, 48, 49, 50, 51, 52, 53, 54, 55, 56, 57, 58, 59, 60, 61, 62, 63, 64, 65, 66, 67, 68, 69, 70, 71, 72, 73, 74, 75, 76, 77, 78, 79, 80, 81, 82, 83, 84, 85, 86, 87, 88, 89, 90, 91, 92, 93]",8847.75,23.5,0.0,2.2407989501953125,0.0,0.0,15607.06982421875,23900.0
full_release,94,"[0, 1, 2, 3, 4, 5, 6, 7, 8, 9, 10, 11, 12, 13, 14, 15, 16, 17, 18, 19, 20, 21, 22, 23, 24, 25, 26, 27, 28, 29, 30, 31, 32, 33, 34, 35, 36, 37, 38, 39, 40, 41, 42, 43, 44, 45, 46, 47, 48, 49, 50, 51, 52, 53, 54, 55, 56, 57, 58, 59, 60, 61, 62, 63, 64, 65, 66, 67, 68, 69, 70, 71, 72, 73, 74, 75, 76, 77, 78, 79, 80, 81, 82, 83, 84, 85, 86, 87, 88, 89, 90, 91, 92, 93, 94]",8941.875,23.75,0.0,2.2407989501953125,0.0,0.0,15702.00732421875,25022.0
full_release,95,"[0, 1, 2, 3, 4, 5, 6, 7, 8, 9, 10, 11, 12, 13, 14, 15, 16, 17, 18, 19, 20, 21, 22, 23, 24, 25, 26, 27, 28, 29, 30, 31, 32, 33, 34, 35, 36, 37, 38, 39, 40, 41, 42, 43, 44, 45, 46, 47, 48, 49, 50, 51, 52, 53, 54, 55, 56, 57, 58, 59, 60, 61, 62, 63, 64, 65, 66, 67, 68, 69, 70, 71, 72, 73, 74, 75, 76, 77, 78, 79, 80, 81, 82, 83, 84, 85, 86, 87, 88, 89, 90, 91, 92, 93, 94, 95]",9036.0,24.0,0.0,2.2407989501953125,0.0,0.0,15801.78173828125,25778.0
full_release,96,"[0, 1, 2, 3, 4, 5, 6, 7, 8, 9, 10, 11, 12, 13, 14, 15, 16, 17, 18, 19, 20, 21, 22, 23, 24, 25, 26, 27, 28, 29, 30, 31, 32, 33, 34, 35, 36, 37, 38, 39, 40, 41, 42, 43, 44, 45, 46, 47, 48, 49, 50, 51, 52, 53, 54, 55, 56, 57, 58, 59, 60, 61, 62, 63, 64, 65, 66, 67, 68, 69, 70, 71, 72, 73, 74, 75, 76, 77, 78, 79, 80, 81, 82, 83, 84, 85, 86, 87, 88, 89, 90, 91, 92, 93, 94, 95, 96]",9130.125,24.25,0.0,2.2407989501953125,0.0,0.0,15897.11865234375,26542.0
full_release,97,"[0, 1, 2, 3, 4, 5, 6, 7, 8, 9, 10, 11, 12, 13, 14, 15, 16, 17, 18, 19, 20, 21, 22, 23, 24, 25, 26, 27, 28, 29, 30, 31, 32, 33, 34, 35, 36, 37, 38, 39, 40, 41, 42, 43, 44, 45, 46, 47, 48, 49, 50, 51, 52, 53, 54, 55, 56, 57, 58, 59, 60, 61, 62, 63, 64, 65, 66, 67, 68, 69, 70, 71, 72, 73, 74, 75, 76, 77, 78, 79, 80, 81, 82, 83, 84, 85, 86, 87, 88, 89, 90, 91, 92, 93, 94, 95, 96, 97]",9224.25,24.5,0.0,2.2407989501953125,0.0,0.0,15990.67236328125,27314.0
full_release,98,"[0, 1, 2, 3, 4, 5, 6, 7, 8, 9, 10, 11, 12, 13, 14, 15, 16, 17, 18, 19, 20, 21, 22, 23, 24, 25, 26, 27, 28, 29, 30, 31, 32, 33, 34, 35, 36, 37, 38, 39, 40, 41, 42, 43, 44, 45, 46, 47, 48, 49, 50, 51, 52, 53, 54, 55, 56, 57, 58, 59, 60, 61, 62, 63, 64, 65, 66, 67, 68, 69, 70, 71, 72, 73, 74, 75, 76, 77, 78, 79, 80, 81, 82, 83, 84, 85, 86, 87, 88, 89, 90, 91, 92, 93, 94, 95, 96, 97, 98]",9318.375,24.75,0.0,2.2407989501953125,0.0,0.0,16083.84423828125,28094.0
full_release,99,"[0, 1, 2, 3, 4, 5, 6, 7, 8, 9, 10, 11, 12, 13, 14, 15, 16, 17, 18, 19, 20, 21, 22, 23, 24, 25, 26, 27, 28, 29, 30, 31, 32, 33, 34, 35, 36, 37, 38, 39, 40, 41, 42, 43, 44, 45, 46, 47, 48, 49, 50, 51, 52, 53, 54, 55, 56, 57, 58, 59, 60, 61, 62, 63, 64, 65, 66, 67, 68, 69, 70, 71, 72, 73, 74, 75, 76, 77, 78, 79, 80, 81, 82, 83, 84, 85, 86, 87, 88, 89, 90, 91, 92, 93, 94, 95, 96, 97, 98, 99]",9412.5,25.0,0.0,2.2407989501953125,0.0,0.0,16179.05419921875,28882.0
full_release,100,"[0, 1, 2, 3, 4, 5, 6, 7, 8, 9, 10, 11, 12, 13, 14, 15, 16, 17, 18, 19, 20, 21, 22, 23, 24, 25, 26, 27, 28, 29, 30, 31, 32, 33, 34, 35, 36, 37, 38, 39, 40, 41, 42, 43, 44, 45, 46, 47, 48, 49, 50, 51, 52, 53, 54, 55, 56, 57, 58, 59, 60, 61, 62, 63, 64, 65, 66, 67, 68, 69, 70, 71, 72, 73, 74, 75, 76, 77, 78, 79, 80, 81, 82, 83, 84, 85, 86, 87, 88, 89, 90, 91, 92, 93, 94, 95, 96, 97, 98, 99, 100]",9506.625,25.25,0.0,2.2407989501953125,0.0,0.0,16273.03955078125,29678.0
full_release,101,"[0, 1, 2, 3, 4, 5, 6, 7, 8, 9, 10, 11, 12, 13, 14, 15, 16, 17, 18, 19, 20, 21, 22, 23, 24, 25, 26, 27, 28, 29, 30, 31, 32, 33, 34, 35, 36, 37, 38, 39, 40, 41, 42, 43, 44, 45, 46, 47, 48, 49, 50, 51, 52, 53, 54, 55, 56, 57, 58, 59, 60, 61, 62, 63, 64, 65, 66, 67, 68, 69, 70, 71, 72, 73, 74, 75, 76, 77, 78, 79, 80, 81, 82, 83, 84, 85, 86, 87, 88, 89, 90, 91, 92, 93, 94, 95, 96, 97, 98, 99, 100, 101]",9600.75,25.5,0.0,2.2407989501953125,0.0,0.0,16368.57080078125,30482.0
full_release,102,"[0, 1, 2, 3, 4, 5, 6, 7, 8, 9, 10, 11, 12, 13, 14, 15, 16, 17, 18, 19, 20, 21, 22, 23, 24, 25, 26, 27, 28, 29, 30, 31, 32, 33, 34, 35, 36, 37, 38, 39, 40, 41, 42, 43, 44, 45, 46, 47, 48, 49, 50, 51, 52, 53, 54, 55, 56, 57, 58, 59, 60, 61, 62, 63, 64, 65, 66, 67, 68, 69, 70, 71, 72, 73, 74, 75, 76, 77, 78, 79, 80, 81, 82, 83, 84, 85, 86, 87, 88, 89, 90, 91, 92, 93, 94, 95, 96, 97, 98, 99, 100, 101, 102]",9694.875,25.75,0.0,2.2407989501953125,0.0,0.0,16462.94677734375,31290.0
full_release,103,"[0, 1, 2, 3, 4, 5, 6, 7, 8, 9, 10, 11, 12, 13, 14, 15, 16, 17, 18, 19, 20, 21, 22, 23, 24, 25, 26, 27, 28, 29, 30, 31, 32, 33, 34, 35, 36, 37, 38, 39, 40, 41, 42, 43, 44, 45, 46, 47, 48, 49, 50, 51, 52, 53, 54, 55, 56, 57, 58, 59, 60, 61, 62, 63, 64, 65, 66, 67, 68, 69, 70, 71, 72, 73, 74, 75, 76, 77, 78, 79, 80, 81, 82, 83, 84, 85, 86, 87, 88, 89, 90, 91, 92, 93, 94, 95, 96, 97, 98, 99, 100, 101, 102, 103]",9789.0,26.0,0.0,2.2407989501953125,0.0,0.0,16557.42236328125,32106.0
full_release,104,"[0, 1, 2, 3, 4, 5, 6, 7, 8, 9, 10, 11, 12, 13, 14, 15, 16, 17, 18, 19, 20, 21, 22, 23, 24, 25, 26, 27, 28, 29, 30, 31, 32, 33, 34, 35, 36, 37, 38, 39, 40, 41, 42, 43, 44, 45, 46, 47, 48, 49, 50, 51, 52, 53, 54, 55, 56, 57, 58, 59, 60, 61, 62, 63, 64, 65, 66, 67, 68, 69, 70, 71, 72, 73, 74, 75, 76, 77, 78, 79, 80, 81, 82, 83, 84, 85, 86, 87, 88, 89, 90, 91, 92, 93, 94, 95, 96, 97, 98, 99, 100, 101, 102, 103, 104]",9883.125,26.25,0.0,2.2407989501953125,0.0,0.0,16651.00244140625,32930.0
full_release,105,"[0, 1, 2, 3, 4, 5, 6, 7, 8, 9, 10, 11, 12, 13, 14, 15, 16, 17, 18, 19, 20, 21, 22, 23, 24, 25, 26, 27, 28, 29, 30, 31, 32, 33, 34, 35, 36, 37, 38, 39, 40, 41, 42, 43, 44, 45, 46, 47, 48, 49, 50, 51, 52, 53, 54, 55, 56, 57, 58, 59, 60, 61, 62, 63, 64, 65, 66, 67, 68, 69, 70, 71, 72, 73, 74, 75, 76, 77, 78, 79, 80, 81, 82, 83, 84, 85, 86, 87, 88, 89, 90, 91, 92, 93, 94, 95, 96, 97, 98, 99, 100, 101, 102, 103, 104, 105]",9977.25,26.5,0.0,2.2407989501953125,0.0,0.0,16745.26708984375,33762.0
full_release,106,"[0, 1, 2, 3, 4, 5, 6, 7, 8, 9, 10, 11, 12, 13, 14, 15, 16, 17, 18, 19, 20, 21, 22, 23, 24, 25, 26, 27, 28, 29, 30, 31, 32, 33, 34, 35, 36, 37, 38, 39, 40, 41, 42, 43, 44, 45, 46, 47, 48, 49, 50, 51, 52, 53, 54, 55, 56, 57, 58, 59, 60, 61, 62, 63, 64, 65, 66, 67, 68, 69, 70, 71, 72, 73, 74, 75, 76, 77, 78, 79, 80, 81, 82, 83, 84, 85, 86, 87, 88, 89, 90, 91, 92, 93, 94, 95, 96, 97, 98, 99, 100, 101, 102, 103, 104, 105, 106]",10071.375,26.75,0.0,2.2407989501953125,0.0,0.0,16839.60986328125,34602.0
full_release,107,"[0, 1, 2, 3, 4, 5, 6, 7, 8, 9, 10, 11, 12, 13, 14, 15, 16, 17, 18, 19, 20, 21, 22, 23, 24, 25, 26, 27, 28, 29, 30, 31, 32, 33, 34, 35, 36, 37, 38, 39, 40, 41, 42, 43, 44, 45, 46, 47, 48, 49, 50, 51, 52, 53, 54, 55, 56, 57, 58, 59, 60, 61, 62, 63, 64, 65, 66, 67, 68, 69, 70, 71, 72, 73, 74, 75, 76, 77, 78, 79, 80, 81, 82, 83, 84, 85, 86, 87, 88, 89, 90, 91, 92, 93, 94, 95, 96, 97, 98, 99, 100, 101, 102, 103, 104, 105, 106, 107]",10165.5,27.0,0.0,2.2407989501953125,0.0,0.0,16935.02294921875,35450.0
full_release,108,"[0, 1, 2, 3, 4, 5, 6, 7, 8, 9, 10, 11, 12, 13, 14, 15, 16, 17, 18, 19, 20, 21, 22, 23, 24, 25, 26, 27, 28, 29, 30, 31, 32, 33, 34, 35, 36, 37, 38, 39, 40, 41, 42, 43, 44, 45, 46, 47, 48, 49, 50, 51, 52, 53, 54, 55, 56, 57, 58, 59, 60, 61, 62, 63, 64, 65, 66, 67, 68, 69, 70, 71, 72, 73, 74, 75, 76, 77, 78, 79, 80, 81, 82, 83, 84, 85, 86, 87, 88, 89, 90, 91, 92, 93, 94, 95, 96, 97, 98, 99, 100, 101, 102, 103, 104, 105, 106, 107, 108]",10259.625,27.25,0.0,2.2407989501953125,0.0,0.0,17027.05712890625,36306.0
full_release,109,"[0, 1, 2, 3, 4, 5, 6, 7, 8, 9, 10, 11, 12, 13, 14, 15, 16, 17, 18, 19, 20, 21, 22, 23, 24, 25, 26, 27, 28, 29, 30, 31, 32, 33, 34, 35, 36, 37, 38, 39, 40, 41, 42, 43, 44, 45, 46, 47, 48, 49, 50, 51, 52, 53, 54, 55, 56, 57, 58, 59, 60, 61, 62, 63, 64, 65, 66, 67, 68, 69, 70, 71, 72, 73, 74, 75, 76, 77, 78, 79, 80, 81, 82, 83, 84, 85, 86, 87, 88, 89, 90, 91, 92, 93, 94, 95, 96, 97, 98, 99, 100, 101, 102, 103, 104, 105, 106, 107, 108, 109]",10353.75,27.5,0.0,2.2407989501953125,0.0,0.0,17121.89208984375,37170.0
k4_accumulated,0,[0],141.1875,0.25,0.00390625,2.2407989501953125,4.481632232666016,0.0,6877.53369140625,7550.0
k4_accumulated,1,"[0, 1]",188.25,0.5,0.0078125,2.2407989501953125,8.963264465332031,0.0,6936.8291015625,7742.0
k4_accumulated,2,"[0, 1, 2]",282.375,0.75,0.01171875,2.2407989501953125,13.444896697998047,0.0,7030.19189453125,7886.0
k4_accumulated,3,"[0, 1, 2, 3]",376.5,1.0,0.015625,2.2407989501953125,17.926528930664062,0.0,7129.8818359375,8078.0
k4_accumulated,4,"[0, 1, 2, 4]",376.5,1.0,0.015625,2.2407989501953125,22.408161163330078,0.0,7607.482421875,8448.0
k4_accumulated,5,"[0, 1, 2, 5]",376.5,1.0,0.015625,2.2407989501953125,26.889793395996094,0.0,7612.54443359375,8690.0
k4_accumulated,6,"[0, 1, 2, 6]",376.5,1.0,0.015625,2.2407989501953125,31.37142562866211,0.0,7617.1376953125,8692.0
k4_accumulated,7,"[0, 1, 2, 7]",376.5,1.0,0.015625,2.2407989501953125,35.853057861328125,0.0,7621.08154296875,8694.0
k4_accumulated,8,"[0, 1, 2, 8]",376.5,1.0,0.015625,2.2407989501953125,40.33469009399414,0.0,7626.892578125,8696.0
k4_accumulated,9,"[0, 1, 2, 9]",376.5,1.0,0.015625,2.2407989501953125,44.816322326660156,0.0,7629.60302734375,8748.0
k4_accumulated,10,"[0, 1, 2, 10]",376.5,1.0,0.015625,2.2407989501953125,49.29795455932617,0.0,7635.578125,8750.0
k4_accumulated,11,"[0, 1, 2, 11]",376.5,1.0,0.015625,2.2407989501953125,53.77958679199219,0.0,7640.87451171875,8802.0
k4_accumulated,12,"[0, 1, 2, 12]",376.5,1.0,0.015625,2.2407989501953125,58.2612190246582,0.0,7644.5302734375,8804.0
k4_accumulated,13,"[0, 1, 2, 13]",376.5,1.0,0.015625,2.2407989501953125,62.74285125732422,0.0,7650.88818359375,8808.0
k4_accumulated,14,"[0, 1, 2, 14]",376.5,1.0,0.015625,2.2407989501953125,67.22448348999023,0.0,7653.49609375,8810.0
k4_accumulated,15,"[0, 1, 2, 15]",376.5,1.0,0.015625,2.2407989501953125,71.70611572265625,0.0,7659.57373046875,8814.0
k4_accumulated,16,"[0, 1, 2, 16]",376.5,1.0,0.015625,2.2407989501953125,76.18774795532227,0.0,7663.119140625,8816.0
k4_accumulated,17,"[0, 1, 2, 17]",376.5,1.0,0.015625,2.2407989501953125,80.66938018798828,0.0,7668.53955078125,8868.0
k4_accumulated,18,"[0, 1, 2, 18]",376.5,1.0,0.015625,2.2407989501953125,85.1510124206543,0.0,7671.1474609375,8870.0
k4_accumulated,19,"[0, 1, 2, 19]",376.5,1.0,0.015625,2.2407989501953125,89.63264465332031,0.0,7677.50537109375,8874.0
k4_accumulated,20,"[0, 1, 2, 20]",376.5,1.0,0.015625,2.2407989501953125,94.11427688598633,0.0,7680.7705078125,8876.0
k4_accumulated,21,"[0, 1, 2, 21]",376.5,1.0,0.015625,2.2407989501953125,98.59590911865234,0.0,7688.06591796875,8880.0
k4_accumulated,22,"[0, 1, 2, 22]",376.5,1.0,0.015625,2.2407989501953125,103.07754135131836,0.0,7689.736328125,8882.0
k4_accumulated,23,"[0, 1, 2, 23]",376.5,1.0,0.015625,2.2407989501953125,107.55917358398438,0.0,7696.09423828125,8886.0
k4_accumulated,24,"[0, 1, 2, 24]",376.5,1.0,0.015625,2.2407989501953125,112.04080581665039,0.0,7698.7021484375,8888.0
k4_accumulated,25,"[0, 1, 2, 25]",376.5,1.0,0.015625,2.2407989501953125,116.5224380493164,0.0,7705.99755859375,8892.0
k4_accumulated,26,"[0, 1, 2, 26]",376.5,1.0,0.015625,2.2407989501953125,121.00407028198242,0.0,7707.66796875,8894.0
k4_accumulated,27,"[0, 1, 2, 27]",376.5,1.0,0.015625,2.2407989501953125,125.48570251464844,0.0,7714.02587890625,8898.0
k4_accumulated,28,"[0, 1, 2, 28]",376.5,1.0,0.015625,2.2407989501953125,129.96733474731445,0.0,7716.6337890625,8900.0
k4_accumulated,29,"[0, 1, 2, 29]",376.5,1.0,0.015625,2.2407989501953125,134.44896697998047,0.0,7721.77392578125,8904.0
k4_accumulated,30,"[0, 1, 2, 30]",376.5,1.0,0.015625,2.2407989501953125,138.93059921264648,0.0,7725.7099609375,8906.0
k4_accumulated,31,"[0, 1, 2, 31]",376.5,1.0,0.015625,2.2407989501953125,143.4122314453125,0.0,7732.33447265625,8910.0
k4_accumulated,32,"[0, 1, 2, 32]",376.5,1.0,0.015625,2.2407989501953125,147.89386367797852,0.0,7732.5205078125,8912.0
k4_accumulated,33,"[0, 1, 2, 33]",376.5,1.0,0.015625,2.2407989501953125,152.37549591064453,0.0,7741.30029296875,8916.0
k4_accumulated,34,"[0, 1, 2, 34]",376.5,1.0,0.015625,2.2407989501953125,156.85712814331055,0.0,7741.486328125,8918.0
k4_accumulated,35,"[0, 1, 2, 35]",376.5,1.0,0.015625,2.2407989501953125,161.33876037597656,0.0,7750.26611328125,8922.0
k4_accumulated,36,"[0, 1, 2, 36]",376.5,1.0,0.015625,2.2407989501953125,165.82039260864258,0.0,7750.4521484375,8924.0
k4_accumulated,37,"[0, 1, 2, 37]",376.5,1.0,0.015625,2.2407989501953125,170.3020248413086,0.0,7758.29443359375,8928.0
k4_accumulated,38,"[0, 1, 2, 38]",376.5,1.0,0.015625,2.2407989501953125,174.7836570739746,0.0,7761.29296875,8930.0
k4_accumulated,39,"[0, 1, 2, 39]",376.5,1.0,0.015625,2.2407989501953125,179.26528930664062,0.0,7767.26025390625,8982.0
k4_accumulated,40,"[0, 1, 2, 40]",376.5,1.0,0.015625,2.2407989501953125,183.74692153930664,0.0,7770.205078125,8984.0
k4_accumulated,41,"[0, 1, 2, 41]",376.5,1.0,0.015625,2.2407989501953125,188.22855377197266,0.0,7776.17236328125,8988.0
k4_accumulated,42,"[0, 1, 2, 42]",376.5,1.0,0.015625,2.2407989501953125,192.71018600463867,0.0,7779.1708984375,8990.0
k4_accumulated,43,"[0, 1, 2, 43]",376.5,1.0,0.015625,2.2407989501953125,197.1918182373047,0.0,7785.13818359375,9042.0
k4_accumulated,44,"[0, 1, 2, 44]",376.5,1.0,0.015625,2.2407989501953125,201.6734504699707,0.0,7790.01171875,9044.0
k4_accumulated,45,"[0, 1, 2, 45]",376.5,1.0,0.015625,2.2407989501953125,206.15508270263672,0.0,7793.16650390625,9096.0
k4_accumulated,46,"[0, 1, 2, 46]",376.5,1.0,0.015625,2.2407989501953125,210.63671493530273,0.0,7798.9775390625,9098.0
k4_accumulated,47,"[0, 1, 2, 47]",376.5,1.0,0.015625,2.2407989501953125,215.11834716796875,0.0,7804.00732421875,9102.0
k4_accumulated,48,"[0, 1, 2, 48]",376.5,1.0,0.015625,2.2407989501953125,219.59997940063477,0.0,7807.943359375,9104.0
k4_accumulated,49,"[0, 1, 2, 49]",376.5,1.0,0.015625,2.2407989501953125,224.08161163330078,0.0,7811.09814453125,9108.0
k4_accumulated,50,"[0, 1, 2, 50]",376.5,1.0,0.015625,2.2407989501953125,228.5632438659668,0.0,7817.8466796875,9110.0
k4_accumulated,51,"[0, 1, 2, 51]",376.5,1.0,0.015625,2.2407989501953125,233.0448760986328,0.0,7820.06396484375,9114.0
k4_accumulated,52,"[0, 1, 2, 52]",376.5,1.0,0.015625,2.2407989501953125,237.52650833129883,0.0,7826.9384765625,9116.0
k4_accumulated,53,"[0, 1, 2, 53]",376.5,1.0,0.015625,2.2407989501953125,242.00814056396484,0.0,7828.60888671875,9120.0
k4_accumulated,54,"[0, 1, 2, 54]",376.5,1.0,0.015625,2.2407989501953125,246.48977279663086,0.0,7836.0146484375,9122.0
k4_accumulated,55,"[0, 1, 2, 55]",376.5,1.0,0.015625,2.2407989501953125,250.97140502929688,0.0,7838.51220703125,9126.0
k4_accumulated,56,"[0, 1, 2, 56]",376.5,1.0,0.015625,2.2407989501953125,255.4530372619629,0.0,7845.24365234375,9176.0
k4_accumulated,57,"[0, 1, 2, 57]",376.5,1.0,0.015625,2.2407989501953125,259.9346694946289,0.0,7848.228515625,9180.0
k4_accumulated,58,"[0, 1, 2, 58]",376.5,1.0,0.015625,2.2407989501953125,264.4163017272949,0.0,7855.52392578125,9182.0
k4_accumulated,59,"[0, 1, 2, 59]",376.5,1.0,0.015625,2.2407989501953125,268.89793395996094,0.0,7857.1943359375,9186.0
k4_accumulated,60,"[0, 1, 2, 60]",376.5,1.0,0.015625,2.2407989501953125,273.37956619262695,0.0,7863.55224609375,9188.0
k4_accumulated,61,"[0, 1, 2, 61]",376.5,1.0,0.015625,2.2407989501953125,277.86119842529297,0.0,7867.09765625,9192.0
k4_accumulated,62,"[0, 1, 2, 62]",376.5,1.0,0.015625,2.2407989501953125,282.342830657959,0.0,7871.97119140625,9194.0
k4_accumulated,63,"[0, 1, 2, 63]",376.5,1.0,0.015625,2.2407989501953125,286.824462890625,0.0,7877.0009765625,9198.0
k4_accumulated,64,"[0, 1, 2, 64]",376.5,1.0,0.015625,2.2407989501953125,291.306095123291,0.0,7879.71923828125,9200.0
k4_accumulated,65,"[0, 1, 2, 65]",376.5,1.0,0.015625,2.2407989501953125,295.78772735595703,0.0,7886.6240234375,9204.0
k4_accumulated,66,"[0, 1, 2, 66]",376.5,1.0,0.015625,2.2407989501953125,300.26935958862305,0.0,7889.62255859375,9206.0
k4_accumulated,67,"[0, 1, 2, 67]",376.5,1.0,0.015625,2.2407989501953125,304.75099182128906,0.0,7895.58984375,9210.0
k4_accumulated,68,"[0, 1, 2, 68]",376.5,1.0,0.015625,2.2407989501953125,309.2326240539551,0.0,7898.30810546875,9212.0
k4_accumulated,69,"[0, 1, 2, 69]",376.5,1.0,0.015625,2.2407989501953125,313.7142562866211,0.0,7904.9326171875,9216.0
k4_accumulated,70,"[0, 1, 2, 70]",376.5,1.0,0.015625,2.2407989501953125,318.1958885192871,0.0,7907.93115234375,9218.0
k4_accumulated,71,"[0, 1, 2, 71]",376.5,1.0,0.015625,2.2407989501953125,322.6775207519531,0.0,7913.8984375,9222.0
k4_accumulated,72,"[0, 1, 2, 72]",376.5,1.0,0.015625,2.2407989501953125,327.15915298461914,0.0,7916.89697265625,9224.0
k4_accumulated,73,"[0, 1, 2, 73]",376.5,1.0,0.015625,2.2407989501953125,331.64078521728516,0.0,7922.8642578125,9228.0
k4_accumulated,74,"[0, 1, 2, 74]",376.5,1.0,0.015625,2.2407989501953125,336.1224174499512,0.0,7925.86279296875,9230.0
k4_accumulated,75,"[0, 1, 2, 75]",376.5,1.0,0.015625,2.2407989501953125,340.6040496826172,0.0,7931.830078125,9234.0
k4_accumulated,76,"[0, 1, 2, 76]",376.5,1.0,0.015625,2.2407989501953125,345.0856819152832,0.0,7934.82861328125,9236.0
k4_accumulated,77,"[0, 1, 2, 77]",376.5,1.0,0.015625,2.2407989501953125,349.5673141479492,0.0,7940.7958984375,9240.0
k4_accumulated,78,"[0, 1, 2, 78]",376.5,1.0,0.015625,2.2407989501953125,354.04894638061523,0.0,7943.79443359375,9242.0
k4_accumulated,79,"[0, 1, 2, 79]",376.5,1.0,0.015625,2.2407989501953125,358.53057861328125,0.0,7949.76171875,9246.0
k4_accumulated,80,"[0, 1, 2, 80]",376.5,1.0,0.015625,2.2407989501953125,363.01221084594727,0.0,7953.13720703125,9248.0
k4_accumulated,81,"[0, 1, 2, 81]",376.5,1.0,0.015625,2.2407989501953125,367.4938430786133,0.0,7959.1044921875,9252.0
k4_accumulated,82,"[0, 1, 2, 82]",376.5,1.0,0.015625,2.2407989501953125,371.9754753112793,0.0,7962.10302734375,9254.0
k4_accumulated,83,"[0, 1, 2, 83]",376.5,1.0,0.015625,2.2407989501953125,376.4571075439453,0.0,7968.0703125,9258.0
k4_accumulated,84,"[0, 1, 2, 84]",376.5,1.0,0.015625,2.2407989501953125,380.9387397766113,0.0,7970.13134765625,9260.0
k4_accumulated,85,"[0, 1, 2, 85]",376.5,1.0,0.015625,2.2407989501953125,385.42037200927734,0.0,7978.43994140625,9312.0
k4_accumulated,86,"[0, 1, 2, 86]",376.5,1.0,0.015625,2.2407989501953125,389.90200424194336,0.0,7979.5634765625,9314.0
k4_accumulated,87,"[0, 1, 2, 87]",376.5,1.0,0.015625,2.2407989501953125,394.3836364746094,0.0,7987.40576171875,9318.0
k4_accumulated,88,"[0, 1, 2, 88]",376.5,1.0,0.015625,2.2407989501953125,398.8652687072754,0.0,7989.466796875,9320.0
k4_accumulated,89,"[0, 1, 2, 89]",376.5,1.0,0.015625,2.2407989501953125,403.3469009399414,0.0,7996.37158203125,9324.0
k4_accumulated,90,"[0, 1, 2, 90]",376.5,1.0,0.015625,2.2407989501953125,407.8285331726074,0.0,7998.4326171875,9326.0
k4_accumulated,91,"[0, 1, 2, 91]",376.5,1.0,0.015625,2.2407989501953125,412.31016540527344,0.0,8005.33740234375,9330.0
k4_accumulated,92,"[0, 1, 2, 92]",376.5,1.0,0.015625,2.2407989501953125,416.79179763793945,0.0,8007.3984375,9332.0
k4_accumulated,93,"[0, 1, 2, 93]",376.5,1.0,0.015625,2.2407989501953125,421.27342987060547,0.0,8014.30322265625,9336.0
k4_accumulated,94,"[0, 1, 2, 94]",376.5,1.0,0.015625,2.2407989501953125,425.7550621032715,0.0,8016.3642578125,9338.0
k4_accumulated,95,"[0, 1, 2, 95]",376.5,1.0,0.015625,2.2407989501953125,430.2366943359375,0.0,8023.26904296875,9342.0
k4_accumulated,96,"[0, 1, 2, 96]",376.5,1.0,0.015625,2.2407989501953125,434.7183265686035,0.0,8025.330078125,9344.0
k4_accumulated,97,"[0, 1, 2, 97]",376.5,1.0,0.015625,2.2407989501953125,439.19995880126953,0.0,8031.95458984375,9348.0
k4_accumulated,98,"[0, 1, 2, 98]",376.5,1.0,0.015625,2.2407989501953125,443.68159103393555,0.0,8034.953125,9350.0
k4_accumulated,99,"[0, 1, 2, 99]",376.5,1.0,0.015625,2.2407989501953125,448.16322326660156,0.0,8040.92041015625,9354.0
k4_accumulated,100,"[0, 1, 2, 100]",376.5,1.0,0.015625,2.2407989501953125,452.6448554992676,0.0,8044.19921875,9356.0
k4_accumulated,101,"[0, 1, 2, 101]",376.5,1.0,0.015625,2.2407989501953125,457.1264877319336,0.0,8049.88623046875,9408.0
k4_accumulated,102,"[0, 1, 2, 102]",376.5,1.0,0.015625,2.2407989501953125,461.6081199645996,0.0,8053.1650390625,9410.0
k4_accumulated,103,"[0, 1, 2, 103]",376.5,1.0,0.015625,2.2407989501953125,466.0897521972656,0.0,8057.91455078125,9414.0
k4_accumulated,104,"[0, 1, 2, 104]",376.5,1.0,0.015625,2.2407989501953125,470.57138442993164,0.0,8063.068359375,9416.0
k4_accumulated,105,"[0, 1, 2, 105]",376.5,1.0,0.015625,2.2407989501953125,475.05301666259766,0.0,8068.47509765625,9420.0
k4_accumulated,106,"[0, 1, 2, 106]",376.5,1.0,0.015625,2.2407989501953125,479.5346488952637,0.0,8070.81640625,9422.0
k4_accumulated,107,"[0, 1, 2, 107]",376.5,1.0,0.015625,2.2407989501953125,484.0162811279297,0.0,8078.37841796875,9426.0
k4_accumulated,108,"[0, 1, 2, 108]",376.5,1.0,0.015625,2.2407989501953125,488.4979133605957,0.0,8080.439453125,9428.0
k4_accumulated,109,"[0, 1, 2, 109]",376.5,1.0,0.015625,2.2407989501953125,492.9795455932617,0.0,8087.06396484375,9432.0
k4_release,0,[0],141.1875,0.25,0.00390625,2.2407989501953125,0.0,0.0,6877.53369140625,7550.0
k4_release,1,"[0, 1]",188.25,0.5,0.0078125,2.2407989501953125,0.0,0.0,6932.34619140625,7742.0
k4_release,2,"[0, 1, 2]",282.375,0.75,0.01171875,2.2407989501953125,0.0,0.0,7021.46044921875,7742.0
k4_release,3,"[0, 1, 2, 3]",376.5,1.0,0.015625,2.2407989501953125,0.0,0.0,7115.49560546875,8014.0
k4_release,4,"[0, 1, 2, 4]",376.5,1.0,0.015625,2.2407989501953125,0.0,0.0,7588.13671875,8542.0
k4_release,5,"[0, 1, 2, 5]",376.5,1.0,0.015625,2.2407989501953125,0.0,0.0,7589.69140625,8542.0
k4_release,6,"[0, 1, 2, 6]",376.5,1.0,0.015625,2.2407989501953125,0.0,0.0,7588.38671875,8542.0
k4_release,7,"[0, 1, 2, 7]",376.5,1.0,0.015625,2.2407989501953125,0.0,0.0,7587.8701171875,8542.0
k4_release,8,"[0, 1, 2, 8]",376.5,1.0,0.015625,2.2407989501953125,0.0,0.0,7588.2685546875,8542.0
k4_release,9,"[0, 1, 2, 9]",376.5,1.0,0.015625,2.2407989501953125,0.0,0.0,7584.7470703125,8638.0
k4_release,10,"[0, 1, 2, 10]",376.5,1.0,0.015625,2.2407989501953125,0.0,0.0,7587.99609375,8638.0
k4_release,11,"[0, 1, 2, 11]",376.5,1.0,0.015625,2.2407989501953125,0.0,0.0,7586.65234375,8638.0
k4_release,12,"[0, 1, 2, 12]",376.5,1.0,0.015625,2.2407989501953125,0.0,0.0,7589.9814453125,8638.0
k4_release,13,"[0, 1, 2, 13]",376.5,1.0,0.015625,2.2407989501953125,0.0,0.0,7585.17578125,8638.0
k4_release,14,"[0, 1, 2, 14]",376.5,1.0,0.015625,2.2407989501953125,0.0,0.0,7590.5205078125,8638.0
k4_release,15,"[0, 1, 2, 15]",376.5,1.0,0.015625,2.2407989501953125,0.0,0.0,7585.8330078125,8638.0
k4_release,16,"[0, 1, 2, 16]",376.5,1.0,0.015625,2.2407989501953125,0.0,0.0,7590.26171875,8638.0
k4_release,17,"[0, 1, 2, 17]",376.5,1.0,0.015625,2.2407989501953125,0.0,0.0,7586.0595703125,8638.0
k4_release,18,"[0, 1, 2, 18]",376.5,1.0,0.015625,2.2407989501953125,0.0,0.0,7590.80078125,8638.0
k4_release,19,"[0, 1, 2, 19]",376.5,1.0,0.015625,2.2407989501953125,0.0,0.0,7584.8955078125,8638.0
k4_release,20,"[0, 1, 2, 20]",376.5,1.0,0.015625,2.2407989501953125,0.0,0.0,7590.26171875,8638.0
k4_release,21,"[0, 1, 2, 21]",376.5,1.0,0.015625,2.2407989501953125,0.0,0.0,7585.8330078125,8638.0
k4_release,22,"[0, 1, 2, 22]",376.5,1.0,0.015625,2.2407989501953125,0.0,0.0,7588.6455078125,8638.0
k4_release,23,"[0, 1, 2, 23]",376.5,1.0,0.015625,2.2407989501953125,0.0,0.0,7587.1689453125,8686.0
k4_release,24,"[0, 1, 2, 24]",376.5,1.0,0.015625,2.2407989501953125,0.0,0.0,7588.6455078125,8686.0
k4_release,25,"[0, 1, 2, 25]",376.5,1.0,0.015625,2.2407989501953125,0.0,0.0,7587.1689453125,8686.0
k4_release,26,"[0, 1, 2, 26]",376.5,1.0,0.015625,2.2407989501953125,0.0,0.0,7589.5830078125,8686.0
k4_release,27,"[0, 1, 2, 27]",376.5,1.0,0.015625,2.2407989501953125,0.0,0.0,7587.7080078125,8686.0
k4_release,28,"[0, 1, 2, 28]",376.5,1.0,0.015625,2.2407989501953125,0.0,0.0,7589.9814453125,8686.0
k4_release,29,"[0, 1, 2, 29]",376.5,1.0,0.015625,2.2407989501953125,0.0,0.0,7588.6455078125,8734.0
k4_release,30,"[0, 1, 2, 30]",376.5,1.0,0.015625,2.2407989501953125,0.0,0.0,7589.86328125,8734.0
k4_release,31,"[0, 1, 2, 31]",376.5,1.0,0.015625,2.2407989501953125,0.0,0.0,7589.0439453125,8782.0
k4_release,32,"[0, 1, 2, 32]",376.5,1.0,0.015625,2.2407989501953125,0.0,0.0,7587.7080078125,8782.0
k4_release,33,"[0, 1, 2, 33]",376.5,1.0,0.015625,2.2407989501953125,0.0,0.0,7586.7705078125,8782.0
k4_release,34,"[0, 1, 2, 34]",376.5,1.0,0.015625,2.2407989501953125,0.0,0.0,7588.1064453125,8782.0
k4_release,35,"[0, 1, 2, 35]",376.5,1.0,0.015625,2.2407989501953125,0.0,0.0,7588.6455078125,8782.0
k4_release,36,"[0, 1, 2, 36]",376.5,1.0,0.015625,2.2407989501953125,0.0,0.0,7587.1689453125,8782.0
k4_release,37,"[0, 1, 2, 37]",376.5,1.0,0.015625,2.2407989501953125,0.0,0.0,7587.7080078125,8782.0
k4_release,38,"[0, 1, 2, 38]",376.5,1.0,0.015625,2.2407989501953125,0.0,0.0,7588.1064453125,8782.0
k4_release,39,"[0, 1, 2, 39]",376.5,1.0,0.015625,2.2407989501953125,0.0,0.0,7587.1689453125,8782.0
k4_release,40,"[0, 1, 2, 40]",376.5,1.0,0.015625,2.2407989501953125,0.0,0.0,7588.1064453125,8782.0
k4_release,41,"[0, 1, 2, 41]",376.5,1.0,0.015625,2.2407989501953125,0.0,0.0,7589.0439453125,8782.0
k4_release,42,"[0, 1, 2, 42]",376.5,1.0,0.015625,2.2407989501953125,0.0,0.0,7587.1689453125,8782.0
k4_release,43,"[0, 1, 2, 43]",376.5,1.0,0.015625,2.2407989501953125,0.0,0.0,7589.5908203125,8782.0
k4_release,44,"[0, 1, 2, 44]",376.5,1.0,0.015625,2.2407989501953125,0.0,0.0,7588.0986328125,8782.0
k4_release,45,"[0, 1, 2, 45]",376.5,1.0,0.015625,2.2407989501953125,0.0,0.0,7587.7158203125,8782.0
k4_release,46,"[0, 1, 2, 46]",376.5,1.0,0.015625,2.2407989501953125,0.0,0.0,7587.1689453125,8782.0
k4_release,47,"[0, 1, 2, 47]",376.5,1.0,0.015625,2.2407989501953125,0.0,0.0,7588.6455078125,8782.0
k4_release,48,"[0, 1, 2, 48]",376.5,1.0,0.015625,2.2407989501953125,0.0,0.0,7586.51171875,8782.0
k4_release,49,"[0, 1, 2, 49]",376.5,1.0,0.015625,2.2407989501953125,0.0,0.0,7589.0439453125,8782.0
k4_release,50,"[0, 1, 2, 50]",376.5,1.0,0.015625,2.2407989501953125,0.0,0.0,7587.7080078125,8782.0
k4_release,51,"[0, 1, 2, 51]",376.5,1.0,0.015625,2.2407989501953125,0.0,0.0,7588.1064453125,8782.0
k4_release,52,"[0, 1, 2, 52]",376.5,1.0,0.015625,2.2407989501953125,0.0,0.0,7587.7080078125,8782.0
k4_release,53,"[0, 1, 2, 53]",376.5,1.0,0.015625,2.2407989501953125,0.0,0.0,7588.1064453125,8782.0
k4_release,54,"[0, 1, 2, 54]",376.5,1.0,0.015625,2.2407989501953125,0.0,0.0,7589.0439453125,8782.0
k4_release,55,"[0, 1, 2, 55]",376.5,1.0,0.015625,2.2407989501953125,0.0,0.0,7588.1064453125,8782.0
k4_release,56,"[0, 1, 2, 56]",376.5,1.0,0.015625,2.2407989501953125,0.0,0.0,7587.1689453125,8782.0
k4_release,57,"[0, 1, 2, 57]",376.5,1.0,0.015625,2.2407989501953125,0.0,0.0,7588.1064453125,8782.0
k4_release,58,"[0, 1, 2, 58]",376.5,1.0,0.015625,2.2407989501953125,0.0,0.0,7587.7080078125,8782.0
k4_release,59,"[0, 1, 2, 59]",376.5,1.0,0.015625,2.2407989501953125,0.0,0.0,7586.2314453125,8782.0
k4_release,60,"[0, 1, 2, 60]",376.5,1.0,0.015625,2.2407989501953125,0.0,0.0,7588.6455078125,8782.0
k4_release,61,"[0, 1, 2, 61]",376.5,1.0,0.015625,2.2407989501953125,0.0,0.0,7586.2314453125,8782.0
k4_release,62,"[0, 1, 2, 62]",376.5,1.0,0.015625,2.2407989501953125,0.0,0.0,7588.1064453125,8782.0
k4_release,63,"[0, 1, 2, 63]",376.5,1.0,0.015625,2.2407989501953125,0.0,0.0,7586.2314453125,8782.0
k4_release,64,"[0, 1, 2, 64]",376.5,1.0,0.015625,2.2407989501953125,0.0,0.0,7588.1064453125,8782.0
k4_release,65,"[0, 1, 2, 65]",376.5,1.0,0.015625,2.2407989501953125,0.0,0.0,7586.7783203125,8782.0
k4_release,66,"[0, 1, 2, 66]",376.5,1.0,0.015625,2.2407989501953125,0.0,0.0,7588.1064453125,8782.0
k4_release,67,"[0, 1, 2, 67]",376.5,1.0,0.015625,2.2407989501953125,0.0,0.0,7586.2314453125,8782.0
k4_release,68,"[0, 1, 2, 68]",376.5,1.0,0.015625,2.2407989501953125,0.0,0.0,7587.7080078125,8782.0
k4_release,69,"[0, 1, 2, 69]",376.5,1.0,0.015625,2.2407989501953125,0.0,0.0,7586.2314453125,8782.0
k4_release,70,"[0, 1, 2, 70]",376.5,1.0,0.015625,2.2407989501953125,0.0,0.0,7587.7080078125,8782.0
k4_release,71,"[0, 1, 2, 71]",376.5,1.0,0.015625,2.2407989501953125,0.0,0.0,7588.1064453125,8782.0
k4_release,72,"[0, 1, 2, 72]",376.5,1.0,0.015625,2.2407989501953125,0.0,0.0,7586.7705078125,8782.0
k4_release,73,"[0, 1, 2, 73]",376.5,1.0,0.015625,2.2407989501953125,0.0,0.0,7588.1064453125,8782.0
k4_release,74,"[0, 1, 2, 74]",376.5,1.0,0.015625,2.2407989501953125,0.0,0.0,7587.1689453125,8782.0
k4_release,75,"[0, 1, 2, 75]",376.5,1.0,0.015625,2.2407989501953125,0.0,0.0,7588.6455078125,8782.0
k4_release,76,"[0, 1, 2, 76]",376.5,1.0,0.015625,2.2407989501953125,0.0,0.0,7586.2314453125,8782.0
k4_release,77,"[0, 1, 2, 77]",376.5,1.0,0.015625,2.2407989501953125,0.0,0.0,7589.5830078125,8782.0
k4_release,78,"[0, 1, 2, 78]",376.5,1.0,0.015625,2.2407989501953125,0.0,0.0,7586.2314453125,8782.0
k4_release,79,"[0, 1, 2, 79]",376.5,1.0,0.015625,2.2407989501953125,0.0,0.0,7586.2314453125,8782.0
k4_release,80,"[0, 1, 2, 80]",376.5,1.0,0.015625,2.2407989501953125,0.0,0.0,7586.2314453125,8782.0
k4_release,81,"[0, 1, 2, 81]",376.5,1.0,0.015625,2.2407989501953125,0.0,0.0,7587.1689453125,8782.0
k4_release,82,"[0, 1, 2, 82]",376.5,1.0,0.015625,2.2407989501953125,0.0,0.0,7586.2314453125,8782.0
k4_release,83,"[0, 1, 2, 83]",376.5,1.0,0.015625,2.2407989501953125,0.0,0.0,7587.1689453125,8782.0
k4_release,84,"[0, 1, 2, 84]",376.5,1.0,0.015625,2.2407989501953125,0.0,0.0,7586.2314453125,8782.0
k4_release,85,"[0, 1, 2, 85]",376.5,1.0,0.015625,2.2407989501953125,0.0,0.0,7588.1064453125,8782.0
k4_release,86,"[0, 1, 2, 86]",376.5,1.0,0.015625,2.2407989501953125,0.0,0.0,7587.1689453125,8782.0
k4_release,87,"[0, 1, 2, 87]",376.5,1.0,0.015625,2.2407989501953125,0.0,0.0,7588.1064453125,8782.0
k4_release,88,"[0, 1, 2, 88]",376.5,1.0,0.015625,2.2407989501953125,0.0,0.0,7586.2314453125,8782.0
k4_release,89,"[0, 1, 2, 89]",376.5,1.0,0.015625,2.2407989501953125,0.0,0.0,7587.1689453125,8782.0
k4_release,90,"[0, 1, 2, 90]",376.5,1.0,0.015625,2.2407989501953125,0.0,0.0,7585.2939453125,8782.0
k4_release,91,"[0, 1, 2, 91]",376.5,1.0,0.015625,2.2407989501953125,0.0,0.0,7587.1689453125,8782.0
k4_release,92,"[0, 1, 2, 92]",376.5,1.0,0.015625,2.2407989501953125,0.0,0.0,7587.1689453125,8782.0
k4_release,93,"[0, 1, 2, 93]",376.5,1.0,0.015625,2.2407989501953125,0.0,0.0,7586.2314453125,8782.0
k4_release,94,"[0, 1, 2, 94]",376.5,1.0,0.015625,2.2407989501953125,0.0,0.0,7588.1064453125,8782.0
k4_release,95,"[0, 1, 2, 95]",376.5,1.0,0.015625,2.2407989501953125,0.0,0.0,7586.2314453125,8782.0
k4_release,96,"[0, 1, 2, 96]",376.5,1.0,0.015625,2.2407989501953125,0.0,0.0,7588.1064453125,8782.0
k4_release,97,"[0, 1, 2, 97]",376.5,1.0,0.015625,2.2407989501953125,0.0,0.0,7587.1689453125,8782.0
k4_release,98,"[0, 1, 2, 98]",376.5,1.0,0.015625,2.2407989501953125,0.0,0.0,7588.1064453125,8782.0
k4_release,99,"[0, 1, 2, 99]",376.5,1.0,0.015625,2.2407989501953125,0.0,0.0,7588.1064453125,8782.0
k4_release,100,"[0, 1, 2, 100]",376.5,1.0,0.015625,2.2407989501953125,0.0,0.0,7589.0439453125,8782.0
k4_release,101,"[0, 1, 2, 101]",376.5,1.0,0.015625,2.2407989501953125,0.0,0.0,7586.2314453125,8782.0
k4_release,102,"[0, 1, 2, 102]",376.5,1.0,0.015625,2.2407989501953125,0.0,0.0,7589.0439453125,8782.0
k4_release,103,"[0, 1, 2, 103]",376.5,1.0,0.015625,2.2407989501953125,0.0,0.0,7586.2314453125,8782.0
k4_release,104,"[0, 1, 2, 104]",376.5,1.0,0.015625,2.2407989501953125,0.0,0.0,7588.1064453125,8782.0
k4_release,105,"[0, 1, 2, 105]",376.5,1.0,0.015625,2.2407989501953125,0.0,0.0,7586.2314453125,8782.0
k4_release,106,"[0, 1, 2, 106]",376.5,1.0,0.015625,2.2407989501953125,0.0,0.0,7588.6455078125,8782.0
k4_release,107,"[0, 1, 2, 107]",376.5,1.0,0.015625,2.2407989501953125,0.0,0.0,7585.2939453125,8782.0
k4_release,108,"[0, 1, 2, 108]",376.5,1.0,0.015625,2.2407989501953125,0.0,0.0,7587.7080078125,8782.0
k4_release,109,"[0, 1, 2, 109]",376.5,1.0,0.015625,2.2407989501953125,0.0,0.0,7585.2939453125,8782.0
