dataset,metric,better_direction,method_a,method_b,n_pairs,mean_a,mean_b,mean_advantage_a,advantage_ci95_low,advantage_ci95_high,wins_a,ties,losses_a,significance
bonn,abs_rel,lower,Full cache,K4,5,0.07491206520972343,0.07582782782162342,0.0009157626118999909,-0.005007152595623153,0.004223935525801689,4,0,1,NO_CLEAR_DIFFERENCE
bonn,rmse,lower,Full cache,K4,5,0.3029155225954817,0.3082251223746354,0.00530959977915374,-0.007892124529071681,0.01727416961045978,4,0,1,NO_CLEAR_DIFFERENCE
bonn,delta_1,higher,Full cache,K4,5,0.9594744920730591,0.9562145352363587,0.0032599568367004395,0.0012804746627807617,0.005239439010620117,5,0,0,A_BETTER
bonn,inference_sec,lower,Full cache,K4,5,35.68242528860064,14.414426559799903,-21.26799872880074,-21.466274124600023,-21.120941594202304,0,0,5,B_BETTER
bonn,peak_allocated_mb,lower,Full cache,K4,5,21379.6310546875,10299.01396484375,-11080.61708984375,-11091.01689453125,-11070.8521484375,0,0,5,B_BETTER
bonn,abs_rel,lower,Full cache,K6,5,0.07491206520972343,0.08414841212080929,0.009236346911085843,0.003148226055782119,0.015005652223314158,4,0,1,A_BETTER
bonn,rmse,lower,Full cache,K6,5,0.3029155225954817,0.322613369613732,0.019697847018250274,0.002110923980020296,0.039118229639961075,4,0,1,A_BETTER
bonn,delta_1,higher,Full cache,K6,5,0.9594744920730591,0.9552068829536438,0.0042676091194152836,0.0018922805786132813,0.006895899772644043,5,0,0,A_BETTER
bonn,inference_sec,lower,Full cache,K6,5,35.68242528860064,14.814939980999771,-20.867485307600873,-21.01471676340079,-20.7407180470007,0,0,5,B_BETTER
bonn,peak_allocated_mb,lower,Full cache,K6,5,21379.6310546875,10674.93193359375,-10704.69912109375,-10714.1654296875,-10695.2328125,0,0,5,B_BETTER
bonn,abs_rel,lower,Full cache,K8,5,0.07491206520972343,0.08468615894210409,0.009774093732380647,0.0014669512883043133,0.01916513824420104,4,0,1,A_BETTER
bonn,rmse,lower,Full cache,K8,5,0.3029155225954817,0.324694847072598,0.021779324477116273,-0.00011514215096280477,0.047855168199844984,4,0,1,NO_CLEAR_DIFFERENCE
bonn,delta_1,higher,Full cache,K8,5,0.9594744920730591,0.9559604048728942,0.003514087200164795,0.001758885383605957,0.005502951145172119,5,0,0,A_BETTER
bonn,inference_sec,lower,Full cache,K8,5,35.68242528860064,15.551779910801269,-20.130645377799375,-20.352453276597224,-19.93340247360029,0,0,5,B_BETTER
bonn,peak_allocated_mb,lower,Full cache,K8,5,21379.6310546875,11069.2455078125,-10310.385546875,-10314.27734375,-10306.78505859375,0,0,5,B_BETTER
bonn,abs_rel,lower,K4,K6,5,0.07582782782162342,0.08414841212080929,0.008320584299185852,0.005054160239432395,0.011573744081497193,5,0,0,A_BETTER
bonn,rmse,lower,K4,K6,5,0.3082251223746354,0.322613369613732,0.014388247239096536,0.006458303990948077,0.02345342895666569,5,0,0,A_BETTER
bonn,delta_1,higher,K4,K6,5,0.9562145352363587,0.9552068829536438,0.0010076522827148437,6.573200225830078e-05,0.0020817995071411135,4,0,1,A_BETTER
bonn,inference_sec,lower,K4,K6,5,14.414426559799903,14.814939980999771,0.40051342119986655,0.3436682228006248,0.4642751920000592,5,0,0,A_BETTER
bonn,peak_allocated_mb,lower,K4,K6,5,10299.01396484375,10674.93193359375,375.91796875,373.191796875,378.644140625,5,0,0,A_BETTER
bonn,abs_rel,lower,K4,K8,5,0.07582782782162342,0.08468615894210409,0.008858331120480656,0.002782477849094421,0.015219074097662965,5,0,0,A_BETTER
bonn,rmse,lower,K4,K8,5,0.3082251223746354,0.324694847072598,0.016469724697962533,0.0030770297213373876,0.03028625013143607,4,0,1,A_BETTER
bonn,delta_1,higher,K4,K8,5,0.9562145352363587,0.9559604048728942,0.0002541303634643555,-0.00023578405380249025,0.0007460236549377442,3,0,2,NO_CLEAR_DIFFERENCE
bonn,inference_sec,lower,K4,K8,5,14.414426559799903,15.551779910801269,1.1373533510013658,1.0656445632012037,1.2273011030018097,5,0,0,A_BETTER
bonn,peak_allocated_mb,lower,K4,K8,5,10299.01396484375,11069.2455078125,770.23154296875,762.8951171875,779.3010839843749,5,0,0,A_BETTER
bonn,abs_rel,lower,K6,K8,5,0.08414841212080929,0.08468615894210409,0.0005377468212948031,-0.0028290789545427813,0.0038543250567176614,2,0,3,NO_CLEAR_DIFFERENCE
bonn,rmse,lower,K6,K8,5,0.322613369613732,0.324694847072598,0.002081477458865999,-0.004805318403734582,0.008793201649267867,3,0,2,NO_CLEAR_DIFFERENCE
bonn,delta_1,higher,K6,K8,5,0.9552068829536438,0.9559604048728942,-0.0007535219192504883,-0.0023378267884254446,0.0006488800048828125,3,0,2,NO_CLEAR_DIFFERENCE
bonn,inference_sec,lower,K6,K8,5,14.814939980999771,15.551779910801269,0.7368399298014993,0.6546528298036719,0.8085037424018082,5,0,0,A_BETTER
bonn,peak_allocated_mb,lower,K6,K8,5,10674.93193359375,11069.2455078125,394.31357421875,387.6439453125,402.29833984375,5,0,0,A_BETTER
kitti,abs_rel,lower,Full cache,K4,13,0.16083081370996868,0.13075917920512523,-0.030071634504843445,-0.059687213308390975,-0.003817914642082959,5,0,8,B_BETTER
kitti,rmse,lower,Full cache,K4,13,4.9245426286597915,4.245623709175397,-0.6789189194843933,-1.2279989404732123,-0.22383183973564674,2,0,11,B_BETTER
kitti,delta_1,higher,Full cache,K4,13,0.7544207779260782,0.8365438672212454,-0.08212308929516719,-0.16735083776024673,-0.01258056817146448,6,0,7,B_BETTER
kitti,inference_sec,lower,Full cache,K4,13,16.289244334461657,10.776490513153895,-5.512753821307762,-6.548620505288021,-4.401102017536883,0,0,13,B_BETTER
kitti,peak_allocated_mb,lower,Full cache,K4,13,12013.224571814904,8033.750863882212,-3979.4737079326924,-4355.609294245793,-3563.306114783654,0,0,13,B_BETTER
kitti,abs_rel,lower,Full cache,K6,13,0.16083081370996868,0.15539956690250623,-0.0054312468074624205,-0.0350859971211117,0.020555420202356546,7,0,6,NO_CLEAR_DIFFERENCE
kitti,rmse,lower,Full cache,K6,13,4.9245426286597915,4.736537174786709,-0.18800545387308135,-0.6949195593654949,0.24458228226802115,5,0,8,NO_CLEAR_DIFFERENCE
kitti,delta_1,higher,Full cache,K6,13,0.7544207779260782,0.760578256386977,-0.006157478460898766,-0.09934824091883807,0.07192850915285257,9,0,4,NO_CLEAR_DIFFERENCE
kitti,inference_sec,lower,Full cache,K6,13,16.289244334461657,10.968049670923323,-5.321194663538336,-6.329747263472465,-4.1759550305532125,0,0,13,B_BETTER
kitti,peak_allocated_mb,lower,Full cache,K6,13,12013.224571814904,8177.876915564904,-3835.34765625,-4210.6873694786655,-3413.9366774338946,0,0,13,B_BETTER
kitti,abs_rel,lower,Full cache,K8,13,0.16083081370996868,0.18132779306324623,0.020496979353277545,0.004566274485116052,0.035008883235532536,11,0,2,A_BETTER
kitti,rmse,lower,Full cache,K8,13,4.9245426286597915,5.290152223598487,0.3656095949386978,0.12597750994280504,0.5978280673563088,11,0,2,A_BETTER
kitti,delta_1,higher,Full cache,K8,13,0.7544207779260782,0.7038664130064157,0.050554364919662476,-0.010606052038761285,0.10818752749608113,11,0,2,NO_CLEAR_DIFFERENCE
kitti,inference_sec,lower,Full cache,K8,13,16.289244334461657,11.277712728923339,-5.011531605538319,-6.020930487944266,-3.9207071183361295,0,0,13,B_BETTER
kitti,peak_allocated_mb,lower,Full cache,K8,13,12013.224571814904,8335.398888221154,-3677.82568359375,-4053.4029822716348,-3262.2249464768634,0,0,13,B_BETTER
kitti,abs_rel,lower,K4,K6,13,0.13075917920512523,0.15539956690250623,0.024640387697381035,0.015819237498604158,0.03355394742946202,12,0,1,A_BETTER
kitti,rmse,lower,K4,K6,13,4.245623709175397,4.736537174786709,0.490913465611312,0.340430077796846,0.639965978732004,13,0,0,A_BETTER
kitti,delta_1,higher,K4,K6,13,0.8365438672212454,0.760578256386977,0.07596561083426842,0.046776691652261296,0.10721921519591256,13,0,0,A_BETTER
kitti,inference_sec,lower,K4,K6,13,10.776490513153895,10.968049670923323,0.19155915776942634,0.13660812029132172,0.2587639696322185,13,0,0,A_BETTER
kitti,peak_allocated_mb,lower,K4,K6,13,8033.750863882212,8177.876915564904,144.12605168269232,142.02747051532452,145.88747652493993,13,0,0,A_BETTER
kitti,abs_rel,lower,K4,K8,13,0.13075917920512523,0.18132779306324623,0.050568613858120996,0.028039584008071976,0.07426566642382264,12,0,1,A_BETTER
kitti,rmse,lower,K4,K8,13,4.245623709175397,5.290152223598487,1.0445285144230914,0.619062084743421,1.4960234032081794,13,0,0,A_BETTER
kitti,delta_1,higher,K4,K8,13,0.8365438672212454,0.7038664130064157,0.13267745421482965,0.07524672471559964,0.1916644074595891,13,0,0,A_BETTER
kitti,inference_sec,lower,K4,K8,13,10.776490513153895,11.277712728923339,0.501222215769443,0.422959846586568,0.5926332513959726,13,0,0,A_BETTER
kitti,peak_allocated_mb,lower,K4,K8,13,8033.750863882212,8335.398888221154,301.6480243389423,299.54078556941107,303.92757943960333,13,0,0,A_BETTER
kitti,abs_rel,lower,K6,K8,13,0.15539956690250623,0.18132779306324623,0.02592822616073996,0.005640036373991664,0.04647670228956007,10,0,3,A_BETTER
kitti,rmse,lower,K6,K8,13,4.736537174786709,5.290152223598487,0.5536150488117791,0.18485167889665405,0.946510170800016,11,0,2,A_BETTER
kitti,delta_1,higher,K6,K8,13,0.760578256386977,0.7038664130064157,0.05671184338056124,0.003464960822692285,0.10842417524411128,9,0,4,A_BETTER
kitti,inference_sec,lower,K6,K8,13,10.968049670923323,11.277712728923339,0.30966305800001676,0.23770217918704822,0.3777854377402316,13,0,0,A_BETTER
kitti,peak_allocated_mb,lower,K6,K8,13,8177.876915564904,8335.398888221154,157.52197265625,154.87052377554085,160.28650841346155,13,0,0,A_BETTER
sintel,abs_rel,lower,Full cache,K4,23,0.41759980469942093,0.4045752761480601,-0.013024528551360836,-0.053861422039082514,0.014430070077271564,12,0,11,NO_CLEAR_DIFFERENCE
sintel,rmse,lower,Full cache,K4,23,4.330923000593549,4.501403603054907,0.17048060246135877,-0.05415703928017098,0.5528248820858804,11,0,12,NO_CLEAR_DIFFERENCE
sintel,delta_1,higher,Full cache,K4,23,0.6309265014917954,0.6168404276604238,0.01408607383137164,-0.0036796512325172836,0.033858017809689035,11,0,12,NO_CLEAR_DIFFERENCE
sintel,inference_sec,lower,Full cache,K4,23,6.732823272695501,5.418807619564809,-1.3140156531306908,-1.48900919589182,-1.105382494431698,0,0,23,B_BETTER
sintel,peak_allocated_mb,lower,Full cache,K4,23,10235.203231148098,7997.556598165761,-2237.646632982337,-2437.468820588485,-1991.845690917969,0,0,23,B_BETTER
sintel,abs_rel,lower,Full cache,K6,23,0.41759980469942093,0.4176198305643123,2.0025864891383957e-05,-0.03049232101715777,0.021014400097824952,12,0,11,NO_CLEAR_DIFFERENCE
sintel,rmse,lower,Full cache,K6,23,4.330923000593549,4.455375901544872,0.1244529009513233,-0.021926101831638293,0.357846327320389,10,0,13,NO_CLEAR_DIFFERENCE
sintel,delta_1,higher,Full cache,K6,23,0.6309265014917954,0.6090176989850791,0.021908802506716354,0.005778119040896063,0.039760840425024854,13,0,10,A_BETTER
sintel,inference_sec,lower,Full cache,K6,23,6.732823272695501,5.425445621608283,-1.3073776510872173,-1.4791295157835482,-1.1003565275775065,0,0,23,B_BETTER
sintel,peak_allocated_mb,lower,Full cache,K6,23,10235.203231148098,8200.768278702446,-2034.4349524456522,-2236.9263836404552,-1789.4394175653872,0,0,23,B_BETTER
sintel,abs_rel,lower,Full cache,K8,23,0.41759980469942093,0.4273452820337337,0.00974547733431277,-0.00446281749755144,0.02712222031601097,12,0,11,NO_CLEAR_DIFFERENCE
sintel,rmse,lower,Full cache,K8,23,4.330923000593549,4.399138946734045,0.06821594614049663,0.005513672899130895,0.16792302999807435,13,0,10,A_BETTER
sintel,delta_1,higher,Full cache,K8,23,0.6309265014917954,0.613102332405422,0.01782416908637337,0.002352991230461909,0.03762773396852223,13,0,10,A_BETTER
sintel,inference_sec,lower,Full cache,K8,23,6.732823272695501,5.609936771173955,-1.1228865015215452,-1.275068069631652,-0.9373123909016258,0,0,23,B_BETTER
sintel,peak_allocated_mb,lower,Full cache,K8,23,10235.203231148098,8393.518873131794,-1841.6843580163043,-2044.9660495923913,-1594.8738350246265,0,0,23,B_BETTER
sintel,abs_rel,lower,K4,K6,23,0.4045752761480601,0.4176198305643123,0.013044554416252218,-0.0007495613606727642,0.029150343410994695,16,0,7,NO_CLEAR_DIFFERENCE
sintel,rmse,lower,K4,K6,23,4.501403603054907,4.455375901544872,-0.046027701510035476,-0.2022878043839465,0.04806897435337303,16,0,7,NO_CLEAR_DIFFERENCE
sintel,delta_1,higher,K4,K6,23,0.6168404276604238,0.6090176989850791,0.007822728675344715,-0.0057633941102287044,0.02238371500178523,14,0,9,NO_CLEAR_DIFFERENCE
sintel,inference_sec,lower,K4,K6,23,5.418807619564809,5.425445621608283,0.006638002043473534,-0.03749621677569177,0.0519001901111116,11,0,12,NO_CLEAR_DIFFERENCE
sintel,peak_allocated_mb,lower,K4,K6,23,7997.556598165761,8200.768278702446,203.21168053668478,197.77179485818613,208.42763990319293,23,0,0,A_BETTER
sintel,abs_rel,lower,K4,K8,23,0.4045752761480601,0.4273452820337337,0.022770005885673607,-0.0021025379350327928,0.05740969500544926,14,0,9,NO_CLEAR_DIFFERENCE
sintel,rmse,lower,K4,K8,23,4.501403603054907,4.399138946734045,-0.10226465632086215,-0.46620926831889414,0.10939893752903393,15,0,8,NO_CLEAR_DIFFERENCE
sintel,delta_1,higher,K4,K8,23,0.6168404276604238,0.613102332405422,0.0037380952550017314,-0.01763285239753516,0.023957691811349078,14,0,9,NO_CLEAR_DIFFERENCE
sintel,inference_sec,lower,K4,K8,23,5.418807619564809,5.609936771173955,0.19112915160914543,0.1561758207227997,0.2243603100629867,23,0,0,A_BETTER
sintel,peak_allocated_mb,lower,K4,K8,23,7997.556598165761,8393.518873131794,395.9622749660326,388.07427394701085,404.1688381029212,23,0,0,A_BETTER
sintel,abs_rel,lower,K6,K8,23,0.4176198305643123,0.4273452820337337,0.009725451469421387,-0.005368887584494508,0.03174804310597803,12,0,11,NO_CLEAR_DIFFERENCE
sintel,rmse,lower,K6,K8,23,4.455375901544872,4.399138946734045,-0.056236954810826675,-0.2646869989314481,0.06854555953456005,15,0,8,NO_CLEAR_DIFFERENCE
sintel,delta_1,higher,K6,K8,23,0.6090176989850791,0.613102332405422,-0.004084633420342984,-0.01579238045150819,0.006458135629477705,14,0,9,NO_CLEAR_DIFFERENCE
sintel,inference_sec,lower,K6,K8,23,5.425445621608283,5.609936771173955,0.1844911495656719,0.13517718591107514,0.2343840602656833,22,0,1,A_BETTER
sintel,peak_allocated_mb,lower,K6,K8,23,8200.768278702446,8393.518873131794,192.7505944293478,187.33360595703127,198.92225182574728,23,0,0,A_BETTER
