dataset,sequence,method,method_id,random_seed,num_frames,abs_rel,rmse,delta_1,inference_sec,fps_inference,peak_allocated_mib,peak_reserved_mib
bonn,balloon2,Full cache,full_cache,0,110,0.04905746777180099,0.24249945158526232,0.9791742563247681,36.41109704799965,3.0210570105863694,20378.94189453125,44804.0
bonn,balloon2,Recent-4,recent4,0,110,0.062379282092555666,0.2588469169260346,0.9811660051345825,15.833972912980244,6.947087796886725,9300.71142578125,10236.0
bonn,balloon2,Anchor+Recent-4,anchor_recent4,0,110,0.058357183931502785,0.25587701909839355,0.9773115515708923,14.835762029048055,7.414516341298999,9300.71142578125,10236.0
bonn,balloon2,K4,k4,0,110,0.0522497205193367,0.2476497636132152,0.9783028364181519,14.785875489000318,7.439532416043439,9300.73095703125,10236.0
bonn,balloon2,Uniform-4,anchor_uniform4,0,110,0.05583236629625759,0.25270917095644296,0.977554976940155,15.104130631079897,7.282775995968419,9300.71142578125,10236.0
bonn,balloon2,Random-4 (seed 0),random4_seed0,0,110,0.04860182832647415,0.24141864943129165,0.9793250560760498,15.205588117009029,7.234182535626727,9300.71142578125,10236.0
bonn,balloon2,Random-4 (seed 1),random4_seed1,1,110,0.047806250717245084,0.22973603382753863,0.9806376099586487,14.918431140016764,7.373429482470124,9300.71142578125,10236.0
bonn,balloon2,Random-4 (seed 2),random4_seed2,2,110,0.048602242588608006,0.2379108819426505,0.9799790382385254,15.116645143833011,7.276746854435199,9300.71142578125,10236.0
bonn,crowd2,Full cache,full_cache,0,110,0.0576853205658854,0.2534535753172686,0.9781057834625244,35.74315026600016,3.077512731289244,21635.76416015625,43496.0
bonn,crowd2,Recent-4,recent4,0,110,0.11495431523066674,0.3897654793676633,0.8993188142776489,15.004950823029503,7.330913729565358,10563.60400390625,11510.0
bonn,crowd2,Anchor+Recent-4,anchor_recent4,0,110,0.08670409584097359,0.3260503154498957,0.9545725584030151,14.598819338018075,7.5348558984862075,10565.9501953125,11558.0
bonn,crowd2,K4,k4,0,110,0.061115417952246516,0.26904332921073637,0.9718385338783264,14.60441232499943,7.531970308158517,10565.9697265625,11558.0
bonn,crowd2,Uniform-4,anchor_uniform4,0,110,0.07145845711044119,0.2902700652516562,0.9706721901893616,14.79334842087701,7.435774300074165,10565.9501953125,11558.0
bonn,crowd2,Random-4 (seed 0),random4_seed0,0,110,0.07760051258871938,0.28916937817691474,0.9748011231422424,14.953253678046167,7.356258535324527,10565.9501953125,11558.0
bonn,crowd2,Random-4 (seed 1),random4_seed1,1,110,0.0941045879465958,0.3440829481095605,0.923111081123352,14.832959698978812,7.415917135376094,10565.9501953125,11558.0
bonn,crowd2,Random-4 (seed 2),random4_seed2,2,110,0.08976352240628749,0.3111577391155102,0.954693078994751,14.95149461994879,7.357124006400958,10565.9501953125,11558.0
bonn,crowd3,Full cache,full_cache,0,110,0.1576743974392614,0.6143006416758402,0.8607560396194458,35.275553988001775,3.1183068035562007,21617.11767578125,43496.0
bonn,crowd3,Recent-4,recent4,0,110,0.1750425753260583,0.6263846558216198,0.8529654741287231,14.217786061111838,7.73678824024997,10545.681640625,11510.0
bonn,crowd3,Anchor+Recent-4,anchor_recent4,0,110,0.1730587280606875,0.6244812144137574,0.8493801355361938,14.21233968110755,7.739753092604653,10548.86767578125,11558.0
bonn,crowd3,K4,k4,0,110,0.16211136330077153,0.6145199806891337,0.8548356890678406,14.155225790000259,7.77098165948775,10548.88720703125,11558.0
bonn,crowd3,Uniform-4,anchor_uniform4,0,110,0.16780958362373635,0.6214274344907693,0.8516606092453003,14.169047457166016,7.7634011977542885,10548.86767578125,11558.0
bonn,crowd3,Random-4 (seed 0),random4_seed0,0,110,0.1636312081637808,0.6082858458125013,0.8566778898239136,14.436946187866852,7.619339891454786,10548.86767578125,11558.0
bonn,crowd3,Random-4 (seed 1),random4_seed1,1,110,0.16722770122919806,0.6136463492861128,0.8549268245697021,14.319470493821427,7.681848295121168,10548.86767578125,11558.0
bonn,crowd3,Random-4 (seed 2),random4_seed2,2,110,0.17054257323586916,0.6222725282182063,0.8578217625617981,14.134961296105757,7.782122476013109,10548.86767578125,11558.0
bonn,person_tracking2,Full cache,full_cache,0,110,0.056061668675243446,0.21062627914971183,0.9891893267631531,35.6706581239996,3.0837670451050867,21641.4130859375,43496.0
bonn,person_tracking2,Recent-4,recent4,0,110,0.14024993193198862,0.41773864868668864,0.7905281782150269,14.169530413113534,7.763136589071282,10546.431640625,11510.0
bonn,person_tracking2,Anchor+Recent-4,anchor_recent4,0,110,0.07271718156735459,0.24148572424256184,0.9867114424705505,14.074229279067367,7.815703284271718,10542.17333984375,11558.0
bonn,person_tracking2,K4,k4,0,110,0.04517334147952291,0.1922030406323386,0.9877705574035645,14.327608995001356,7.677484780494569,10542.19287109375,11558.0
bonn,person_tracking2,Uniform-4,anchor_uniform4,0,110,0.05758045555555881,0.20838158487081573,0.9885905981063843,14.125420595053583,7.787378737488328,10542.17333984375,11558.0
bonn,person_tracking2,Random-4 (seed 0),random4_seed0,0,110,0.04534079036348995,0.19334691361443707,0.9892151951789856,14.348859230987728,7.666114652685736,10542.17333984375,11558.0
bonn,person_tracking2,Random-4 (seed 1),random4_seed1,1,110,0.061332359011849455,0.2113753175633509,0.9914178848266602,14.12565835705027,7.78724766092745,10542.17333984375,11558.0
bonn,person_tracking2,Random-4 (seed 2),random4_seed2,2,110,0.058256118259106114,0.22023740092957186,0.9899260997772217,14.280052946181968,7.703052671762713,10542.17333984375,11558.0
bonn,synchronous,Full cache,full_cache,0,110,0.054081471596425956,0.19369766524932572,0.990147054195404,35.31166701700204,3.115117729985295,21624.91845703125,43496.0
bonn,synchronous,Recent-4,recent4,0,110,0.11243173513453156,0.3333695720502456,0.9741830229759216,14.195993839995936,7.748664957157483,10535.48876953125,11558.0
bonn,synchronous,Anchor+Recent-4,anchor_recent4,0,110,0.09172643232152694,0.2914222516806866,0.9812543988227844,14.196579847019166,7.748345107437728,10537.26953125,11558.0
bonn,synchronous,K4,k4,0,110,0.05848929585623949,0.21770949772775347,0.9883250594139099,14.199010199998156,7.747018873189787,10537.2890625,11558.0
bonn,synchronous,Uniform-4,anchor_uniform4,0,110,0.07622288927463025,0.2562013697911428,0.987444281578064,14.217411236837506,7.736992211000305,10537.26953125,11558.0
bonn,synchronous,Random-4 (seed 0),random4_seed0,0,110,0.06610686405450485,0.2194384293506624,0.9904544949531555,14.316670527216047,7.68335066389141,10537.26953125,11558.0
bonn,synchronous,Random-4 (seed 1),random4_seed1,1,110,0.07518791304884383,0.2530648848212472,0.9890977144241333,14.183521187165752,7.755478949722002,10537.26953125,11558.0
bonn,synchronous,Random-4 (seed 2),random4_seed2,2,110,0.0711974112015455,0.24178988575114932,0.9867991805076599,14.318389823893085,7.682428076964569,10537.26953125,11558.0
kitti,2011_09_26_drive_0002_sync_02,Full cache,full_cache,0,67,0.16294789581838676,3.625628725490919,0.7318026423454285,9.666985448999185,6.930805922226401,10074.8388671875,15256.0
kitti,2011_09_26_drive_0002_sync_02,Recent-4,recent4,0,67,0.08147306237881147,2.459515854437674,0.9523586630821228,8.082601303001866,8.28941048658633,7489.92236328125,9914.0
kitti,2011_09_26_drive_0002_sync_02,Anchor+Recent-4,anchor_recent4,0,67,0.22069329973817095,4.844857906860707,0.5122907757759094,8.239160932134837,8.131896020950732,7489.92236328125,9914.0
kitti,2011_09_26_drive_0002_sync_02,K4,k4,0,67,0.14013430899778812,3.2021417047422145,0.8051062822341919,8.001616240999283,8.373308339470263,7489.94189453125,9914.0
kitti,2011_09_26_drive_0002_sync_02,Uniform-4,anchor_uniform4,0,67,0.18332601848940502,4.072844264298036,0.639691174030304,8.294848579913378,8.077302358748986,7489.92236328125,9914.0
kitti,2011_09_26_drive_0002_sync_02,Random-4 (seed 0),random4_seed0,0,67,0.1307507271440137,2.9633622833489897,0.8550728559494019,7.700538240140304,8.700690511573807,7489.92236328125,9914.0
kitti,2011_09_26_drive_0002_sync_02,Random-4 (seed 1),random4_seed1,1,67,0.07334026106180397,2.043085575276249,0.9866825938224792,8.333823267137632,8.039527339654287,7489.92236328125,9914.0
kitti,2011_09_26_drive_0002_sync_02,Random-4 (seed 2),random4_seed2,2,67,0.0918635766290935,2.4114268730751527,0.9599349498748779,8.174805186223239,8.195913966599859,7489.92236328125,9914.0
kitti,2011_09_26_drive_0005_sync_02,Full cache,full_cache,0,110,0.18864365638279829,4.887360981984805,0.6995260715484619,19.289904548000777,5.702464712890479,12529.2939453125,25218.0
kitti,2011_09_26_drive_0005_sync_02,Recent-4,recent4,0,110,0.13509789935453825,3.997659086885691,0.8883160948753357,12.067961777094752,9.115043785503394,7984.06787109375,10282.0
kitti,2011_09_26_drive_0005_sync_02,Anchor+Recent-4,anchor_recent4,0,110,0.1833350596568093,5.081050912043427,0.7444459795951843,12.963500563055277,8.485362380705206,7984.06787109375,10280.0
kitti,2011_09_26_drive_0005_sync_02,K4,k4,0,110,0.1526136038185439,4.379920528510738,0.7969074845314026,12.232330188999185,8.992563011332503,7984.08740234375,10282.0
kitti,2011_09_26_drive_0005_sync_02,Uniform-4,anchor_uniform4,0,110,0.17346555413784578,4.811494273155607,0.7590226531028748,12.938502731965855,8.5017565230507,7984.06787109375,10282.0
kitti,2011_09_26_drive_0005_sync_02,Random-4 (seed 0),random4_seed0,0,110,0.15911827407630966,4.480512269872183,0.7745748162269592,12.687525981105864,8.669932984871195,7984.06787109375,10282.0
kitti,2011_09_26_drive_0005_sync_02,Random-4 (seed 1),random4_seed1,1,110,0.1419763342166965,4.280058305571346,0.8656236529350281,12.947831431869417,8.495631147100756,7984.06787109375,10280.0
kitti,2011_09_26_drive_0005_sync_02,Random-4 (seed 2),random4_seed2,2,110,0.13608631339878105,4.199434413195098,0.8548890352249146,12.31400471786037,8.93291845507049,7984.06787109375,10282.0
kitti,2011_09_26_drive_0013_sync_02,Full cache,full_cache,0,110,0.16661048453770552,4.754058647705848,0.7304067015647888,19.160594266999396,5.740949287228256,12725.68212890625,25358.0
kitti,2011_09_26_drive_0013_sync_02,Recent-4,recent4,0,110,0.21531091761831875,5.666772159130078,0.5602944493293762,12.11906766006723,9.076605815351128,8187.24462890625,10446.0
kitti,2011_09_26_drive_0013_sync_02,Anchor+Recent-4,anchor_recent4,0,110,0.24776521567959853,6.440502180864326,0.5764217376708984,12.875901953084394,8.543090837504376,8187.24462890625,10444.0
kitti,2011_09_26_drive_0013_sync_02,K4,k4,0,110,0.1837036203840604,4.971953861065778,0.7167658805847168,12.354857489001006,8.903380722758497,8187.26416015625,10446.0
kitti,2011_09_26_drive_0013_sync_02,Uniform-4,anchor_uniform4,0,110,0.22134540038223938,5.841007834254643,0.6472042202949524,12.905705822864547,8.523361799020492,8187.24462890625,10446.0
kitti,2011_09_26_drive_0013_sync_02,Random-4 (seed 0),random4_seed0,0,110,0.1246528111149615,3.9526163440069677,0.8615067005157471,12.138560264138505,9.062030224867602,8187.24462890625,10446.0
kitti,2011_09_26_drive_0013_sync_02,Random-4 (seed 1),random4_seed1,1,110,0.1147626066336957,3.7980586498001396,0.8675782084465027,12.951997439842671,8.492898528656301,8187.24462890625,10444.0
kitti,2011_09_26_drive_0013_sync_02,Random-4 (seed 2),random4_seed2,2,110,0.1089894570784947,3.6193411204121677,0.9141772389411926,12.891136066056788,8.532995031340741,8187.24462890625,10446.0
kitti,2011_09_26_drive_0020_sync_02,Full cache,full_cache,0,76,0.09736996814819542,3.918371361001928,0.9190409779548645,11.273585815000843,6.74142205037132,11032.24658203125,25358.0
kitti,2011_09_26_drive_0020_sync_02,Recent-4,recent4,0,76,0.10844697010609652,4.560327850088465,0.9131640195846558,8.299717618850991,9.156938041769354,8028.62841796875,10446.0
kitti,2011_09_26_drive_0020_sync_02,Anchor+Recent-4,anchor_recent4,0,76,0.10433832236772908,3.9739297221771444,0.8892929553985596,8.347575887106359,9.104439543627196,8028.62841796875,10444.0
kitti,2011_09_26_drive_0020_sync_02,K4,k4,0,76,0.08954473745022773,3.669119356325534,0.9212316870689392,8.310745512000722,9.144787298595048,8028.64794921875,10446.0
kitti,2011_09_26_drive_0020_sync_02,Uniform-4,anchor_uniform4,0,76,0.09741499800264189,3.7556623276889876,0.9023305177688599,8.377508834935725,9.071909262938199,8028.62841796875,10446.0
kitti,2011_09_26_drive_0020_sync_02,Random-4 (seed 0),random4_seed0,0,76,0.09139220880613083,4.002443804754155,0.9283751845359802,8.528520706109703,8.911275779110762,8028.62841796875,10446.0
kitti,2011_09_26_drive_0020_sync_02,Random-4 (seed 1),random4_seed1,1,76,0.10021738919687435,4.296994358072739,0.9231483340263367,8.45751545811072,8.986090581379468,8028.62841796875,10444.0
kitti,2011_09_26_drive_0020_sync_02,Random-4 (seed 2),random4_seed2,2,76,0.11158218804838689,4.537835791328277,0.9157117605209351,8.385161352111027,9.063630001689406,8028.62841796875,10446.0
kitti,2011_09_26_drive_0023_sync_02,Full cache,full_cache,0,110,0.21337925064818536,5.6282759051467295,0.5742128491401672,19.0853935740015,5.7635699035226695,12569.53369140625,25358.0
kitti,2011_09_26_drive_0023_sync_02,Recent-4,recent4,0,110,0.12449888814954162,4.44047121759822,0.8656994104385376,12.084266450954601,9.102745329759797,8028.62841796875,10446.0
kitti,2011_09_26_drive_0023_sync_02,Anchor+Recent-4,anchor_recent4,0,110,0.2313308854028224,6.101182220028464,0.5227099061012268,12.156117332167923,9.048941943733492,8028.62841796875,10444.0
kitti,2011_09_26_drive_0023_sync_02,K4,k4,0,110,0.1611949658888231,4.7890414296891715,0.7398703694343567,12.007392299998173,9.16102324732213,8028.64794921875,10446.0
kitti,2011_09_26_drive_0023_sync_02,Uniform-4,anchor_uniform4,0,110,0.19503138016499297,5.388218399053572,0.6171396970748901,12.118168485816568,9.077279304108288,8028.62841796875,10446.0
kitti,2011_09_26_drive_0023_sync_02,Random-4 (seed 0),random4_seed0,0,110,0.17319902541890253,5.0158054758834005,0.698114812374115,12.206100393086672,9.011887208653645,8028.62841796875,10446.0
kitti,2011_09_26_drive_0023_sync_02,Random-4 (seed 1),random4_seed1,1,110,0.11677701139098119,4.134888365547463,0.9303765296936035,12.14492709399201,9.057279566084514,8028.62841796875,10444.0
kitti,2011_09_26_drive_0023_sync_02,Random-4 (seed 2),random4_seed2,2,110,0.10727038783603304,3.9976274017541624,0.9403277039527893,12.281613923842087,8.956477599939767,8028.62841796875,10446.0
kitti,2011_09_26_drive_0036_sync_02,Full cache,full_cache,0,110,0.17301963562507397,4.7207617935538275,0.7866169214248657,19.104643198999838,5.757762594894141,12725.68212890625,25358.0
kitti,2011_09_26_drive_0036_sync_02,Recent-4,recent4,0,110,0.12672220805087286,4.183362230447886,0.8234218955039978,12.014191830996424,9.155838490625873,8187.24462890625,10446.0
kitti,2011_09_26_drive_0036_sync_02,Anchor+Recent-4,anchor_recent4,0,110,0.1861028810489291,5.227691160480643,0.6842102408409119,12.277561995899305,8.95943348009482,8187.24462890625,10444.0
kitti,2011_09_26_drive_0036_sync_02,K4,k4,0,110,0.13092604585877443,4.141367089890762,0.8302183151245117,12.115411589002179,9.079344865167686,8187.26416015625,10446.0
kitti,2011_09_26_drive_0036_sync_02,Uniform-4,anchor_uniform4,0,110,0.1657233751487284,4.764237989645053,0.7361912131309509,12.133241930045187,9.066002362287877,8187.24462890625,10446.0
kitti,2011_09_26_drive_0036_sync_02,Random-4 (seed 0),random4_seed0,0,110,0.13229702932416842,3.9158795471757335,0.893503725528717,12.254295093938708,8.97644451653599,8187.24462890625,10446.0
kitti,2011_09_26_drive_0036_sync_02,Random-4 (seed 1),random4_seed1,1,110,0.080094042244944,3.6118223009705774,0.9594791531562805,12.194177291123196,9.02069876252127,8187.24462890625,10444.0
kitti,2011_09_26_drive_0036_sync_02,Random-4 (seed 2),random4_seed2,2,110,0.08965642192257839,3.606542404059172,0.9519108533859253,12.098589475033805,9.091968962744945,8187.24462890625,10446.0
kitti,2011_09_26_drive_0079_sync_02,Full cache,full_cache,0,90,0.12974679619062623,5.779337879218956,0.9092097282409668,14.140306629997212,6.364784184317066,11727.70654296875,25358.0
kitti,2011_09_26_drive_0079_sync_02,Recent-4,recent4,0,90,0.2002755774307243,6.304438180604267,0.6352047920227051,9.896054197102785,9.094533862430627,8093.625,10446.0
kitti,2011_09_26_drive_0079_sync_02,Anchor+Recent-4,anchor_recent4,0,90,0.15786041439095216,5.502286534325699,0.7893461585044861,9.878627283964306,9.110577554241209,8093.625,10444.0
kitti,2011_09_26_drive_0079_sync_02,K4,k4,0,90,0.11838698361667199,4.638461968121079,0.9090430736541748,9.864034098001866,9.124056051086754,8093.64453125,10446.0
kitti,2011_09_26_drive_0079_sync_02,Uniform-4,anchor_uniform4,0,90,0.1381572616544943,5.094351334090756,0.850154459476471,10.014134478988126,8.987296924046701,8093.625,10446.0
kitti,2011_09_26_drive_0079_sync_02,Random-4 (seed 0),random4_seed0,0,90,0.13467258191735654,5.573315418883774,0.8787657022476196,10.058460871921852,8.947691018139226,8093.625,10446.0
kitti,2011_09_26_drive_0079_sync_02,Random-4 (seed 1),random4_seed1,1,90,0.1984105871162224,6.015272157789039,0.6361836194992065,9.937389737926424,9.056704262741311,8093.625,10444.0
kitti,2011_09_26_drive_0079_sync_02,Random-4 (seed 2),random4_seed2,2,90,0.20766355825063473,6.35780100015409,0.6417306065559387,9.97466779104434,9.022856889610463,8093.625,10446.0
kitti,2011_09_26_drive_0095_sync_02,Full cache,full_cache,0,110,0.27733682773622037,6.042724971756229,0.42374229431152344,19.205707172000984,5.72746418628955,12637.97705078125,25358.0
kitti,2011_09_26_drive_0095_sync_02,Recent-4,recent4,0,110,0.07717578432617173,2.782727427770953,0.9704598188400269,11.962587201036513,9.19533526915222,8093.625,10446.0
kitti,2011_09_26_drive_0095_sync_02,Anchor+Recent-4,anchor_recent4,0,110,0.21436340694468872,5.001929620021299,0.6320709586143494,12.11658703489229,9.078464066096467,8093.625,10444.0
kitti,2011_09_26_drive_0095_sync_02,K4,k4,0,110,0.13583743033709955,3.711548239937497,0.8055696487426758,12.065561970997805,9.116856741891414,8093.64453125,10446.0
kitti,2011_09_26_drive_0095_sync_02,Uniform-4,anchor_uniform4,0,110,0.18003484640693898,4.469358804540009,0.7406318783760071,12.24368874100037,8.984220550432946,8093.625,10446.0
kitti,2011_09_26_drive_0095_sync_02,Random-4 (seed 0),random4_seed0,0,110,0.16654329535408177,4.167663309924369,0.7111300826072693,12.222330154152587,8.999920523553117,8093.625,10446.0
kitti,2011_09_26_drive_0095_sync_02,Random-4 (seed 1),random4_seed1,1,110,0.11740636195482991,3.200790990613189,0.8857221603393555,12.215979947941378,9.004598932608518,8093.625,10444.0
kitti,2011_09_26_drive_0095_sync_02,Random-4 (seed 2),random4_seed2,2,110,0.12653503817766315,3.335463327238637,0.8355896472930908,12.172226649941877,9.036966133104764,8093.625,10446.0
kitti,2011_09_26_drive_0113_sync_02,Full cache,full_cache,0,77,0.11909168184014834,5.3323928220508385,0.9016993641853333,11.408445855999162,6.749385584322105,11077.52587890625,25358.0
kitti,2011_09_26_drive_0113_sync_02,Recent-4,recent4,0,77,0.20228153343525795,5.78565301985755,0.6810147762298584,8.40214256499894,9.164329146325276,8036.1396484375,10446.0
kitti,2011_09_26_drive_0113_sync_02,Anchor+Recent-4,anchor_recent4,0,77,0.17898290732531175,5.281521890259792,0.7414183020591736,8.511987934820354,9.046065453759962,8036.1396484375,10444.0
kitti,2011_09_26_drive_0113_sync_02,K4,k4,0,77,0.14582216067371107,5.196024555221125,0.8247299194335938,8.36823015200207,9.2014677657471,8036.1591796875,10446.0
kitti,2011_09_26_drive_0113_sync_02,Uniform-4,anchor_uniform4,0,77,0.16310040900189457,5.224331104755503,0.7732851505279541,8.512470789952204,9.04555233139688,8036.1396484375,10446.0
kitti,2011_09_26_drive_0113_sync_02,Random-4 (seed 0),random4_seed0,0,77,0.13621600582270302,5.319423078186948,0.7914409041404724,8.573976384941489,8.980663876708995,8036.1396484375,10446.0
kitti,2011_09_26_drive_0113_sync_02,Random-4 (seed 1),random4_seed1,1,77,0.17126533830491647,5.47693778696844,0.6953584551811218,8.551759397843853,9.003995133377343,8036.1396484375,10444.0
kitti,2011_09_26_drive_0113_sync_02,Random-4 (seed 2),random4_seed2,2,77,0.1536204891432466,5.460852217497289,0.761712372303009,8.429354478837922,9.13474456357366,8036.1396484375,10446.0
kitti,2011_09_28_drive_0037_sync_02,Full cache,full_cache,0,79,0.10207843185164289,6.172648159633335,0.9019505977630615,11.923375287999079,6.62564065055587,11037.505859375,25358.0
kitti,2011_09_28_drive_0037_sync_02,Recent-4,recent4,0,79,0.19211261526650414,6.431071558906179,0.6256982684135437,8.626668256008998,9.157649008349395,7894.384765625,10446.0
kitti,2011_09_28_drive_0037_sync_02,Anchor+Recent-4,anchor_recent4,0,79,0.14590392371149322,6.857502541598129,0.8211936354637146,8.798893140163273,8.978402026431937,7894.384765625,10444.0
kitti,2011_09_28_drive_0037_sync_02,K4,k4,0,79,0.11960011194408596,6.458642237382921,0.8982560038566589,8.624847635997867,9.159582097459273,7894.404296875,10446.0
kitti,2011_09_28_drive_0037_sync_02,Uniform-4,anchor_uniform4,0,79,0.12201316683415588,6.791918579701132,0.8655269145965576,8.776968657039106,9.000829681286627,7894.384765625,10446.0
kitti,2011_09_28_drive_0037_sync_02,Random-4 (seed 0),random4_seed0,0,79,0.1184455055296533,6.6680629671169465,0.8926257491111755,8.762612688122317,9.015575926011673,7894.384765625,10446.0
kitti,2011_09_28_drive_0037_sync_02,Random-4 (seed 1),random4_seed1,1,79,0.14049698726700602,6.57559034518651,0.85590660572052,8.733290990116075,9.045845385136996,7894.384765625,10444.0
kitti,2011_09_28_drive_0037_sync_02,Random-4 (seed 2),random4_seed2,2,79,0.11104369519084811,6.283624609992573,0.8926299810409546,8.703380683902651,9.076932616094174,7894.384765625,10446.0
kitti,2011_09_29_drive_0026_sync_02,Full cache,full_cache,0,110,0.04712640836041846,2.3797732898900374,0.9802801012992859,19.368488273001276,5.679328115314741,12582.5625,25358.0
kitti,2011_09_29_drive_0026_sync_02,Recent-4,recent4,0,110,0.08074257864468476,2.9018069307689114,0.9407211542129517,12.219833374023438,9.00175940482419,8040.50732421875,10446.0
kitti,2011_09_29_drive_0026_sync_02,Anchor+Recent-4,anchor_recent4,0,110,0.0491917152517633,2.3593884433318606,0.9797161221504211,12.334142783889547,8.918333598641196,8040.50732421875,10444.0
kitti,2011_09_29_drive_0026_sync_02,K4,k4,0,110,0.04720591809380705,2.3128353759677003,0.9802618026733398,12.028244863002328,9.145141394514585,8040.52685546875,10446.0
kitti,2011_09_29_drive_0026_sync_02,Uniform-4,anchor_uniform4,0,110,0.0464296291150139,2.3445863053244898,0.9798605442047119,12.21509036491625,9.005254706583106,8040.50732421875,10446.0
kitti,2011_09_29_drive_0026_sync_02,Random-4 (seed 0),random4_seed0,0,110,0.06667593750109753,2.6652722338632193,0.9716163277626038,12.288204031065106,8.951674282255999,8040.50732421875,10446.0
kitti,2011_09_29_drive_0026_sync_02,Random-4 (seed 1),random4_seed1,1,110,0.10554716971729822,3.069935981593569,0.912776529788971,12.207000460010022,9.011222729151081,8040.50732421875,10444.0
kitti,2011_09_29_drive_0026_sync_02,Random-4 (seed 2),random4_seed2,2,110,0.10041738226971109,2.9814134029595887,0.9360557794570923,12.137614202918485,9.062736560991578,8040.50732421875,10446.0
kitti,2011_09_30_drive_0016_sync_02,Full cache,full_cache,0,110,0.2774281455202081,6.714605914989893,0.4210807979106903,19.12640993700188,5.751209995096592,12725.68212890625,25358.0
kitti,2011_09_30_drive_0016_sync_02,Recent-4,recent4,0,110,0.15609096525017954,3.8516260105323687,0.7672581076622009,12.033982086926699,9.140781430903091,8187.24462890625,10446.0
kitti,2011_09_30_drive_0016_sync_02,Anchor+Recent-4,anchor_recent4,0,110,0.19063346228881473,5.432707368789457,0.7344569563865662,12.106773929903284,9.085822584685758,8187.24462890625,10444.0
kitti,2011_09_30_drive_0016_sync_02,K4,k4,0,110,0.13641519224535184,3.785655167095188,0.8216588497161865,12.01872154100056,9.152387766431477,8187.26416015625,10446.0
kitti,2011_09_30_drive_0016_sync_02,Uniform-4,anchor_uniform4,0,110,0.16197555325589616,4.498111159765964,0.7733211517333984,12.207239173119888,9.011046514286207,8187.24462890625,10446.0
kitti,2011_09_30_drive_0016_sync_02,Random-4 (seed 0),random4_seed0,0,110,0.1436447071146898,4.0905034262568165,0.7739254832267761,12.290788911050186,8.949791652601172,8187.24462890625,10446.0
kitti,2011_09_30_drive_0016_sync_02,Random-4 (seed 1),random4_seed1,1,110,0.10666906374387461,3.2407278222993687,0.9283145070075989,12.275215975940228,8.961145792921537,8187.24462890625,10444.0
kitti,2011_09_30_drive_0016_sync_02,Random-4 (seed 2),random4_seed2,2,110,0.1276257731022679,3.469943048329405,0.8569218516349792,12.114242034964263,9.080221418931266,8187.24462890625,10446.0
kitti,2011_10_03_drive_0047_sync_02,Full cache,full_cache,0,110,0.13602139556998316,4.063113720153929,0.8279010653495789,19.006336340000416,5.787543587161291,12725.68212890625,25358.0
kitti,2011_10_03_drive_0047_sync_02,Recent-4,recent4,0,110,0.0739109355878166,3.30266981569497,0.9696363806724548,12.044101333012804,9.133101504094016,8187.24462890625,10446.0
kitti,2011_10_03_drive_0047_sync_02,Anchor+Recent-4,anchor_recent4,0,110,0.20818788685469783,4.964535396913582,0.5670419335365295,12.214193338993937,9.00591606396338,8187.24462890625,10444.0
kitti,2011_10_03_drive_0047_sync_02,K4,k4,0,110,0.13848425035768283,3.9363967053304534,0.8254509568214417,12.102383089997602,9.089118992681119,8187.26416015625,10446.0
kitti,2011_10_03_drive_0047_sync_02,Uniform-4,anchor_uniform4,0,110,0.1779019322427891,4.4952285755641865,0.6680303812026978,12.139257582835853,9.061509672183996,8187.24462890625,10446.0
kitti,2011_10_03_drive_0047_sync_02,Random-4 (seed 0),random4_seed0,0,110,0.11633846567275677,3.6310175914585683,0.9051655530929565,12.335275408113375,8.917514717802641,8187.24462890625,10446.0
kitti,2011_10_03_drive_0047_sync_02,Random-4 (seed 1),random4_seed1,1,110,0.14770430204078247,3.9805732810057792,0.83656245470047,12.29622597200796,8.945834295044037,8187.24462890625,10444.0
kitti,2011_10_03_drive_0047_sync_02,Random-4 (seed 2),random4_seed2,2,110,0.08530199756922549,3.329986383253359,0.9734729528427124,12.103272729087621,9.088450905980048,8187.24462890625,10446.0
sintel,alley_1,Full cache,full_cache,0,50,0.29229238629341125,3.829543352127075,0.7245372533798218,7.530631151999842,6.639549725751998,10182.25830078125,15686.0
sintel,alley_1,Recent-4,recent4,0,50,0.36412766575813293,3.855259895324707,0.7324458956718445,5.973844060208648,8.36982008503477,7694.2626953125,9788.0
sintel,alley_1,Anchor+Recent-4,anchor_recent4,0,50,0.33825963735580444,3.8461272716522217,0.7277873754501343,5.947366188978776,8.407082801233315,7694.2626953125,9788.0
sintel,alley_1,K4,k4,0,50,0.30932676792144775,3.843535900115967,0.7274094820022583,6.051407724000455,8.262540268389992,7694.2822265625,9788.0
sintel,alley_1,Uniform-4,anchor_uniform4,0,50,0.3202199339866638,3.8396780490875244,0.7277233004570007,5.9508172671776265,8.402207252402185,7694.2626953125,9788.0
sintel,alley_1,Random-4 (seed 0),random4_seed0,0,50,0.321065217256546,3.8452982902526855,0.7259467840194702,6.053411901928484,8.259804687018093,7694.2626953125,9788.0
sintel,alley_1,Random-4 (seed 1),random4_seed1,1,50,0.3285966217517853,3.8316617012023926,0.7329597473144531,6.456081782002002,7.74463547524877,7694.2626953125,9788.0
sintel,alley_1,Random-4 (seed 2),random4_seed2,2,50,0.3267688751220703,3.8333377838134766,0.727433443069458,6.036645942833275,8.282745165692575,7694.2626953125,9788.0
sintel,alley_2,Full cache,full_cache,0,50,0.18855763971805573,5.547890663146973,0.7317227721214294,7.36334080099914,6.790396010628144,10519.35205078125,15764.0
sintel,alley_2,Recent-4,recent4,0,50,0.26194313168525696,5.588268756866455,0.4643392264842987,5.766917638946325,8.670142896151281,8033.361328125,9864.0
sintel,alley_2,Anchor+Recent-4,anchor_recent4,0,50,0.22329764068126678,5.5276265144348145,0.5677301287651062,6.2750039850361645,7.968122429759993,8033.361328125,9864.0
sintel,alley_2,K4,k4,0,50,0.1911306083202362,5.47599458694458,0.6949853897094727,5.821782409999287,8.58843503221999,8033.380859375,9864.0
sintel,alley_2,Uniform-4,anchor_uniform4,0,50,0.20046328008174896,5.505988597869873,0.6340521574020386,6.2577918919268996,7.990038796992336,8033.361328125,9864.0
sintel,alley_2,Random-4 (seed 0),random4_seed0,0,50,0.20190849900245667,5.547056674957275,0.6189830899238586,6.265864366898313,7.979745023550625,8033.361328125,9864.0
sintel,alley_2,Random-4 (seed 1),random4_seed1,1,50,0.1934644877910614,5.610821723937988,0.7694294452667236,5.766473801108077,8.670810225547557,8033.361328125,9864.0
sintel,alley_2,Random-4 (seed 2),random4_seed2,2,50,0.20785707235336304,5.505845546722412,0.6081335544586182,5.7375604710541666,8.71450510234247,8033.361328125,9864.0
sintel,ambush_2,Full cache,full_cache,0,21,3.181039571762085,12.782196044921875,0.08122199773788452,2.522441950000939,8.32526591939695,8531.31005859375,15764.0
sintel,ambush_2,Recent-4,recent4,0,21,4.518026351928711,12.970779418945312,0.07693950831890106,2.365134130930528,8.87898902872703,7841.10400390625,9864.0
sintel,ambush_2,Anchor+Recent-4,anchor_recent4,0,21,2.896230936050415,12.760449409484863,0.08177350461483002,2.4100531698204577,8.713500707357607,7841.10400390625,9864.0
sintel,ambush_2,K4,k4,0,21,2.8065097332000732,12.709136962890625,0.08184576779603958,2.459406655998464,8.538644859231086,7841.12353515625,9864.0
sintel,ambush_2,Uniform-4,anchor_uniform4,0,21,3.21419095993042,12.542155265808105,0.0766599029302597,2.437913005007431,8.61392508956077,7841.10400390625,9864.0
sintel,ambush_2,Random-4 (seed 0),random4_seed0,0,21,3.6671054363250732,12.881802558898926,0.07890259474515915,2.4218916511163116,8.670908126843976,7841.10400390625,9864.0
sintel,ambush_2,Random-4 (seed 1),random4_seed1,1,21,3.549757480621338,12.884077072143555,0.07950222492218018,2.4255555931013077,8.657810218709301,7841.10400390625,9864.0
sintel,ambush_2,Random-4 (seed 2),random4_seed2,2,21,3.2617383003234863,12.790178298950195,0.08222982287406921,2.388046172913164,8.793799817690385,7841.10400390625,9864.0
sintel,ambush_4,Full cache,full_cache,0,33,0.24203194677829742,1.2777494192123413,0.6283099055290222,4.279092763998051,7.711915076402169,9155.40625,15764.0
sintel,ambush_4,Recent-4,recent4,0,33,0.38820281624794006,1.7243033647537231,0.4306771159172058,3.7761462670750916,8.739068263253737,7726.8701171875,9864.0
sintel,ambush_4,Anchor+Recent-4,anchor_recent4,0,33,0.26363033056259155,1.4076895713806152,0.534172534942627,3.7984196739271283,8.687823577398914,7726.8701171875,9864.0
sintel,ambush_4,K4,k4,0,33,0.25128114223480225,1.229922890663147,0.6352715492248535,3.844946347999212,8.582694532830647,7726.8896484375,9864.0
sintel,ambush_4,Uniform-4,anchor_uniform4,0,33,0.25764480233192444,1.3098435401916504,0.570268988609314,3.7996645318344235,8.684977245627543,7726.8701171875,9864.0
sintel,ambush_4,Random-4 (seed 0),random4_seed0,0,33,0.2833491563796997,1.2665960788726807,0.5437198281288147,3.8051304379478097,8.67250164958803,7726.8701171875,9864.0
sintel,ambush_4,Random-4 (seed 1),random4_seed1,1,33,0.33592090010643005,1.4823672771453857,0.44392621517181396,3.8136771889403462,8.653065890238405,7726.8701171875,9864.0
sintel,ambush_4,Random-4 (seed 2),random4_seed2,2,33,0.2755213975906372,1.447951078414917,0.5182515382766724,3.7689655949361622,8.7557180262769,7726.8701171875,9864.0
sintel,ambush_5,Full cache,full_cache,0,50,0.8200700283050537,16.782249450683594,0.27497029304504395,7.274039347001235,6.873759903513966,10401.966796875,15764.0
sintel,ambush_5,Recent-4,recent4,0,50,1.0185109376907349,16.677644729614258,0.2849041819572449,5.687741487054154,8.790835538817086,7930.83349609375,9864.0
sintel,ambush_5,Anchor+Recent-4,anchor_recent4,0,50,0.7466896176338196,16.684091567993164,0.2541091740131378,5.719429519958794,8.742130631301183,7930.83349609375,9864.0
sintel,ambush_5,K4,k4,0,50,0.688203752040863,16.597400665283203,0.29221484065055847,5.768155229001422,8.668282668366391,7930.85302734375,9864.0
sintel,ambush_5,Uniform-4,anchor_uniform4,0,50,0.7312462329864502,16.62061882019043,0.26254135370254517,5.8229397248942405,8.586728072461394,7930.83349609375,9864.0
sintel,ambush_5,Random-4 (seed 0),random4_seed0,0,50,1.020989179611206,16.633983612060547,0.2438509315252304,5.821111735189334,8.589424542006963,7930.83349609375,9864.0
sintel,ambush_5,Random-4 (seed 1),random4_seed1,1,50,0.9109470248222351,16.777692794799805,0.35878196358680725,5.825792130082846,8.582523866894128,7930.83349609375,9864.0
sintel,ambush_5,Random-4 (seed 2),random4_seed2,2,50,0.9418007731437683,16.72629165649414,0.3602884113788605,5.662534676026553,8.82996800208302,7930.83349609375,9864.0
sintel,ambush_6,Full cache,full_cache,0,20,0.2816857695579529,2.3413209915161133,0.5544069409370422,2.4106826140014164,8.2964052936038,8463.8310546875,15764.0
sintel,ambush_6,Recent-4,recent4,0,20,0.33783864974975586,2.350421190261841,0.41651779413223267,2.2865656518843025,8.746742077367642,7849.77099609375,9864.0
sintel,ambush_6,Anchor+Recent-4,anchor_recent4,0,20,0.3012484312057495,2.323042392730713,0.4813503623008728,2.2961924949195236,8.710071147889957,7849.77099609375,9864.0
sintel,ambush_6,K4,k4,0,20,0.2765299081802368,2.398946523666382,0.5203165411949158,2.35454193500118,8.494221191261127,7849.79052734375,9864.0
sintel,ambush_6,Uniform-4,anchor_uniform4,0,20,0.2899389863014221,2.3307015895843506,0.4892137050628662,2.302794098155573,8.685101293258931,7849.77099609375,9864.0
sintel,ambush_6,Random-4 (seed 0),random4_seed0,0,20,0.2782812714576721,2.340830087661743,0.5233045816421509,2.316848816117272,8.632414795850737,7849.77099609375,9864.0
sintel,ambush_6,Random-4 (seed 1),random4_seed1,1,20,0.34920451045036316,2.4518649578094482,0.42924344539642334,2.35356577206403,8.497744247215321,7849.77099609375,9864.0
sintel,ambush_6,Random-4 (seed 2),random4_seed2,2,20,0.34854912757873535,2.5435681343078613,0.4680558741092682,2.2882013730704784,8.74048946713222,7849.77099609375,9864.0
sintel,ambush_7,Full cache,full_cache,0,50,0.05739960819482803,0.04034915938973427,0.9906653165817261,7.387492169997131,6.768196682910246,10317.87451171875,15764.0
sintel,ambush_7,Recent-4,recent4,0,50,0.07177646458148956,0.05393519997596741,0.9718433618545532,5.764836248010397,8.673273246444142,7844.83203125,9864.0
sintel,ambush_7,Anchor+Recent-4,anchor_recent4,0,50,0.06265279650688171,0.04471433535218239,0.9882152676582336,5.836830599932,8.566292809762631,7844.83203125,9864.0
sintel,ambush_7,K4,k4,0,50,0.05674779787659645,0.040922779589891434,0.9947580099105835,5.82021089400223,8.590753996822583,7844.8515625,9864.0
sintel,ambush_7,Uniform-4,anchor_uniform4,0,50,0.059395212680101395,0.04266282171010971,0.9926866888999939,5.761033522896469,8.678998273709325,7844.83203125,9864.0
sintel,ambush_7,Random-4 (seed 0),random4_seed0,0,50,0.08428781479597092,0.0901147648692131,0.9439114332199097,5.893905831035227,8.483338796612198,7844.83203125,9864.0
sintel,ambush_7,Random-4 (seed 1),random4_seed1,1,50,0.0679415911436081,0.052528854459524155,0.9670143127441406,5.889809039188549,8.489239577602435,7844.83203125,9864.0
sintel,ambush_7,Random-4 (seed 2),random4_seed2,2,50,0.08576595783233643,0.09093448519706726,0.9402062296867371,5.714743584161624,8.749298942926274,7844.83203125,9864.0
sintel,bamboo_1,Full cache,full_cache,0,50,0.18873946368694305,1.4672579765319824,0.746354341506958,7.4141616390006675,6.743850813419729,10520.49755859375,15764.0
sintel,bamboo_1,Recent-4,recent4,0,50,0.24796226620674133,1.9788079261779785,0.5619427561759949,5.698001513024792,8.77500644492764,8050.5087890625,9864.0
sintel,bamboo_1,Anchor+Recent-4,anchor_recent4,0,50,0.18482421338558197,1.4173698425292969,0.7688145637512207,5.7340950078796595,8.719771809028481,8050.5087890625,9864.0
sintel,bamboo_1,K4,k4,0,50,0.181677907705307,1.3994134664535522,0.7724663615226746,5.858592517000943,8.534473058999394,8050.5283203125,9864.0
sintel,bamboo_1,Uniform-4,anchor_uniform4,0,50,0.18148040771484375,1.3982188701629639,0.7769940495491028,5.728870543884113,8.72772383613691,8050.5087890625,9864.0
sintel,bamboo_1,Random-4 (seed 0),random4_seed0,0,50,0.22471213340759277,1.6600277423858643,0.6309800744056702,5.849206121871248,8.548168581893684,8050.5087890625,9864.0
sintel,bamboo_1,Random-4 (seed 1),random4_seed1,1,50,0.22440657019615173,1.7455251216888428,0.6329259872436523,5.814016418065876,8.599906915404496,8050.5087890625,9864.0
sintel,bamboo_1,Random-4 (seed 2),random4_seed2,2,50,0.21461980044841766,1.5903347730636597,0.6650034189224243,5.7100672870874405,8.756464238708423,8050.5087890625,9864.0
sintel,bamboo_2,Full cache,full_cache,0,50,0.36378198862075806,3.547121286392212,0.38548266887664795,7.325637876998371,6.825344200672823,10528.99755859375,15766.0
sintel,bamboo_2,Recent-4,recent4,0,50,0.4509713649749756,3.7938976287841797,0.3645798861980438,5.690810912987217,8.786094067172938,8048.24560546875,9864.0
sintel,bamboo_2,Anchor+Recent-4,anchor_recent4,0,50,0.40767204761505127,3.6598777770996094,0.36758363246917725,5.7708767040167,8.664194812063569,8048.24560546875,9864.0
sintel,bamboo_2,K4,k4,0,50,0.3760126531124115,3.5757253170013428,0.39458662271499634,5.9177986059985415,8.449087799189009,8048.26513671875,9864.0
sintel,bamboo_2,Uniform-4,anchor_uniform4,0,50,0.39966678619384766,3.6146037578582764,0.3697802722454071,5.770040039904416,8.665451132784217,8048.24560546875,9864.0
sintel,bamboo_2,Random-4 (seed 0),random4_seed0,0,50,0.3935610353946686,3.5666446685791016,0.37055617570877075,5.79605921311304,8.626550930825498,8048.24560546875,9864.0
sintel,bamboo_2,Random-4 (seed 1),random4_seed1,1,50,0.4030820429325104,3.578558921813965,0.3867368698120117,5.837590486044064,8.565177725216435,8048.24560546875,9864.0
sintel,bamboo_2,Random-4 (seed 2),random4_seed2,2,50,0.3897033631801605,3.5729329586029053,0.37177902460098267,5.741758276009932,8.70813391934466,8048.24560546875,9864.0
sintel,bandage_1,Full cache,full_cache,0,50,0.16496585309505463,0.1907767951488495,0.7827113270759583,7.302128876002826,6.847318206655635,10530.84130859375,15874.0
sintel,bandage_1,Recent-4,recent4,0,50,0.1608484387397766,0.1999208629131317,0.735802412033081,5.718404563143849,8.743697555478853,8064.060546875,9864.0
sintel,bandage_1,Anchor+Recent-4,anchor_recent4,0,50,0.18168942630290985,0.20568634569644928,0.7103576064109802,5.6978394410107285,8.775256045321383,8064.060546875,9864.0
sintel,bandage_1,K4,k4,0,50,0.17775894701480865,0.20111416280269623,0.7211487889289856,5.7866865649994,8.640523283639293,8064.080078125,9864.0
sintel,bandage_1,Uniform-4,anchor_uniform4,0,50,0.18041950464248657,0.20364397764205933,0.7149922847747803,5.725575976073742,8.732745877260546,8064.060546875,9864.0
sintel,bandage_1,Random-4 (seed 0),random4_seed0,0,50,0.16227242350578308,0.18943721055984497,0.7735616564750671,5.801064297789708,8.61910805212946,8064.060546875,9864.0
sintel,bandage_1,Random-4 (seed 1),random4_seed1,1,50,0.1816863864660263,0.20899072289466858,0.7168356776237488,5.916016463888809,8.451633004268757,8064.060546875,9864.0
sintel,bandage_1,Random-4 (seed 2),random4_seed2,2,50,0.15966469049453735,0.20306521654129028,0.7569472193717957,5.731806625146419,8.723253115456028,8064.060546875,9864.0
sintel,bandage_2,Full cache,full_cache,0,50,0.15301471948623657,0.1876792460680008,0.8489440679550171,7.351900243000273,6.800962791572816,10531.85205078125,15874.0
sintel,bandage_2,Recent-4,recent4,0,50,0.126848503947258,0.1745973527431488,0.9088149070739746,5.752358757890761,8.692086516928873,8073.73828125,9864.0
sintel,bandage_2,Anchor+Recent-4,anchor_recent4,0,50,0.1534295231103897,0.18874193727970123,0.8077561855316162,5.71916017215699,8.742542347986458,8073.73828125,9864.0
sintel,bandage_2,K4,k4,0,50,0.16680671274662018,0.19876544177532196,0.7614509463310242,5.901581138998154,8.472305780834855,8073.7578125,9864.0
sintel,bandage_2,Uniform-4,anchor_uniform4,0,50,0.16287554800510406,0.1958928257226944,0.7763320207595825,5.760605809977278,8.67964267115809,8073.73828125,9864.0
sintel,bandage_2,Random-4 (seed 0),random4_seed0,0,50,0.1363537460565567,0.17688040435314178,0.8810502290725708,5.8276843631174415,8.579737145073034,8073.73828125,9864.0
sintel,bandage_2,Random-4 (seed 1),random4_seed1,1,50,0.12458132207393646,0.17143063247203827,0.8998514413833618,5.768712028162554,8.667446001100867,8073.73828125,9864.0
sintel,bandage_2,Random-4 (seed 2),random4_seed2,2,50,0.11968448013067245,0.1733921766281128,0.9117319583892822,5.6694475850090384,8.81920138607654,8073.73828125,9864.0
sintel,cave_2,Full cache,full_cache,0,50,0.7619301676750183,11.08612060546875,0.3152163624763489,7.309612012999423,6.840308337991119,10538.36572265625,15984.0
sintel,cave_2,Recent-4,recent4,0,50,0.7525220513343811,11.68542766571045,0.256417840719223,5.74241878092289,8.707132291728168,8084.5791015625,9864.0
sintel,cave_2,Anchor+Recent-4,anchor_recent4,0,50,0.799335241317749,11.537101745605469,0.2680392861366272,5.753186315996572,8.690836217310816,8084.5791015625,9864.0
sintel,cave_2,K4,k4,0,50,0.7503461241722107,10.663691520690918,0.3136618733406067,5.979314977001195,8.362161918600998,8084.5986328125,9864.0
sintel,cave_2,Uniform-4,anchor_uniform4,0,50,0.774966835975647,11.096440315246582,0.2962363660335541,5.754883130080998,8.688273744196135,8084.5791015625,9864.0
sintel,cave_2,Random-4 (seed 0),random4_seed0,0,50,0.718649685382843,10.325841903686523,0.3177134096622467,5.832678319886327,8.572391148252875,8084.5791015625,9864.0
sintel,cave_2,Random-4 (seed 1),random4_seed1,1,50,0.7555374503135681,11.126885414123535,0.2801683843135834,5.761422541923821,8.678412256030137,8084.5791015625,9864.0
sintel,cave_2,Random-4 (seed 2),random4_seed2,2,50,0.7188231945037842,11.131549835205078,0.3088136315345764,5.734986970899627,8.718415622164295,8084.5791015625,9864.0
sintel,cave_4,Full cache,full_cache,0,50,0.4362694025039673,3.7005999088287354,0.24664118885993958,7.405254882000008,6.751962058934023,10534.18603515625,15984.0
sintel,cave_4,Recent-4,recent4,0,50,0.41196614503860474,3.9544129371643066,0.3656226396560669,5.722006649011746,8.738193271522247,8086.6826171875,9864.0
sintel,cave_4,Anchor+Recent-4,anchor_recent4,0,50,0.4502507746219635,3.89825701713562,0.25353124737739563,5.7334036969114095,8.720823204362018,8086.6826171875,9864.0
sintel,cave_4,K4,k4,0,50,0.44897088408470154,3.8089985847473145,0.23010310530662537,5.9709924919989135,8.373817261870558,8086.7021484375,9864.0
sintel,cave_4,Uniform-4,anchor_uniform4,0,50,0.455873966217041,3.8475558757781982,0.23449338972568512,5.74190981592983,8.707904095129562,8086.6826171875,9864.0
sintel,cave_4,Random-4 (seed 0),random4_seed0,0,50,0.43139058351516724,3.7916598320007324,0.28359293937683105,5.735124530037865,8.718206507657102,8086.6826171875,9864.0
sintel,cave_4,Random-4 (seed 1),random4_seed1,1,50,0.436840295791626,3.9562466144561768,0.2904711961746216,5.8451093200128525,8.554159941680963,8086.6826171875,9864.0
sintel,cave_4,Random-4 (seed 2),random4_seed2,2,50,0.4385918378829956,3.901522159576416,0.2878246009349823,5.744133374886587,8.704533257984666,8086.6826171875,9864.0
sintel,market_2,Full cache,full_cache,0,50,0.2606907784938812,8.98000717163086,0.522454559803009,7.434627867998643,6.725286172724029,10537.59521484375,16094.0
sintel,market_2,Recent-4,recent4,0,50,0.25648438930511475,8.982804298400879,0.5379980206489563,5.69533452601172,8.77911556760013,8084.14453125,9864.0
sintel,market_2,Anchor+Recent-4,anchor_recent4,0,50,0.2959223687648773,9.98350715637207,0.44353801012039185,5.748206679010764,8.698365036624734,8084.14453125,9864.0
sintel,market_2,K4,k4,0,50,0.2801550328731537,9.537248611450195,0.4634406864643097,5.87285696699837,8.513743869630646,8084.1640625,9864.0
sintel,market_2,Uniform-4,anchor_uniform4,0,50,0.29515108466148376,9.88412094116211,0.44264882802963257,5.72583736712113,8.732347217388623,8084.14453125,9864.0
sintel,market_2,Random-4 (seed 0),random4_seed0,0,50,0.256914883852005,8.826194763183594,0.5366107225418091,5.7807391551323235,8.64941293114885,8084.14453125,9864.0
sintel,market_2,Random-4 (seed 1),random4_seed1,1,50,0.26276695728302,8.41646957397461,0.5667545199394226,5.76939391810447,8.666421587733684,8084.14453125,9864.0
sintel,market_2,Random-4 (seed 2),random4_seed2,2,50,0.2627441883087158,8.810164451599121,0.5330677628517151,5.681624018121511,8.800300731010228,8084.14453125,9864.0
sintel,market_5,Full cache,full_cache,0,50,0.25213301181793213,1.477731466293335,0.6197156310081482,7.327816913999413,6.823314581519852,10544.88330078125,16094.0
sintel,market_5,Recent-4,recent4,0,50,0.36953631043434143,1.9309026002883911,0.5347687602043152,5.691762445960194,8.784625232468755,8080.3759765625,9864.0
sintel,market_5,Anchor+Recent-4,anchor_recent4,0,50,0.30360081791877747,1.5579631328582764,0.6154724359512329,5.810746271861717,8.604746733155912,8080.3759765625,9864.0
sintel,market_5,K4,k4,0,50,0.24098879098892212,1.4268643856048584,0.7012050747871399,5.9145533310002065,8.453723755931462,8080.3955078125,9864.0
sintel,market_5,Uniform-4,anchor_uniform4,0,50,0.26699456572532654,1.47188401222229,0.6742717027664185,5.743811859050766,8.705020503276565,8080.3759765625,9864.0
sintel,market_5,Random-4 (seed 0),random4_seed0,0,50,0.314875066280365,1.7713501453399658,0.5855879783630371,5.828469770029187,8.578580995153658,8080.3759765625,9864.0
sintel,market_5,Random-4 (seed 1),random4_seed1,1,50,0.3149750530719757,1.6681556701660156,0.6053382158279419,5.7516431282274425,8.69316800178615,8080.3759765625,9864.0
sintel,market_5,Random-4 (seed 2),random4_seed2,2,50,0.34329861402511597,1.668811321258545,0.5904119610786438,5.700790986884385,8.770712716013144,8080.3759765625,9864.0
sintel,market_6,Full cache,full_cache,0,40,0.5423079133033752,9.58332633972168,0.31418290734291077,5.513144756001566,7.255387219146806,9863.0078125,16094.0
sintel,market_6,Recent-4,recent4,0,40,0.8672476410865784,9.452603340148926,0.18698856234550476,4.608204370131716,8.680170579946887,8013.3046875,9864.0
sintel,market_6,Anchor+Recent-4,anchor_recent4,0,40,0.6999754309654236,9.59772777557373,0.23730678856372833,4.6254530570004135,8.647801524968848,8013.3046875,9864.0
sintel,market_6,K4,k4,0,40,0.5755603909492493,9.611963272094727,0.24509386718273163,4.735951193997607,8.446032985030843,8013.32421875,9864.0
sintel,market_6,Uniform-4,anchor_uniform4,0,40,0.6515710949897766,9.583097457885742,0.24494245648384094,4.6085472870618105,8.679524698010008,8013.3046875,9864.0
sintel,market_6,Random-4 (seed 0),random4_seed0,0,40,0.6604270339012146,9.684977531433105,0.21888577938079834,4.618567102123052,8.660694781637554,8013.3046875,9864.0
sintel,market_6,Random-4 (seed 1),random4_seed1,1,40,0.6594310402870178,9.356958389282227,0.2249242067337036,4.6217568011488765,8.654717615184078,8013.3046875,9864.0
sintel,market_6,Random-4 (seed 2),random4_seed2,2,40,0.6048347353935242,9.680710792541504,0.2308976799249649,4.554307611892,8.782893780726148,8013.3046875,9864.0
sintel,mountain_1,Full cache,full_cache,0,50,0.1181689202785492,7.034323692321777,0.8930113911628723,7.402888544002053,6.7541203278699715,10467.09423828125,16094.0
sintel,mountain_1,Recent-4,recent4,0,50,0.18799155950546265,14.006808280944824,0.6654620170593262,5.786207282915711,8.641238993913927,8003.3125,9864.0
sintel,mountain_1,Anchor+Recent-4,anchor_recent4,0,50,0.15319818258285522,8.94157886505127,0.8360828757286072,5.805861625121906,8.611986166471914,8003.3125,9864.0
sintel,mountain_1,K4,k4,0,50,0.19315209984779358,10.956708908081055,0.7417454719543457,5.861604321999039,8.530087882654628,8003.33203125,9864.0
sintel,mountain_1,Uniform-4,anchor_uniform4,0,50,0.17993895709514618,10.261096954345703,0.7805972099304199,5.7113900519907475,8.75443623090882,8003.3125,9864.0
sintel,mountain_1,Random-4 (seed 0),random4_seed0,0,50,0.1985854059457779,12.00545597076416,0.6597362160682678,5.7778700480703264,8.653707955356115,8003.3125,9864.0
sintel,mountain_1,Random-4 (seed 1),random4_seed1,1,50,0.20437881350517273,12.890786170959473,0.6320573687553406,5.770948956953362,8.664086335360057,8003.3125,9864.0
sintel,mountain_1,Random-4 (seed 2),random4_seed2,2,50,0.15948674082756042,10.756627082824707,0.7360728979110718,5.763449775055051,8.675359715357702,8003.3125,9864.0
sintel,shaman_2,Full cache,full_cache,0,50,0.10373272001743317,0.3593290448188782,0.9687753915786743,7.4894694030008395,6.676040358742406,10537.94580078125,16094.0
sintel,shaman_2,Recent-4,recent4,0,50,0.0678914412856102,0.32762500643730164,0.9792031645774841,5.749164971988648,8.696915159612283,8073.798828125,9864.0
sintel,shaman_2,Anchor+Recent-4,anchor_recent4,0,50,0.08580981194972992,0.33666056394577026,0.9768243432044983,5.81998945097439,8.591080863837123,8073.798828125,9864.0
sintel,shaman_2,K4,k4,0,50,0.08888880163431168,0.34657782316207886,0.9747417569160461,5.796317961998284,8.626165839729481,8073.818359375,9864.0
sintel,shaman_2,Uniform-4,anchor_uniform4,0,50,0.08488652110099792,0.3408340513706207,0.9755489230155945,5.71383812604472,8.750685423181809,8073.798828125,9864.0
sintel,shaman_2,Random-4 (seed 0),random4_seed0,0,50,0.08911211788654327,0.36299100518226624,0.9660665988922119,5.761633287882432,8.67809482168145,8073.798828125,9864.0
sintel,shaman_2,Random-4 (seed 1),random4_seed1,1,50,0.06853751838207245,0.32726341485977173,0.9800038933753967,5.757043263176456,8.685013767364401,8073.798828125,9864.0
sintel,shaman_2,Random-4 (seed 2),random4_seed2,2,50,0.06870348006486893,0.32951149344444275,0.9800836443901062,5.725480766966939,8.732891094224632,8073.798828125,9864.0
sintel,shaman_3,Full cache,full_cache,0,50,0.09301834553480148,0.06019272655248642,0.9151503443717957,7.517524742997921,6.65112543148883,10545.41943359375,16094.0
sintel,shaman_3,Recent-4,recent4,0,50,0.17395053803920746,0.09845415502786636,0.721071183681488,5.693938121199608,8.781268594022922,8071.4814453125,9864.0
sintel,shaman_3,Anchor+Recent-4,anchor_recent4,0,50,0.07635164260864258,0.05287301912903786,0.9342925548553467,5.691862786188722,8.784470370811603,8071.4814453125,9864.0
sintel,shaman_3,K4,k4,0,50,0.07090987265110016,0.047596439719200134,0.9312021136283875,5.79380610699809,8.629905640026017,8071.5009765625,9864.0
sintel,shaman_3,Uniform-4,anchor_uniform4,0,50,0.07225433737039566,0.049516461789608,0.9355875253677368,5.84773346898146,8.55032129374885,8071.4814453125,9864.0
sintel,shaman_3,Random-4 (seed 0),random4_seed0,0,50,0.10797397792339325,0.06506172567605972,0.901947557926178,5.803139433963224,8.616025957841368,8071.4814453125,9864.0
sintel,shaman_3,Random-4 (seed 1),random4_seed1,1,50,0.14708441495895386,0.08419445902109146,0.7965099811553955,5.762189952190965,8.677256462360882,8071.4814453125,9864.0
sintel,shaman_3,Random-4 (seed 2),random4_seed2,2,50,0.11385344713926315,0.0701952651143074,0.9105587005615234,5.753719684900716,8.690030578168978,8071.4814453125,9864.0
sintel,sleeping_1,Full cache,full_cache,0,50,0.09962502866983414,0.09808966517448425,0.9371636509895325,7.412582400000247,6.7452875802093395,10548.36572265625,16094.0
sintel,sleeping_1,Recent-4,recent4,0,50,0.1541677713394165,0.14205607771873474,0.7377382516860962,5.700375556945801,8.771351904889132,8074.5244140625,9864.0
sintel,sleeping_1,Anchor+Recent-4,anchor_recent4,0,50,0.09510326385498047,0.09298160672187805,0.9292277097702026,5.681512374198064,8.800473660335452,8074.5244140625,9864.0
sintel,sleeping_1,K4,k4,0,50,0.0826311856508255,0.08144191652536392,0.9704024195671082,5.801948029999039,8.617795220066506,8074.5439453125,9864.0
sintel,sleeping_1,Uniform-4,anchor_uniform4,0,50,0.08870486915111542,0.08681217581033707,0.951700747013092,5.760231215972453,8.680207117616355,8074.5244140625,9864.0
sintel,sleeping_1,Random-4 (seed 0),random4_seed0,0,50,0.12073743343353271,0.11277288943529129,0.8730347752571106,5.777190911117941,8.654725240908565,8074.5244140625,9864.0
sintel,sleeping_1,Random-4 (seed 1),random4_seed1,1,50,0.12579025328159332,0.11830154061317444,0.8524466753005981,5.765221129870042,8.672694225195675,8074.5244140625,9864.0
sintel,sleeping_1,Random-4 (seed 2),random4_seed2,2,50,0.12280191481113434,0.1187385842204094,0.8453541398048401,5.816900362027809,8.595643192789652,8074.5244140625,9864.0
sintel,sleeping_2,Full cache,full_cache,0,50,0.06263267993927002,0.18202656507492065,0.9717738032341003,7.336596420998831,6.815149305049659,10538.80224609375,16094.0
sintel,sleeping_2,Recent-4,recent4,0,50,0.10027490556240082,0.2446276843547821,0.9249118566513062,5.690091094002128,8.78720554275564,8070.33203125,9864.0
sintel,sleeping_2,Anchor+Recent-4,anchor_recent4,0,50,0.05720648542046547,0.17392443120479584,0.974420964717865,5.7234882498160005,8.735931274360073,8070.33203125,9864.0
sintel,sleeping_2,K4,k4,0,50,0.058411307632923126,0.17666056752204895,0.9733349084854126,5.764449096001044,8.673855760941034,8070.3515625,9864.0
sintel,sleeping_2,Uniform-4,anchor_uniform4,0,50,0.05752483382821083,0.17447398602962494,0.9741498231887817,5.746010205009952,8.70169007991057,8070.33203125,9864.0
sintel,sleeping_2,Random-4 (seed 0),random4_seed0,0,50,0.06248678267002106,0.18542228639125824,0.9722647070884705,5.740165778901428,8.710549821362331,8070.33203125,9864.0
sintel,sleeping_2,Random-4 (seed 1),random4_seed1,1,50,0.08132898062467575,0.22417302429676056,0.9496484398841858,5.803054031915963,8.616152757669873,8070.33203125,9864.0
sintel,sleeping_2,Random-4 (seed 2),random4_seed2,2,50,0.07919633388519287,0.21944962441921234,0.9586554765701294,5.714375598821789,8.749862366469083,8070.33203125,9864.0
sintel,temple_2,Full cache,full_cache,0,50,0.21273291110992432,3.6221437454223633,0.8771386742591858,7.305789407000702,6.843887390469807,10533.00927734375,16094.0
sintel,temple_2,Recent-4,recent4,0,50,0.3343941569328308,4.0051960945129395,0.6901684403419495,5.694702700944617,8.780089607084523,8074.4638671875,9864.0
sintel,temple_2,Anchor+Recent-4,anchor_recent4,0,50,0.29554370045661926,3.8849010467529297,0.8658261299133301,5.749038134934381,8.697107033639584,8074.4638671875,9864.0
sintel,temple_2,K4,k4,0,50,0.27949002385139465,3.971437692642212,0.8704268932342529,5.778988076999667,8.65203377023733,8074.4833984375,9864.0
sintel,temple_2,Uniform-4,anchor_uniform4,0,50,0.28746160864830017,3.935931444168091,0.8693791627883911,5.713122255168855,8.751781909579005,8074.4638671875,9864.0
sintel,temple_2,Random-4 (seed 0),random4_seed0,0,50,0.30461180210113525,3.768573760986328,0.8672321438789368,5.900760751916096,8.473483691702633,8074.4638671875,9864.0
sintel,temple_2,Random-4 (seed 1),random4_seed1,1,50,0.27327001094818115,3.6097640991210938,0.8668742179870605,5.769709621090442,8.665947384463049,8074.4638671875,9864.0
sintel,temple_2,Random-4 (seed 2),random4_seed2,2,50,0.3191526532173157,3.9433140754699707,0.8410882949829102,5.791736311977729,8.632989712704356,8074.4638671875,9864.0
sintel,temple_3,Full cache,full_cache,0,50,0.7279746532440186,5.43320369720459,0.1807587444782257,7.238078487996972,6.90791072284113,10536.81201171875,16094.0
sintel,temple_3,Recent-4,recent4,0,50,0.6385146975517273,6.924668788909912,0.2497633695602417,5.7296519270166755,8.726533589979187,8068.7646484375,9864.0
sintel,temple_3,Anchor+Recent-4,anchor_recent4,0,50,0.6730838418006897,5.9371137619018555,0.20172640681266785,5.703468797029927,8.766594817883009,8068.7646484375,9864.0
sintel,temple_3,K4,k4,0,50,0.7537409067153931,5.232214450836182,0.17551736533641815,5.776682671999879,8.655486693488406,8068.7841796875,9864.0
sintel,temple_3,Uniform-4,anchor_uniform4,0,50,0.6949902772903442,5.5370049476623535,0.17879395186901093,5.747457137098536,8.699499414664846,8068.7646484375,9864.0
sintel,temple_3,Random-4 (seed 0),random4_seed0,0,50,0.7406131029129028,5.725375175476074,0.19274455308914185,5.91033216798678,8.459761410843235,8068.7646484375,9864.0
sintel,temple_3,Random-4 (seed 1),random4_seed1,1,50,0.6558257937431335,5.1517486572265625,0.20554764568805695,5.825190620031208,8.583410099587802,8068.7646484375,9864.0
sintel,temple_3,Random-4 (seed 2),random4_seed2,2,50,0.7332512736320496,5.546675205230713,0.25634753704071045,5.776364375138655,8.655963639551358,8068.7646484375,9864.0
