method,status,error,dataset,sequence,num_frames,processed_frames,cache_window_size,cache_policy,mode,inference_sec,wall_sec,fps_inference,fps_end_to_end,peak_allocated_mb,peak_reserved_mb,rss_before_mib,rss_peak_mib,rss_growth_mib,process_max_rss_mib,input_mode,output_mode,max_input_tensors_mib,max_retained_outputs_mib,max_retained_views_mib,max_aggregator_kv_mib,max_camera_kv_mib,max_descriptor_mib,pose_status,pose_error,ate,rpe_trans,rpe_rot_deg,align_scale,max_association_difference_sec,near_occupancy_rate,middle_occupancy_rate,long_occupancy_rate,final_max_temporal_gap,final_bank_frame_ids,gpu_name,torch_version,cuda_version,python_version,method_id,sequence_label
Full cache,ok,,tum_rgbd_raw,rgbd_dataset_freiburg1_room,100,100,,full_cache,stream_release,32.075406719995954,32.07540765200247,3.1176533745294503,3.117653283940633,17980.685546875,44594.0,1150.09375,1516.484375,366.390625,5421.43359375,streaming,sink,2.2407989501953125,0.0,0.0,9412.5,25.0,0.0,ok,,0.021033888320302303,0.008677993203318862,0.41994384393176204,1.635752298630686,0.004561901092529297,,,,,,NVIDIA RTX 6000 Ada Generation,2.3.1+cu121,12.1,3.11.9,full_cache,F1-Room
K4,ok,,tum_rgbd_raw,rgbd_dataset_freiburg1_room,100,100,4,anchor_recent_dino_diverse_k4,stream_release,11.247357186002773,11.247358369000722,8.890977528876652,8.890976593723007,8026.3154296875,8782.0,1150.125,1598.6796875,448.5546875,5421.59375,streaming,sink,2.2407989501953125,0.0,0.0,376.5,1.0,0.015625,ok,,0.029796715220650284,0.015452097583020631,0.6481588951951607,1.4946211347556886,0.004561901092529297,,,,,,NVIDIA RTX 6000 Ada Generation,2.3.1+cu121,12.1,3.11.9,k4,F1-Room
K6,ok,,tum_rgbd_raw,rgbd_dataset_freiburg1_room,100,100,6,anchor_recent_dino_diverse_k6,stream_release,9.313100815998041,9.313102157997491,10.73756227659643,10.737560729335117,8405.619140625,9466.0,1150.1015625,1599.51171875,449.41015625,5421.5078125,streaming,sink,2.2407989501953125,0.0,0.0,564.75,1.5,0.0234375,ok,,0.027629121704774922,0.013192638656826319,0.5544448678944102,1.5425588401071726,0.004561901092529297,,,,,,NVIDIA RTX 6000 Ada Generation,2.3.1+cu121,12.1,3.11.9,k6,F1-Room
K8,ok,,tum_rgbd_raw,rgbd_dataset_freiburg1_room,100,100,8,anchor_recent_dino_diverse_k8,stream_release,10.29771818700101,10.297718958005134,9.710889168265622,9.710888441198236,8782.8779296875,9802.0,1150.1015625,1656.1953125,506.09375,5421.53125,streaming,sink,2.2407989501953125,0.0,0.0,753.0,2.0,0.03125,ok,,0.026562173342145053,0.011590771744101237,0.5052066635488127,1.6095592117548703,0.004561901092529297,1.0,0.963855421686747,1.0,67,"{""anchor"": [0], ""long"": [1], ""middle"": [68], ""near"": [91], ""recent"": [96, 97, 98, 99]}",NVIDIA RTX 6000 Ada Generation,2.3.1+cu121,12.1,3.11.9,k8,F1-Room
Full cache,failed,OutOfMemoryError: CUDA out of memory. Tried to allocate 770.00 MiB. GPU ,tum_rgbd_raw,rgbd_dataset_freiburg1_room,250,195,,full_cache,stream_release,,,,,28457.9755859375,44872.0,,,,,,,,,,,,,,,,,,,0.004599094390869141,,,,,,NVIDIA RTX 6000 Ada Generation,2.3.1+cu121,12.1,3.11.9,full_cache,F1-Room
K4,ok,,tum_rgbd_raw,rgbd_dataset_freiburg1_room,250,250,4,anchor_recent_dino_diverse_k4,stream_release,26.35285907600337,26.35286014799931,9.486636697710242,9.48663631180769,8026.3154296875,8782.0,1150.31640625,1599.7890625,449.47265625,5421.82421875,streaming,sink,2.2407989501953125,0.0,0.0,376.5,1.0,0.015625,ok,,0.16973505509792805,0.08969859430252622,7.220622742503171,1.6153865783325074,0.004599094390869141,,,,,,NVIDIA RTX 6000 Ada Generation,2.3.1+cu121,12.1,3.11.9,k4,F1-Room
K6,ok,,tum_rgbd_raw,rgbd_dataset_freiburg1_room,250,250,6,anchor_recent_dino_diverse_k6,stream_release,23.859115526000096,23.85911650700291,10.478175510218156,10.478175079392495,8406.01953125,9466.0,1150.0703125,1599.53125,449.4609375,5421.59375,streaming,sink,2.2407989501953125,0.0,0.0,564.75,1.5,0.0234375,ok,,0.15182926525592935,0.08867339496174974,5.89429294387,1.6228528360467356,0.004599094390869141,,,,,,NVIDIA RTX 6000 Ada Generation,2.3.1+cu121,12.1,3.11.9,k6,F1-Room
K8,ok,,tum_rgbd_raw,rgbd_dataset_freiburg1_room,250,250,8,anchor_recent_dino_diverse_k8,stream_release,24.619980163995933,24.619980916002532,10.154354241340862,10.154353931180532,8782.8779296875,9802.0,1150.140625,1651.39453125,501.25390625,5421.74609375,streaming,sink,2.2407989501953125,0.0,0.0,753.0,2.0,0.03125,ok,,0.09414821808945939,0.023748731486101828,0.540323086186404,1.655579977374726,0.004599094390869141,1.0,0.9356223175965666,1.0,140,"{""anchor"": [0], ""long"": [68], ""middle"": [208], ""near"": [243], ""recent"": [246, 247, 248, 249]}",NVIDIA RTX 6000 Ada Generation,2.3.1+cu121,12.1,3.11.9,k8,F1-Room
K4,ok,,tum_rgbd_raw,rgbd_dataset_freiburg1_room,500,500,4,anchor_recent_dino_diverse_k4,stream_release,50.610499476999394,50.61050078900007,9.879372959502831,9.879372703395031,8026.3154296875,8782.0,1150.21875,1599.80078125,449.58203125,5421.640625,streaming,sink,2.2407989501953125,0.0,0.0,376.5,1.0,0.015625,ok,,0.9096647077692804,0.11282949295727167,8.962554873399343,0.9816396317746261,0.005661964416503906,,,,,,NVIDIA RTX 6000 Ada Generation,2.3.1+cu121,12.1,3.11.9,k4,F1-Room
K6,ok,,tum_rgbd_raw,rgbd_dataset_freiburg1_room,500,500,6,anchor_recent_dino_diverse_k6,stream_release,46.04736967899953,46.04737077100435,10.858383518657986,10.858383261153444,8406.0654296875,9466.0,1150.296875,1599.87890625,449.58203125,5421.9296875,streaming,sink,2.2407989501953125,0.0,0.0,564.75,1.5,0.0234375,ok,,0.9475882507613106,0.06986563511362849,6.213545001924147,0.9017166201894018,0.005661964416503906,,,,,,NVIDIA RTX 6000 Ada Generation,2.3.1+cu121,12.1,3.11.9,k6,F1-Room
K8,ok,,tum_rgbd_raw,rgbd_dataset_freiburg1_room,500,500,8,anchor_recent_dino_diverse_k8,stream_release,49.58284943699982,49.58285036899906,10.084132027049032,10.084131837499555,8782.8779296875,9802.0,1150.26171875,1654.6328125,504.37109375,5421.76953125,streaming,sink,2.2407989501953125,0.0,0.0,753.0,2.0,0.03125,ok,,0.8537819250843736,0.04690965821336586,4.221019528310672,1.185962624207223,0.005661964416503906,1.0,0.9254658385093167,1.0,245,"{""anchor"": [0], ""long"": [208], ""middle"": [453], ""near"": [488], ""recent"": [496, 497, 498, 499]}",NVIDIA RTX 6000 Ada Generation,2.3.1+cu121,12.1,3.11.9,k8,F1-Room
K4,ok,,tum_rgbd_raw,rgbd_dataset_freiburg1_room,1000,1000,4,anchor_recent_dino_diverse_k4,stream_release,103.50187848300266,103.50187930500397,9.661660393576552,9.661660316844637,8026.3154296875,8782.0,1150.4375,1599.80078125,449.36328125,5421.8125,streaming,sink,2.2407989501953125,0.0,0.0,376.5,1.0,0.015625,ok,,1.0118013325301907,0.07289167640097628,12.294156690112892,0.6192372565010124,0.005661964416503906,,,,,,NVIDIA RTX 6000 Ada Generation,2.3.1+cu121,12.1,3.11.9,k4,F1-Room
K6,ok,,tum_rgbd_raw,rgbd_dataset_freiburg1_room,1000,1000,6,anchor_recent_dino_diverse_k6,stream_release,92.08947498400084,92.08947588699812,10.859004247485773,10.859004141006166,8406.0654296875,9466.0,1150.40625,1600.87109375,450.46484375,5421.765625,streaming,sink,2.2407989501953125,0.0,0.0,564.75,1.5,0.0234375,ok,,1.0241057315919795,0.05007262101449514,9.406329670658666,0.5952357114566605,0.005661964416503906,,,,,,NVIDIA RTX 6000 Ada Generation,2.3.1+cu121,12.1,3.11.9,k6,F1-Room
K8,ok,,tum_rgbd_raw,rgbd_dataset_freiburg1_room,1000,1000,8,anchor_recent_dino_diverse_k8,stream_release,99.74861628600047,99.74861724800576,10.025201724430818,10.025201627744796,8782.8779296875,9802.0,1150.36328125,1658.984375,508.62109375,5421.7109375,streaming,sink,2.2407989501953125,0.0,0.0,753.0,2.0,0.03125,ok,,1.0031499294685533,0.036327099846804725,4.976633650743201,0.7247805384208896,0.005661964416503906,1.0,0.9175991861648016,1.0,838,"{""anchor"": [0], ""long"": [838], ""middle"": [978], ""near"": [989], ""recent"": [996, 997, 998, 999]}",NVIDIA RTX 6000 Ada Generation,2.3.1+cu121,12.1,3.11.9,k8,F1-Room
Full cache,ok,,tum_rgbd_raw,rgbd_dataset_freiburg2_desk,100,100,,full_cache,stream_release,31.29754501199932,31.297546053996484,3.195138786817321,3.195138680440752,17980.685546875,44594.0,1150.08984375,1516.37109375,366.28125,5421.49609375,streaming,sink,2.2407989501953125,0.0,0.0,9412.5,25.0,0.0,ok,,0.006816853445120993,0.0032880758115173877,0.2574837509078746,2.0034493737260206,0.0014948844909667969,,,,,,NVIDIA RTX 6000 Ada Generation,2.3.1+cu121,12.1,3.11.9,full_cache,F2-Desk
K4,ok,,tum_rgbd_raw,rgbd_dataset_freiburg2_desk,100,100,4,anchor_recent_dino_diverse_k4,stream_release,9.619692868996935,9.619694011002139,10.395342279823451,10.395341045736904,8026.3154296875,8782.0,1150.078125,1599.5078125,449.4296875,5421.4765625,streaming,sink,2.2407989501953125,0.0,0.0,376.5,1.0,0.015625,ok,,0.008951043453933551,0.005128715944707404,0.26809734276718533,2.1442846138739515,0.0014948844909667969,,,,,,NVIDIA RTX 6000 Ada Generation,2.3.1+cu121,12.1,3.11.9,k4,F2-Desk
K6,ok,,tum_rgbd_raw,rgbd_dataset_freiburg2_desk,100,100,6,anchor_recent_dino_diverse_k6,stream_release,9.952487171001849,9.952488180999353,10.047739653597935,10.047738633934129,8405.8232421875,9466.0,1150.14453125,1599.6015625,449.45703125,5421.50390625,streaming,sink,2.2407989501953125,0.0,0.0,564.75,1.5,0.0234375,ok,,0.010404185667278599,0.004811473486982193,0.26000875105338744,2.1167460074781856,0.0014948844909667969,,,,,,NVIDIA RTX 6000 Ada Generation,2.3.1+cu121,12.1,3.11.9,k6,F2-Desk
K8,ok,,tum_rgbd_raw,rgbd_dataset_freiburg2_desk,100,100,8,anchor_recent_dino_diverse_k8,stream_release,10.21329102400341,10.21329200600303,9.791163275870499,9.79116233445821,8782.8779296875,9802.0,1150.140625,1664.98046875,514.83984375,5421.66796875,streaming,sink,2.2407989501953125,0.0,0.0,753.0,2.0,0.03125,ok,,0.009826241664946065,0.004827423007084258,0.261384416920477,2.0890228083251157,0.0014948844909667969,1.0,0.963855421686747,1.0,67,"{""anchor"": [0], ""long"": [1], ""middle"": [68], ""near"": [91], ""recent"": [96, 97, 98, 99]}",NVIDIA RTX 6000 Ada Generation,2.3.1+cu121,12.1,3.11.9,k8,F2-Desk
Full cache,failed,OutOfMemoryError: CUDA out of memory. Tried to allocate 770.00 MiB. GPU ,tum_rgbd_raw,rgbd_dataset_freiburg2_desk,250,195,,full_cache,stream_release,,,,,28457.9755859375,44872.0,,,,,,,,,,,,,,,,,,,0.0015180110931396484,,,,,,NVIDIA RTX 6000 Ada Generation,2.3.1+cu121,12.1,3.11.9,full_cache,F2-Desk
K4,ok,,tum_rgbd_raw,rgbd_dataset_freiburg2_desk,250,250,4,anchor_recent_dino_diverse_k4,stream_release,23.999452862997714,23.99945389500499,10.416904144737785,10.416903696797556,8026.3154296875,8782.0,1150.0703125,1599.53515625,449.46484375,5421.62109375,streaming,sink,2.2407989501953125,0.0,0.0,376.5,1.0,0.015625,ok,,0.05050302980057802,0.008484381707753516,0.2672555267485474,2.33021889406856,0.0015180110931396484,,,,,,NVIDIA RTX 6000 Ada Generation,2.3.1+cu121,12.1,3.11.9,k4,F2-Desk
K6,ok,,tum_rgbd_raw,rgbd_dataset_freiburg2_desk,250,250,6,anchor_recent_dino_diverse_k6,stream_release,22.771059317004983,22.771060227998532,10.97884804214202,10.978847602915229,8406.01953125,9466.0,1150.140625,1599.65625,449.515625,5421.57421875,streaming,sink,2.2407989501953125,0.0,0.0,564.75,1.5,0.0234375,ok,,0.06627189065658286,0.007332926202211127,0.2592891118777461,2.3416003317595555,0.0015180110931396484,,,,,,NVIDIA RTX 6000 Ada Generation,2.3.1+cu121,12.1,3.11.9,k6,F2-Desk
K8,ok,,tum_rgbd_raw,rgbd_dataset_freiburg2_desk,250,250,8,anchor_recent_dino_diverse_k8,stream_release,24.508940232000896,24.508941264000896,10.200359445716847,10.200359016209475,8782.8779296875,9802.0,1150.0859375,1665.6953125,515.609375,5421.6015625,streaming,sink,2.2407989501953125,0.0,0.0,753.0,2.0,0.03125,ok,,0.06864801273972301,0.00679233712905468,0.2561470064720498,2.408504256096574,0.0015180110931396484,1.0,0.9356223175965666,1.0,105,"{""anchor"": [0], ""long"": [103], ""middle"": [208], ""near"": [243], ""recent"": [246, 247, 248, 249]}",NVIDIA RTX 6000 Ada Generation,2.3.1+cu121,12.1,3.11.9,k8,F2-Desk
K4,ok,,tum_rgbd_raw,rgbd_dataset_freiburg2_desk,500,500,4,anchor_recent_dino_diverse_k4,stream_release,51.35662025700003,51.356621439001174,9.735843159029702,9.735842934953869,8026.3154296875,8782.0,1150.19921875,1600.02734375,449.828125,5421.8203125,streaming,sink,2.2407989501953125,0.0,0.0,376.5,1.0,0.015625,ok,,0.11244818604331817,0.024442387398393783,0.3711753684354345,2.473837923157627,0.019481897354125977,,,,,,NVIDIA RTX 6000 Ada Generation,2.3.1+cu121,12.1,3.11.9,k4,F2-Desk
K6,ok,,tum_rgbd_raw,rgbd_dataset_freiburg2_desk,500,500,6,anchor_recent_dino_diverse_k6,stream_release,46.16230442800588,46.16230508800072,10.831348352199214,10.831348197340526,8406.0654296875,9466.0,1150.2265625,1599.44921875,449.22265625,5421.4375,streaming,sink,2.2407989501953125,0.0,0.0,564.75,1.5,0.0234375,ok,,0.15338411749668246,0.019274215698354098,0.3611910549048945,2.5424246404460544,0.019481897354125977,,,,,,NVIDIA RTX 6000 Ada Generation,2.3.1+cu121,12.1,3.11.9,k6,F2-Desk
K8,ok,,tum_rgbd_raw,rgbd_dataset_freiburg2_desk,500,500,8,anchor_recent_dino_diverse_k8,stream_release,49.18211244000122,49.18211329099722,10.166297769538986,10.16629759363197,8782.8779296875,9802.0,1150.17578125,1673.62109375,523.4453125,5421.61328125,streaming,sink,2.2407989501953125,0.0,0.0,753.0,2.0,0.03125,ok,,0.16737148275309952,0.015511175074402375,0.3521507988717706,2.602209880588904,0.019481897354125977,1.0,0.9254658385093167,1.0,350,"{""anchor"": [0], ""long"": [103], ""middle"": [453], ""near"": [488], ""recent"": [496, 497, 498, 499]}",NVIDIA RTX 6000 Ada Generation,2.3.1+cu121,12.1,3.11.9,k8,F2-Desk
K4,ok,,tum_rgbd_raw,rgbd_dataset_freiburg2_desk,1000,1000,4,anchor_recent_dino_diverse_k4,stream_release,102.15419163200568,102.15419251399726,9.78912352027944,9.789123435760887,8026.3154296875,8782.0,1150.5,1600.27734375,449.77734375,5421.984375,streaming,sink,2.2407989501953125,0.0,0.0,376.5,1.0,0.015625,ok,,0.11875800942061326,0.028278472370976516,0.5125039026851527,2.4399307642015504,0.019481897354125977,,,,,,NVIDIA RTX 6000 Ada Generation,2.3.1+cu121,12.1,3.11.9,k4,F2-Desk
K6,ok,,tum_rgbd_raw,rgbd_dataset_freiburg2_desk,1000,1000,6,anchor_recent_dino_diverse_k6,stream_release,91.25291016100527,91.25291127299715,10.958554617443047,10.958554483904035,8405.8251953125,9466.0,1150.421875,1601.109375,450.6875,5421.671875,streaming,sink,2.2407989501953125,0.0,0.0,564.75,1.5,0.0234375,ok,,0.15245068803967604,0.02347599002418643,0.4782934128536325,2.479849360453193,0.019481897354125977,,,,,,NVIDIA RTX 6000 Ada Generation,2.3.1+cu121,12.1,3.11.9,k6,F2-Desk
K8,ok,,tum_rgbd_raw,rgbd_dataset_freiburg2_desk,1000,1000,8,anchor_recent_dino_diverse_k8,stream_release,99.2590168520037,99.25901779299602,10.074651469609165,10.074651374099762,8782.8779296875,9802.0,1150.32421875,1654.75,504.42578125,5421.53125,streaming,sink,2.2407989501953125,0.0,0.0,753.0,2.0,0.03125,ok,,0.1707541419210445,0.020194378826158585,0.4541288723962045,2.5209991843994546,0.019481897354125977,1.0,0.9175991861648016,1.0,875,"{""anchor"": [0], ""long"": [103], ""middle"": [978], ""near"": [989], ""recent"": [996, 997, 998, 999]}",NVIDIA RTX 6000 Ada Generation,2.3.1+cu121,12.1,3.11.9,k8,F2-Desk
Full cache,ok,,tum_rgbd_raw,rgbd_dataset_freiburg3_long_office_household,100,100,,full_cache,stream_release,29.877645277003467,29.87764623900148,3.3469839765775995,3.346983868811683,17980.685546875,44594.0,1150.19140625,1516.61328125,366.421875,5421.53125,streaming,sink,2.2407989501953125,0.0,0.0,9412.5,25.0,0.0,ok,,0.01049483855081036,0.004822991921854744,0.1561379357687912,2.5704216114026135,0.0066699981689453125,,,,,,NVIDIA RTX 6000 Ada Generation,2.3.1+cu121,12.1,3.11.9,full_cache,F3-LongOffice
K4,ok,,tum_rgbd_raw,rgbd_dataset_freiburg3_long_office_household,100,100,4,anchor_recent_dino_diverse_k4,stream_release,10.260213064997515,10.260213927002042,9.746386294954023,9.746385476118357,8026.3154296875,8782.0,1150.0625,1599.328125,449.265625,5421.5390625,streaming,sink,2.2407989501953125,0.0,0.0,376.5,1.0,0.015625,ok,,0.007449776020577426,0.006102933221684646,0.15924658503410058,2.741452364857552,0.0066699981689453125,,,,,,NVIDIA RTX 6000 Ada Generation,2.3.1+cu121,12.1,3.11.9,k4,F3-LongOffice
K6,ok,,tum_rgbd_raw,rgbd_dataset_freiburg3_long_office_household,100,100,6,anchor_recent_dino_diverse_k6,stream_release,10.145222499995725,10.14522335100628,9.856856269050988,9.856855442229495,8405.8232421875,9466.0,1150.1640625,1599.53515625,449.37109375,5421.5859375,streaming,sink,2.2407989501953125,0.0,0.0,564.75,1.5,0.0234375,ok,,0.009474322303719827,0.006038769504001275,0.1585858587944156,2.743804327514279,0.0066699981689453125,,,,,,NVIDIA RTX 6000 Ada Generation,2.3.1+cu121,12.1,3.11.9,k6,F3-LongOffice
K8,ok,,tum_rgbd_raw,rgbd_dataset_freiburg3_long_office_household,100,100,8,anchor_recent_dino_diverse_k8,stream_release,10.000495033003972,10.000495904998388,9.999504991500583,9.999504119592569,8782.8779296875,9754.0,1150.0234375,1652.58984375,502.56640625,5421.30859375,streaming,sink,2.2407989501953125,0.0,0.0,753.0,2.0,0.03125,ok,,0.010713572921592935,0.005281873018485135,0.15296554411489274,2.692737327079798,0.0066699981689453125,1.0,0.963855421686747,1.0,67,"{""anchor"": [0], ""long"": [1], ""middle"": [68], ""near"": [91], ""recent"": [96, 97, 98, 99]}",NVIDIA RTX 6000 Ada Generation,2.3.1+cu121,12.1,3.11.9,k8,F3-LongOffice
Full cache,failed,OutOfMemoryError: CUDA out of memory. Tried to allocate 770.00 MiB. GPU ,tum_rgbd_raw,rgbd_dataset_freiburg3_long_office_household,250,195,,full_cache,stream_release,,,,,28457.9755859375,44872.0,,,,,,,,,,,,,,,,,,,0.0066699981689453125,,,,,,NVIDIA RTX 6000 Ada Generation,2.3.1+cu121,12.1,3.11.9,full_cache,F3-LongOffice
K4,ok,,tum_rgbd_raw,rgbd_dataset_freiburg3_long_office_household,250,250,4,anchor_recent_dino_diverse_k4,stream_release,24.134916599999997,24.134917329996824,10.35843645716182,10.358436143855352,8026.3154296875,8782.0,1150.234375,1599.71875,449.484375,5421.625,streaming,sink,2.2407989501953125,0.0,0.0,376.5,1.0,0.015625,ok,,0.023352040343741838,0.008148239714702011,0.20053196011494168,2.781471947098415,0.0066699981689453125,,,,,,NVIDIA RTX 6000 Ada Generation,2.3.1+cu121,12.1,3.11.9,k4,F3-LongOffice
K6,ok,,tum_rgbd_raw,rgbd_dataset_freiburg3_long_office_household,250,250,6,anchor_recent_dino_diverse_k6,stream_release,22.8219807189962,22.821981662003964,10.954351555993952,10.954351103358475,8406.01953125,9466.0,1150.1171875,1599.61328125,449.49609375,5421.6015625,streaming,sink,2.2407989501953125,0.0,0.0,564.75,1.5,0.0234375,ok,,0.024302726369462072,0.008073715318466894,0.19458189989290442,2.7917483570392094,0.0066699981689453125,,,,,,NVIDIA RTX 6000 Ada Generation,2.3.1+cu121,12.1,3.11.9,k6,F3-LongOffice
K8,ok,,tum_rgbd_raw,rgbd_dataset_freiburg3_long_office_household,250,250,8,anchor_recent_dino_diverse_k8,stream_release,25.09007210800337,25.09007322999969,9.964100498549529,9.964100052967565,8782.8779296875,9802.0,1150.1796875,1663.15625,512.9765625,5421.65625,streaming,sink,2.2407989501953125,0.0,0.0,753.0,2.0,0.03125,ok,,0.026347565613241454,0.007505950772994095,0.19061404953000066,2.734916978124447,0.0066699981689453125,1.0,0.9356223175965666,1.0,138,"{""anchor"": [0], ""long"": [138], ""middle"": [208], ""near"": [243], ""recent"": [246, 247, 248, 249]}",NVIDIA RTX 6000 Ada Generation,2.3.1+cu121,12.1,3.11.9,k8,F3-LongOffice
K4,ok,,tum_rgbd_raw,rgbd_dataset_freiburg3_long_office_household,500,500,4,anchor_recent_dino_diverse_k4,stream_release,49.35158843399404,49.35158938600216,10.131386159307352,10.131385963869636,8026.3154296875,8782.0,1150.4140625,1600.18359375,449.76953125,5421.69921875,streaming,sink,2.2407989501953125,0.0,0.0,376.5,1.0,0.015625,ok,,0.06136378420465321,0.01382920535500872,0.2287192063776722,2.987585980719772,0.008565902709960938,,,,,,NVIDIA RTX 6000 Ada Generation,2.3.1+cu121,12.1,3.11.9,k4,F3-LongOffice
K6,ok,,tum_rgbd_raw,rgbd_dataset_freiburg3_long_office_household,500,500,6,anchor_recent_dino_diverse_k6,stream_release,46.63699791600084,46.63699929900031,10.721101750600749,10.721101432671244,8406.0654296875,9466.0,1150.296875,1599.484375,449.1875,5421.67578125,streaming,sink,2.2407989501953125,0.0,0.0,564.75,1.5,0.0234375,ok,,0.09572852420703545,0.011823161929480958,0.2094278625876677,3.1513651015729276,0.008565902709960938,,,,,,NVIDIA RTX 6000 Ada Generation,2.3.1+cu121,12.1,3.11.9,k6,F3-LongOffice
K8,ok,,tum_rgbd_raw,rgbd_dataset_freiburg3_long_office_household,500,500,8,anchor_recent_dino_diverse_k8,stream_release,50.916828982997686,50.916829995003354,9.819935961977555,9.819935766799833,8782.8779296875,9802.0,1150.3984375,1671.35546875,520.95703125,5421.671875,streaming,sink,2.2407989501953125,0.0,0.0,753.0,2.0,0.03125,ok,,0.14356738568612676,0.010472561284576881,0.20364744537584858,3.256691953504867,0.008565902709960938,1.0,0.9254658385093167,1.0,315,"{""anchor"": [0], ""long"": [138], ""middle"": [453], ""near"": [488], ""recent"": [496, 497, 498, 499]}",NVIDIA RTX 6000 Ada Generation,2.3.1+cu121,12.1,3.11.9,k8,F3-LongOffice
K4,ok,,tum_rgbd_raw,rgbd_dataset_freiburg3_long_office_household,1000,1000,4,anchor_recent_dino_diverse_k4,stream_release,101.70374330699997,101.70374443799665,9.832479783771863,9.832479674429752,8026.3154296875,8782.0,1150.38671875,1600.86328125,450.4765625,5421.53515625,streaming,sink,2.2407989501953125,0.0,0.0,376.5,1.0,0.015625,ok,,1.1968458322698872,0.4801776916903606,16.826056172589904,1.750199694296145,0.008565902709960938,,,,,,NVIDIA RTX 6000 Ada Generation,2.3.1+cu121,12.1,3.11.9,k4,F3-LongOffice
K6,ok,,tum_rgbd_raw,rgbd_dataset_freiburg3_long_office_household,1000,1000,6,anchor_recent_dino_diverse_k6,stream_release,91.0039914730005,91.00399233600183,10.988529006408305,10.98852890220282,8406.0654296875,9466.0,1150.44140625,1601.12109375,450.6796875,5421.86328125,streaming,sink,2.2407989501953125,0.0,0.0,564.75,1.5,0.0234375,ok,,1.247436645223177,0.4176026045564347,14.354666492217603,1.788226502348339,0.008565902709960938,,,,,,NVIDIA RTX 6000 Ada Generation,2.3.1+cu121,12.1,3.11.9,k6,F3-LongOffice
K8,ok,,tum_rgbd_raw,rgbd_dataset_freiburg3_long_office_household,1000,1000,8,anchor_recent_dino_diverse_k8,stream_release,99.85422850399482,99.85422922599537,10.014598429950249,10.01459835753924,8782.8779296875,9802.0,1150.43359375,1656.67578125,506.2421875,5421.890625,streaming,sink,2.2407989501953125,0.0,0.0,753.0,2.0,0.03125,ok,,1.2857917915062453,0.24196079507383664,8.26586685121574,1.9169627695949474,0.008565902709960938,1.0,0.9175991861648016,1.0,663,"{""anchor"": [0], ""long"": [663], ""middle"": [978], ""near"": [989], ""recent"": [996, 997, 998, 999]}",NVIDIA RTX 6000 Ada Generation,2.3.1+cu121,12.1,3.11.9,k8,F3-LongOffice
