dataset,sequence,method,method_id,cache_policy,cache_window_size,status,num_frames,ate,rpe_trans,rpe_rot_deg,align_scale,inference_sec,fps_inference,peak_allocated_mib,peak_reserved_mib
scannet,scene0707_00,Full cache,full_cache,full_cache,,ok,90,0.04589424695596126,0.0177674630286129,0.4244748942791279,2.218786698756,20.997077672043815,4.286310762179486,17480.63818359375,43860.0
scannet,scene0707_00,K4,k4,anchor_recent_dino_diverse_k4,4,ok,90,0.09077941741905832,0.029644338218146996,0.553816408675422,2.2374130410561595,7.464443075004965,12.057162081035782,8625.76220703125,9464.0
scannet,scene0707_00,K6,k6,anchor_recent_dino_diverse_k6,6,ok,90,0.10541360877818683,0.024867504034183623,0.48417654644808705,2.1597866091789917,7.080690914066508,12.710624018512926,9002.40478515625,10002.0
scannet,scene0707_00,K8,k8,anchor_recent_dino_diverse_k8,8,ok,90,0.0930137087153911,0.021860999015011286,0.455061992030992,2.160873345610289,7.813595765037462,11.518384455299307,9383.80859375,10632.0
scannet,scene0708_00,Full cache,full_cache,full_cache,,ok,90,0.03645171968792906,0.016623058067814084,0.31653714428740065,2.6853930866770557,20.525512625928968,4.384786954665726,17479.05224609375,43982.0
scannet,scene0708_00,K4,k4,anchor_recent_dino_diverse_k4,4,ok,90,0.4124778273525973,0.20589828348794997,10.17672128214178,1.4880660972972541,6.432984403916635,13.990396113070744,8626.92626953125,9464.0
scannet,scene0708_00,K6,k6,anchor_recent_dino_diverse_k6,6,ok,90,0.4503825383529023,0.18825749936151553,10.60558280148069,1.2368487648139008,7.504498152062297,11.992807270565757,9004.71142578125,9928.0
scannet,scene0708_00,K8,k8,anchor_recent_dino_diverse_k8,8,ok,90,0.058149658262890695,0.026050602768899676,0.3929444346176163,2.8128077868056383,7.347821142990142,12.248528951451199,9384.3486328125,10632.0
scannet,scene0709_00,Full cache,full_cache,full_cache,,ok,90,0.03502686728096993,0.015908893320225135,0.35818986254787666,2.3105519482055152,20.654673150042072,4.357367427032689,17479.05224609375,43982.0
scannet,scene0709_00,K4,k4,anchor_recent_dino_diverse_k4,4,ok,90,0.10846603774563257,0.03544562683130744,0.521314215469296,2.268018492727691,6.506426550913602,13.83247767353381,8626.92626953125,9464.0
scannet,scene0709_00,K6,k6,anchor_recent_dino_diverse_k6,6,ok,90,0.10189768610601503,0.028479736490736384,0.4582603328241287,2.2607433784010222,6.662518408964388,13.508405452044292,9004.71142578125,9928.0
scannet,scene0709_00,K8,k8,anchor_recent_dino_diverse_k8,8,ok,90,0.07325526174504564,0.01939209601847503,0.38399956349162273,2.347010204791802,8.060298918979242,11.165838997370289,9384.3486328125,10632.0
scannet,scene0710_00,Full cache,full_cache,full_cache,,ok,90,0.01674924695417668,0.0068235727040659045,0.3934679823715659,1.3160147454269147,20.444409546093084,4.402181427499282,17479.05224609375,43982.0
scannet,scene0710_00,K4,k4,anchor_recent_dino_diverse_k4,4,ok,90,0.01618426717630536,0.01006333278179332,0.5838882537274902,1.4738292789043785,7.192146687069908,12.513649111440209,8626.92626953125,9464.0
scannet,scene0710_00,K6,k6,anchor_recent_dino_diverse_k6,6,ok,90,0.021609843092429467,0.00890657038510695,0.4624727371917641,1.4818443145280484,7.431743939989246,12.110212720828784,9004.71142578125,9928.0
scannet,scene0710_00,K8,k8,anchor_recent_dino_diverse_k8,8,ok,90,0.026886620921863096,0.008312431410277888,0.42214571596896244,1.4685456542058701,7.947055196855217,11.324949653755331,9384.3486328125,10632.0
scannet,scene0711_00,Full cache,full_cache,full_cache,,ok,87,0.0626618760620052,0.019234798168011498,0.5505294647331032,1.6458580871762607,19.94432321493514,4.362143506321177,17129.07763671875,41984.0
scannet,scene0711_00,K4,k4,anchor_recent_dino_diverse_k4,4,ok,87,0.1386758590078849,0.04673644553317097,0.9830703110586484,1.466369144914463,6.277106698951684,13.859888667262824,8608.76953125,9418.0
scannet,scene0711_00,K6,k6,anchor_recent_dino_diverse_k6,6,ok,87,0.13550926660066295,0.031804633657248796,0.7637037472071285,1.3588893269015092,6.509771056007594,13.364525303806401,8983.337890625,10052.0
scannet,scene0711_00,K8,k8,anchor_recent_dino_diverse_k8,8,ok,87,0.1105572104482581,0.030747297445713813,0.7925959354568416,1.3537315962642653,7.081686323042959,12.285209487027464,9365.49169921875,10404.0
scannet,scene0712_00,Full cache,full_cache,full_cache,,ok,90,0.011073168196567697,0.006766052542689839,0.2585789339925723,2.0446330546877447,20.42263703700155,4.406874579269014,17479.05224609375,43982.0
scannet,scene0712_00,K4,k4,anchor_recent_dino_diverse_k4,4,ok,90,0.014202299380884931,0.007258718307793972,0.2682808132055764,2.076713997585862,7.283576598041691,12.356566693373964,8626.92626953125,9464.0
scannet,scene0712_00,K6,k6,anchor_recent_dino_diverse_k6,6,ok,90,0.013941279473495414,0.007024619125260978,0.26470186200120144,2.076669561691213,6.741708375979215,13.34973199384759,9004.71142578125,9928.0
scannet,scene0712_00,K8,k8,anchor_recent_dino_diverse_k8,8,ok,90,0.013637490589192346,0.0071670560654262935,0.27039389979927864,2.0696767422909836,7.930002016015351,11.349303545981064,9384.3486328125,10632.0
sintel,alley_2,Full cache,full_cache,full_cache,,ok,50,0.029216151193076256,0.011150606170567866,0.12011572063047056,6.256878487715463,5.813969495007768,8.599976323049695,10055.4169921875,12716.0
sintel,alley_2,K4,k4,anchor_recent_dino_diverse_k4,4,ok,50,0.025700584425600553,0.014689547178253489,0.1700274750554374,6.718031972808288,3.609339384944178,13.852950545068595,7569.60498046875,7878.0
sintel,alley_2,K6,k6,anchor_recent_dino_diverse_k6,6,ok,50,0.031897494822096674,0.013666505526463752,0.1659178922868205,6.7451646310579525,3.456003459985368,14.467578108330855,7784.80517578125,8160.0
sintel,alley_2,K8,k8,anchor_recent_dino_diverse_k8,8,ok,50,0.039658257830037895,0.013433135764615873,0.13424053807535302,6.839144882122276,4.338151674019173,11.525645887267109,7998.68310546875,8420.0
sintel,ambush_4,Full cache,full_cache,full_cache,,ok,33,0.10052301014063547,0.08344373790243734,1.215594791862454,2.547070762048388,2.629154867026955,12.551561877873082,8933.8330078125,10802.0
sintel,ambush_4,K4,k4,anchor_recent_dino_diverse_k4,4,ok,33,0.12718364147868763,0.05493672988546558,1.4181671506058113,1.283053741563608,2.142761024995707,15.4006907980166,7497.7529296875,7858.0
sintel,ambush_4,K6,k6,anchor_recent_dino_diverse_k6,6,ok,33,0.1285378274737663,0.05718026114396406,1.247331895335164,1.3104172091572677,2.082929820055142,15.843068586500134,7709.0419921875,8116.0
sintel,ambush_4,K8,k8,anchor_recent_dino_diverse_k8,8,ok,33,0.12289415672598906,0.07989135652899561,1.234785193135397,2.052571961115782,2.1971407479140908,15.019520270301006,7923.7158203125,8346.0
sintel,ambush_5,Full cache,full_cache,full_cache,,ok,50,0.09772607160506601,0.05487582449049828,0.5202019116447408,2.6801501232603453,4.775707966997288,10.469651901985403,10055.974609375,12724.0
sintel,ambush_5,K4,k4,anchor_recent_dino_diverse_k4,4,ok,50,0.18696621990312925,0.07036686661655428,1.0028280938981808,2.456601196166143,3.2257148349890485,15.500440230380672,7572.52587890625,8004.0
sintel,ambush_5,K6,k6,anchor_recent_dino_diverse_k6,6,ok,50,0.18320186908784605,0.05361266508156046,0.8459867734089415,2.1422049696101424,3.146684088045731,15.889742535626711,7784.64892578125,8172.0
sintel,ambush_5,K8,k8,anchor_recent_dino_diverse_k8,8,ok,50,0.15042998002599653,0.05951494435898649,0.8804207839532614,2.2505720716182225,4.064976664027199,12.300193613034097,7998.97900390625,8476.0
sintel,ambush_6,Full cache,full_cache,full_cache,,ok,20,0.2505991676467258,0.10178004116218035,1.970818144502591,3.5971935756129545,1.5117779319407418,13.229456243169949,8077.80224609375,8768.0
sintel,ambush_6,K4,k4,anchor_recent_dino_diverse_k4,4,ok,20,0.2539300568418404,0.12275392539526188,2.7049688136002223,2.0693687391817392,1.2546244750265032,15.941024902752286,7445.90966796875,7820.0
sintel,ambush_6,K6,k6,anchor_recent_dino_diverse_k6,6,ok,20,0.2681495853484107,0.09699117532561922,2.318755541593111,1.894125018417557,1.5433945870026946,12.958448972430588,7656.02490234375,8032.0
sintel,ambush_6,K8,k8,anchor_recent_dino_diverse_k8,8,ok,20,0.27165871832812083,0.11041607106359082,2.19090802144955,2.768682472385329,1.3494571920018643,14.820773951584801,7871.35009765625,8334.0
sintel,cave_2,Full cache,full_cache,full_cache,,ok,50,1.1660725145665758,0.23873612717346385,2.8947072398921283,8.106768607635129,4.613089430960827,10.838723321603991,10055.974609375,12724.0
sintel,cave_2,K4,k4,anchor_recent_dino_diverse_k4,4,ok,50,1.1251719085039689,0.374608596108025,7.827967603295986,18.854649327722157,3.6082687120651826,13.857061097698192,7572.52587890625,8004.0
sintel,cave_2,K6,k6,anchor_recent_dino_diverse_k6,6,ok,50,1.106173697999345,0.3798327461969167,5.15076369126494,28.26052153897895,3.1800434150500223,15.72305578073798,7784.64892578125,8172.0
sintel,cave_2,K8,k8,anchor_recent_dino_diverse_k8,8,ok,50,1.1165675834324553,0.3027790377863272,5.306606248653589,23.280215746511594,3.269875734113157,15.291100967040514,7998.97900390625,8476.0
sintel,cave_4,Full cache,full_cache,full_cache,,ok,50,0.07214460015921856,0.04632440113294015,0.38179939084739817,3.0961501867706236,4.905238503939472,10.193184278367756,10055.974609375,12724.0
sintel,cave_4,K4,k4,anchor_recent_dino_diverse_k4,4,ok,50,0.1795306259114736,0.08608284854044675,1.1979293016924892,4.604296704071053,3.1765466280048713,15.740363940888868,7572.52587890625,8004.0
sintel,cave_4,K6,k6,anchor_recent_dino_diverse_k6,6,ok,50,0.17415838472806433,0.07109092574626032,1.0038654826451252,4.134247102419948,3.1655769349308684,15.794909120125974,7784.64892578125,8172.0
sintel,cave_4,K8,k8,anchor_recent_dino_diverse_k8,8,ok,50,0.14247895299436344,0.06382842098300645,0.7977634681832783,3.9795820390232866,3.2559875450097024,15.356324097932324,7998.97900390625,8476.0
sintel,market_2,Full cache,full_cache,full_cache,,ok,50,0.029896928195877293,0.0207412745805904,0.08349511955250903,9.174681159425552,4.582161579048261,10.911880591165286,10055.974609375,12724.0
sintel,market_2,K4,k4,anchor_recent_dino_diverse_k4,4,ok,50,0.03135296863764554,0.021760479373939136,0.0920663888354566,9.695422392922953,3.205730849993415,15.597067358322581,7572.52587890625,8004.0
sintel,market_2,K6,k6,anchor_recent_dino_diverse_k6,6,ok,50,0.040076019994334834,0.02907832085668958,0.09778797602598455,11.73412313926756,3.1445119279669598,15.90071882230919,7784.64892578125,8172.0
sintel,market_2,K8,k8,anchor_recent_dino_diverse_k8,8,ok,50,0.053325739075303025,0.0271937932376801,0.08917572564153892,10.925778811548835,3.4016442701686174,14.698773895461306,7998.97900390625,8476.0
sintel,market_5,Full cache,full_cache,full_cache,,ok,50,0.5774968805829714,0.22422726523405992,0.677716017933825,3.8902580678420082,5.281968041090295,9.466168596824582,10055.974609375,12724.0
sintel,market_5,K4,k4,anchor_recent_dino_diverse_k4,4,ok,50,2.1907174624859693,0.30422649482066566,1.8342816267328415,1.846138160010814,3.84909511404112,12.990066111280266,7572.52587890625,8004.0
sintel,market_5,K6,k6,anchor_recent_dino_diverse_k6,6,ok,50,2.245484385159702,0.16546699668431575,1.2503415648561398,0.8278929051628536,3.636417298926972,13.749797091426752,7784.64892578125,8172.0
sintel,market_5,K8,k8,anchor_recent_dino_diverse_k8,8,ok,50,2.20858448077503,0.18139682414997785,1.1784517967150712,1.601373872546417,3.2991517239715904,15.155410900535642,7998.97900390625,8476.0
sintel,market_6,Full cache,full_cache,full_cache,,ok,40,0.08291123488589958,0.05603879548987013,0.3046419450586505,6.226972385624295,3.283998508937657,12.18027349620802,9397.52978515625,11448.0
sintel,market_6,K4,k4,anchor_recent_dino_diverse_k4,4,ok,40,0.1475387908558277,0.09511074058364542,0.7032028857165266,5.830815681199377,2.5196875480469316,15.874984194371612,7528.361328125,7946.0
sintel,market_6,K6,k6,anchor_recent_dino_diverse_k6,6,ok,40,0.18723069197513345,0.09664441777689074,0.6164455050523197,5.972914042417268,2.6009853970026597,15.37878684213124,7742.57373046875,8138.0
sintel,market_6,K8,k8,anchor_recent_dino_diverse_k8,8,ok,40,0.17154447224540578,0.07291702521073257,0.5185202498969502,6.144337059401212,2.6704078449402004,14.97898535453701,7954.01904296875,8388.0
sintel,shaman_3,Full cache,full_cache,full_cache,,ok,50,0.007752944016052464,0.003114067270297548,0.14367795775076472,0.6755505380956622,5.2430052569834515,9.536515328380075,10055.974609375,12724.0
sintel,shaman_3,K4,k4,anchor_recent_dino_diverse_k4,4,ok,50,0.00539908403349992,0.0032979645424385776,0.20593900132649534,0.5198200396483698,3.181166731985286,15.717503737629075,7572.52587890625,8004.0
sintel,shaman_3,K6,k6,anchor_recent_dino_diverse_k6,6,ok,50,0.006180832927327744,0.0030077424751658644,0.17244179500436513,0.50510960763404,3.1801283209351823,15.72263599265594,7784.64892578125,8172.0
sintel,shaman_3,K8,k8,anchor_recent_dino_diverse_k8,8,ok,50,0.008648219390055823,0.0031066684768844216,0.1684653018986729,0.4934414373760773,3.3408458759076893,14.96626957878303,7998.97900390625,8476.0
sintel,sleeping_1,Full cache,full_cache,full_cache,,ok,50,0.03465660470409793,0.014174818195200112,0.2445193810851087,1.4916585001952574,4.588017386035062,10.897953471621367,10055.974609375,12724.0
sintel,sleeping_1,K4,k4,anchor_recent_dino_diverse_k4,4,ok,50,0.01756353731609749,0.013396467710693995,0.282550068987141,1.4411222156971029,3.23839626298286,15.439741137159482,7572.52587890625,8004.0
sintel,sleeping_1,K6,k6,anchor_recent_dino_diverse_k6,6,ok,50,0.024017451618752628,0.01241662185943777,0.2621345905689826,1.381097769952157,3.3690641309367493,14.840916663138074,7784.64892578125,8172.0
sintel,sleeping_1,K8,k8,anchor_recent_dino_diverse_k8,8,ok,50,0.028175725954287054,0.01226611334694421,0.25490588587332724,1.3982005264918649,3.252756107132882,15.371579778255228,7998.97900390625,8476.0
sintel,sleeping_2,Full cache,full_cache,full_cache,,ok,50,0.010097926590935433,0.005921272932634566,0.10298036555176132,2.655318606699503,5.288205883931369,9.455002527781483,10055.974609375,12724.0
sintel,sleeping_2,K4,k4,anchor_recent_dino_diverse_k4,4,ok,50,0.01808852825073191,0.009226881774284407,0.13899755697584387,2.7702604591190183,3.622004334931262,13.804511363443439,7572.52587890625,8004.0
sintel,sleeping_2,K6,k6,anchor_recent_dino_diverse_k6,6,ok,50,0.01792134747499939,0.00878426495967064,0.12975283702363788,2.759680843495965,3.1928168279118836,15.660152991833304,7784.64892578125,8172.0
sintel,sleeping_2,K8,k8,anchor_recent_dino_diverse_k8,8,ok,50,0.01642720765875455,0.006982274710912738,0.12203849818789134,2.573188326427262,3.3331685580778867,15.000741525305017,7998.97900390625,8476.0
sintel,temple_2,Full cache,full_cache,full_cache,,ok,50,0.22748697765679335,0.08127982415582848,0.2238922469636293,18.137609357656412,4.545272279996425,11.00044110009606,10055.974609375,12724.0
sintel,temple_2,K4,k4,anchor_recent_dino_diverse_k4,4,ok,50,0.2725276695356398,0.17283282921331902,0.44978385217035255,19.130618593249313,3.166867648018524,15.788471624724979,7572.52587890625,8004.0
sintel,temple_2,K6,k6,anchor_recent_dino_diverse_k6,6,ok,50,0.3327468665621106,0.14648678824142697,0.2813926596975907,19.675645102457096,3.1394058549776673,15.926580477233545,7784.64892578125,8172.0
sintel,temple_2,K8,k8,anchor_recent_dino_diverse_k8,8,ok,50,0.48740341297920237,0.1381458722404599,0.2512765918005416,20.340446455418896,3.2659231529105455,15.309607011249083,7998.97900390625,8476.0
sintel,temple_3,Full cache,full_cache,full_cache,,ok,50,0.5698555756656661,0.36910359157634337,1.0763649551516918,12.862322908125753,5.086593466927297,9.829761376665301,10055.974609375,12724.0
sintel,temple_3,K4,k4,anchor_recent_dino_diverse_k4,4,ok,50,0.7815252714854218,0.15442552243670668,1.2278090647633997,11.174417942366908,3.1766851720167324,15.739677460154883,7572.52587890625,8004.0
sintel,temple_3,K6,k6,anchor_recent_dino_diverse_k6,6,ok,50,0.7685117322573073,0.12848035185891463,1.2147387393809355,8.476009012751478,3.1725791801000014,15.760047948881759,7784.64892578125,8172.0
sintel,temple_3,K8,k8,anchor_recent_dino_diverse_k8,8,ok,50,0.769549305206681,0.14831568807638046,1.0163548866975458,7.590756649232672,3.2359134210273623,15.45158769548464,7998.97900390625,8476.0
tum,rgbd_dataset_freiburg3_sitting_halfsphere,Full cache,full_cache,full_cache,,ok,90,0.023784530545811026,0.008856630712281623,0.33749081464083014,2.0468784107774405,21.31835694203619,4.221713720466667,17480.63818359375,43860.0
tum,rgbd_dataset_freiburg3_sitting_halfsphere,K4,k4,anchor_recent_dino_diverse_k4,4,ok,90,0.013024925727850451,0.011110736364092839,0.3549473935608232,2.2804796917082664,6.720215036068112,13.39242859297811,8625.76220703125,9464.0
tum,rgbd_dataset_freiburg3_sitting_halfsphere,K6,k6,anchor_recent_dino_diverse_k6,6,ok,90,0.014239297789468433,0.010371248506473649,0.3490399050682993,2.251830226640862,7.8096075870562345,11.524266616054744,9002.40478515625,10002.0
tum,rgbd_dataset_freiburg3_sitting_halfsphere,K8,k8,anchor_recent_dino_diverse_k8,8,ok,90,0.012280345108778037,0.009734523650086662,0.34380888839969875,2.214833756404611,8.196698935003951,10.980029974707936,9383.80859375,10632.0
tum,rgbd_dataset_freiburg3_sitting_rpy,Full cache,full_cache,full_cache,,ok,90,0.027500351696629743,0.010774073580940428,0.38530197703493096,2.175759962999687,20.556642640964128,4.378146839049147,17479.05224609375,43982.0
tum,rgbd_dataset_freiburg3_sitting_rpy,K4,k4,anchor_recent_dino_diverse_k4,4,ok,90,0.024359596588730936,0.010520280557194464,0.4161361298434704,1.955817340052875,7.168299951939844,12.555278183587271,8626.92626953125,9464.0
tum,rgbd_dataset_freiburg3_sitting_rpy,K6,k6,anchor_recent_dino_diverse_k6,6,ok,90,0.02420141883975874,0.01052861599849933,0.410058653572905,1.9569667174663512,6.712068311055191,13.408683557609871,9004.71142578125,9928.0
tum,rgbd_dataset_freiburg3_sitting_rpy,K8,k8,anchor_recent_dino_diverse_k8,8,ok,90,0.022590732365886157,0.01062607474710034,0.4147975986576426,2.149077047092466,7.2766625608783215,12.368307482590845,9384.3486328125,10632.0
tum,rgbd_dataset_freiburg3_sitting_static,Full cache,full_cache,full_cache,,ok,90,0.011741603134145762,0.008347852301582543,0.22314071377773684,2.9951837797388086,21.16377658699639,4.252549143582365,17479.05224609375,43982.0
tum,rgbd_dataset_freiburg3_sitting_static,K4,k4,anchor_recent_dino_diverse_k4,4,ok,90,0.00971552900623484,0.008805568649399093,0.23279273421284993,2.753493277567625,6.411928757908754,14.036338112613938,8626.92626953125,9464.0
tum,rgbd_dataset_freiburg3_sitting_static,K6,k6,anchor_recent_dino_diverse_k6,6,ok,90,0.01067070976903138,0.0082798978197629,0.23006467794476745,2.724910576733563,7.461930491030216,12.061221973078757,9004.71142578125,9928.0
tum,rgbd_dataset_freiburg3_sitting_static,K8,k8,anchor_recent_dino_diverse_k8,8,ok,90,0.012902056083763873,0.008002407463814023,0.2236584922834619,2.7200316623166785,8.188028395874426,10.991657044734591,9384.3486328125,10632.0
tum,rgbd_dataset_freiburg3_sitting_xyz,Full cache,full_cache,full_cache,,ok,90,0.013902894953666006,0.010815316826931558,0.27156821515098317,3.771857111993447,20.53354670095723,4.3830713373936705,17479.05224609375,43982.0
tum,rgbd_dataset_freiburg3_sitting_xyz,K4,k4,anchor_recent_dino_diverse_k4,4,ok,90,0.022286018824211294,0.014326247470122773,0.276311722254659,3.913387567861387,6.595511874067597,13.645642933926677,8626.92626953125,9464.0
tum,rgbd_dataset_freiburg3_sitting_xyz,K6,k6,anchor_recent_dino_diverse_k6,6,ok,90,0.02684103065177645,0.013187524054594882,0.27285999481097395,3.903250641550834,6.731407925020903,13.370159853998228,9004.71142578125,9928.0
tum,rgbd_dataset_freiburg3_sitting_xyz,K8,k8,anchor_recent_dino_diverse_k8,8,ok,90,0.026234143463789217,0.012891255088448954,0.27341194440871425,3.946364156734467,7.333194367121905,12.272959844554446,9384.3486328125,10632.0
tum,rgbd_dataset_freiburg3_walking_halfsphere,Full cache,full_cache,full_cache,,ok,90,0.0501147902957141,0.01822017368974637,0.3849026609134956,4.1797766822777636,21.209192027919926,4.243443120394374,17479.05224609375,43982.0
tum,rgbd_dataset_freiburg3_walking_halfsphere,K4,k4,anchor_recent_dino_diverse_k4,4,ok,90,0.040050103072826804,0.023684869531655963,0.41160785643644787,4.279280270091504,6.415738475974649,14.028003220054512,8626.92626953125,9464.0
tum,rgbd_dataset_freiburg3_walking_halfsphere,K6,k6,anchor_recent_dino_diverse_k6,6,ok,90,0.04965877021511685,0.020635689360085748,0.38625921916695727,4.1102898092942315,7.346374023007229,12.250941718749928,9004.71142578125,9928.0
tum,rgbd_dataset_freiburg3_walking_halfsphere,K8,k8,anchor_recent_dino_diverse_k8,8,ok,90,0.06710909201915212,0.023408467354604647,0.3849008758121944,3.9059357388161646,7.347588432952762,12.24891688222007,9384.3486328125,10632.0
tum,rgbd_dataset_freiburg3_walking_rpy,Full cache,full_cache,full_cache,,ok,90,0.05173763401827246,0.020576426309970423,0.4039842267548259,3.2742311016256416,20.592701917048544,4.370480394585311,17479.05224609375,43982.0
tum,rgbd_dataset_freiburg3_walking_rpy,K4,k4,anchor_recent_dino_diverse_k4,4,ok,90,0.04528068018957053,0.031670107707791696,0.5927089017740775,3.350887326518493,6.444535164046101,13.965320649052817,8626.92626953125,9464.0
tum,rgbd_dataset_freiburg3_walking_rpy,K6,k6,anchor_recent_dino_diverse_k6,6,ok,90,0.04058374469891887,0.02456829699724508,0.4478915537546561,3.4327092622757522,6.710616525961086,13.411584412821192,9004.71142578125,9928.0
tum,rgbd_dataset_freiburg3_walking_rpy,K8,k8,anchor_recent_dino_diverse_k8,8,ok,90,0.0452179420288298,0.02545564515034987,0.4733438795100046,3.485239411800181,8.008051736047491,11.238688630703205,9384.3486328125,10632.0
tum,rgbd_dataset_freiburg3_walking_static,Full cache,full_cache,full_cache,,ok,90,0.014069367374212955,0.005798762777342532,0.232857802601019,2.399349341874254,20.399360531941056,4.411903003482838,17479.05224609375,43982.0
tum,rgbd_dataset_freiburg3_walking_static,K4,k4,anchor_recent_dino_diverse_k4,4,ok,90,0.01072326286697425,0.006885172314014289,0.22997079723874908,2.5812141130772206,7.183854291914031,12.528093742282854,8626.92626953125,9464.0
tum,rgbd_dataset_freiburg3_walking_static,K6,k6,anchor_recent_dino_diverse_k6,6,ok,90,0.011525757707555465,0.006649446032615585,0.23332857349732958,2.3765313471968974,6.718634032062255,13.395580049532018,9004.71142578125,9928.0
tum,rgbd_dataset_freiburg3_walking_static,K8,k8,anchor_recent_dino_diverse_k8,8,ok,90,0.01271650955099865,0.006189470299551149,0.23251761836808377,2.148996921382837,7.3371385789942,12.266362292469813,9384.3486328125,10632.0
tum,rgbd_dataset_freiburg3_walking_xyz,Full cache,full_cache,full_cache,,ok,90,0.022723108646002646,0.014528641141861056,0.3054581990415906,2.770863822959865,20.861127023934387,4.314244378874699,17479.05224609375,43982.0
tum,rgbd_dataset_freiburg3_walking_xyz,K4,k4,anchor_recent_dino_diverse_k4,4,ok,90,0.034590995287587044,0.017506162191519382,0.3281486374528737,3.3316345343702607,6.432780066039413,13.99084051934826,8626.92626953125,9464.0
tum,rgbd_dataset_freiburg3_walking_xyz,K6,k6,anchor_recent_dino_diverse_k6,6,ok,90,0.045562450448360416,0.017677248734409592,0.3247196040459182,3.069372946565008,7.476237224997021,12.038141285710187,9004.71142578125,9928.0
tum,rgbd_dataset_freiburg3_walking_xyz,K8,k8,anchor_recent_dino_diverse_k8,8,ok,90,0.05464650398461781,0.017182047065155,0.31626174308709276,3.1824981283203,7.884159452980384,11.41529424116074,9384.3486328125,10632.0
