dataset,method,metric,n_sequences,mean,median,std,ci95_low,ci95_high,aggregation
bonn,Full cache,abs_rel,5,0.07491206520972343,0.056061668675243446,0.046379078407087104,0.05185914813317797,0.11663326651789072,unweighted_sequence_mean
bonn,Full cache,sq_rel,5,0.0618605522220723,0.02813008623162032,0.08727430606957728,0.018410693303589305,0.14018196426363624,unweighted_sequence_mean
bonn,Full cache,rmse,5,0.3029155225954817,0.24249945158526232,0.17571505560753148,0.21022946807666748,0.46139635589890016,unweighted_sequence_mean
bonn,Full cache,log_rmse,5,0.14038668029403772,0.10768011685137317,0.09689740225885242,0.08810975820330624,0.22771572187891934,unweighted_sequence_mean
bonn,Full cache,delta_1,5,0.9594744920730591,0.9791742563247681,0.0554624108136698,0.909912645816803,0.9875694036483764,unweighted_sequence_mean
bonn,Full cache,delta_2,5,0.9745381236076355,0.9883612990379333,0.038397386732924865,0.9399591445922851,0.9943969011306762,unweighted_sequence_mean
bonn,Full cache,delta_3,5,0.9820761919021607,0.9926729202270508,0.028051171973513808,0.956597900390625,0.9967517495155335,unweighted_sequence_mean
bonn,Full cache,inference_sec,5,35.68242528860064,35.6706581239996,0.45765556732065416,35.369020026801444,36.05762168540023,unweighted_sequence_mean
bonn,Full cache,fps_inference,5,3.083152264104439,3.0837670451050867,0.03919705170217331,3.0511602986067294,3.1101232224376156,unweighted_sequence_mean
bonn,Full cache,peak_allocated_mb,5,21379.6310546875,21624.91845703125,559.481590359266,20877.94150390625,21635.85458984375,unweighted_sequence_mean
bonn,Full cache,peak_reserved_mb,5,43757.6,43496.0,584.955382913945,43496.0,44280.8,unweighted_sequence_mean
bonn,K4,abs_rel,5,0.07582782782162342,0.05848929585623949,0.048624975235255295,0.04977703258203039,0.11941462125557815,unweighted_sequence_mean
bonn,K4,sq_rel,5,0.06332506679665659,0.02934448346015807,0.08830259007436843,0.01818834705950551,0.14208156852014295,unweighted_sequence_mean
bonn,K4,rmse,5,0.3082251223746354,0.2476497636132152,0.17369177369088565,0.21349496806667986,0.4660625538011782,unweighted_sequence_mean
bonn,K4,log_rmse,5,0.14348310044461163,0.10888307844841243,0.09921901309074493,0.08682342952510276,0.2340879547964628,unweighted_sequence_mean
bonn,K4,delta_1,5,0.9562145352363587,0.9783028364181519,0.05708883676143734,0.9048232316970826,0.9860988140106202,unweighted_sequence_mean
bonn,K4,delta_2,5,0.9730888724327087,0.987518310546875,0.03924805931203997,0.9376118421554566,0.9930292367935181,unweighted_sequence_mean
bonn,K4,delta_3,5,0.981446361541748,0.9916309118270874,0.028237966335757297,0.9558259010314941,0.9960207223892212,unweighted_sequence_mean
bonn,K4,inference_sec,5,14.414426559799903,14.327608995001356,0.2716594534868513,14.207216194999637,14.632209798399709,unweighted_sequence_mean
bonn,K4,fps_inference,5,7.633397607474812,7.677484780494569,0.1428758654489677,7.5195172858957235,7.742697169169928,unweighted_sequence_mean
bonn,K4,peak_allocated_mb,5,10299.01396484375,10542.19287109375,558.1626067221238,9798.65458984375,10555.72021484375,unweighted_sequence_mean
bonn,K4,peak_reserved_mb,5,11293.6,11558.0,591.2163732509445,10764.8,11558.0,unweighted_sequence_mean
bonn,K6,abs_rel,5,0.08414841212080929,0.07017971837382218,0.04696435325039478,0.058327270833832615,0.12588862049427735,unweighted_sequence_mean
bonn,K6,sq_rel,5,0.06592128661811598,0.030075753064258564,0.08737908642519583,0.021435664327339805,0.14490714038854488,unweighted_sequence_mean
bonn,K6,rmse,5,0.322613369613732,0.2580962552006412,0.16604845594250559,0.23266539882132267,0.4725060332908518,unweighted_sequence_mean
bonn,K6,log_rmse,5,0.14787551755711514,0.1126286870277401,0.09441994038644476,0.09393375216124988,0.23186964653668554,unweighted_sequence_mean
bonn,K6,delta_1,5,0.9552068829536438,0.9762884378433228,0.05809404824422844,0.9031551480293274,0.9856771230697632,unweighted_sequence_mean
bonn,K6,delta_2,5,0.9727052330970765,0.9865559935569763,0.04003337334712436,0.9366587281227112,0.9933104634284973,unweighted_sequence_mean
bonn,K6,delta_3,5,0.9813453912734985,0.9917796850204468,0.028302775257530947,0.955849027633667,0.9961951851844788,unweighted_sequence_mean
bonn,K6,inference_sec,5,14.814939980999771,14.706889844997932,0.3068373869227321,14.598559405000561,15.072647496799618,unweighted_sequence_mean
bonn,K6,fps_inference,5,7.4274496086059,7.479487584345572,0.15164225232979597,7.297619586609376,7.535113370457596,unweighted_sequence_mean
bonn,K6,peak_allocated_mb,5,10674.93193359375,10922.0380859375,556.3242233091979,10176.79443359375,10930.94375,unweighted_sequence_mean
bonn,K6,peak_reserved_mb,5,11900.0,12206.0,594.6057517380739,11364.8,12244.4,unweighted_sequence_mean
bonn,K8,abs_rel,5,0.08468615894210409,0.07529946933561533,0.04600257262590282,0.05729647282690884,0.124434600462586,unweighted_sequence_mean
bonn,K8,sq_rel,5,0.06675785720112129,0.02805234974145476,0.08801472913962323,0.022163072349485013,0.1451954585953487,unweighted_sequence_mean
bonn,K8,rmse,5,0.324694847072598,0.2589167028875079,0.16592449895638942,0.2323108299955917,0.47073953357331677,unweighted_sequence_mean
bonn,K8,log_rmse,5,0.14821912887516692,0.10935740625103318,0.09500354489757562,0.09408286125639258,0.23243182117189498,unweighted_sequence_mean
bonn,K8,delta_1,5,0.9559604048728942,0.9783647060394287,0.05656537979579439,0.9049134016036987,0.9854698181152344,unweighted_sequence_mean
bonn,K8,delta_2,5,0.9736900568008423,0.9877394437789917,0.03920966555327491,0.9384658935666085,0.9941192030906677,unweighted_sequence_mean
bonn,K8,delta_3,5,0.9817172050476074,0.9917545318603516,0.028123458968960006,0.9562360048294067,0.9961458444595337,unweighted_sequence_mean
bonn,K8,inference_sec,5,15.551779910801269,15.497096547002002,0.23137511435345573,15.381454145599127,15.746272758402483,unweighted_sequence_mean
bonn,K8,fps_inference,5,7.074393710193161,7.09810380714703,0.10489293046997737,6.994928764400399,7.152207906645549,unweighted_sequence_mean
bonn,K8,peak_allocated_mb,5,11069.2455078125,11312.841796875,557.6481467305613,10569.46123046875,11324.3099609375,unweighted_sequence_mean
bonn,K8,peak_reserved_mb,5,12336.8,12646.0,691.392218642935,11718.4,12646.0,unweighted_sequence_mean
kitti,Full cache,abs_rel,13,0.16083081370996868,0.16294789581838676,0.06746704574279501,0.12644112489618467,0.19763701503641823,unweighted_sequence_mean
kitti,Full cache,sq_rel,13,0.8670897642089282,0.7738277012282182,0.484804517816104,0.6284407991223193,1.1384432492788914,unweighted_sequence_mean
kitti,Full cache,rmse,13,4.9245426286597915,4.887360981984805,1.2039561714757556,4.279080273470802,5.532306664400887,unweighted_sequence_mean
kitti,Full cache,log_rmse,13,0.20890032779207288,0.2038704365802727,0.06523740296691191,0.17512884460906453,0.24303938859905602,unweighted_sequence_mean
kitti,Full cache,delta_1,13,0.7544207779260782,0.7866169214248657,0.1846176728331423,0.6541488956946594,0.8424193751353484,unweighted_sequence_mean
kitti,Full cache,delta_2,13,0.9505573419424204,0.9748930931091309,0.05963555900554634,0.9165438171762686,0.9776404322339938,unweighted_sequence_mean
kitti,Full cache,delta_3,13,0.9918708159373357,0.9947670698165894,0.007292250042391264,0.9877242307250317,0.995404677436902,unweighted_sequence_mean
kitti,Full cache,inference_sec,13,16.289244334461657,19.0853935740015,3.904326793580228,14.138043725790354,18.19913111952351,unweighted_sequence_mean
kitti,Full cache,fps_inference,13,6.101717751860807,5.7635699035226695,0.49345950339594713,5.860651712428893,6.367521393086035,unweighted_sequence_mean
kitti,Full cache,peak_allocated_mb,13,12013.224571814904,12569.53369140625,910.5579061180964,11515.252405724159,12453.255552321214,unweighted_sequence_mean
kitti,Full cache,peak_reserved_mb,13,24570.153846153848,25358.0,2798.8224263713073,23005.23076923077,25358.0,unweighted_sequence_mean
kitti,K4,abs_rel,13,0.13075917920512523,0.13641519224535184,0.033660945039619236,0.11213312531945234,0.14705393987729634,unweighted_sequence_mean
kitti,K4,sq_rel,13,0.5916139177729598,0.5416608191724819,0.22305855745598618,0.4779425726159015,0.7085260010003127,unweighted_sequence_mean
kitti,K4,rmse,13,4.245623709175397,4.141367089890762,1.0229088330497313,3.7252774428140296,4.78421491560863,unweighted_sequence_mean
kitti,K4,log_rmse,13,0.17368146858069522,0.17190686201341107,0.037160846500587985,0.152469171868184,0.19102894350282776,unweighted_sequence_mean
kitti,K4,delta_1,13,0.8365438672212454,0.8247299194335938,0.07338647182983056,0.799296927681336,0.8760914902274426,unweighted_sequence_mean
kitti,K4,delta_2,13,0.9815751084914575,0.9861207008361816,0.015694500607893687,0.9725628978930987,0.9886415342871959,unweighted_sequence_mean
kitti,K4,delta_3,13,0.9930674204459558,0.9964724183082581,0.008746337259659433,0.9880588193352406,0.9970035391358228,unweighted_sequence_mean
kitti,K4,inference_sec,13,10.776490513153895,12.01872154100056,1.8140642891153897,9.795168719865734,11.657761085263044,unweighted_sequence_mean
kitti,K4,fps_inference,13,9.049462945727527,9.124056051086754,0.21810667622568766,8.922659291523434,9.136270728056804,unweighted_sequence_mean
kitti,K4,peak_allocated_mb,13,8033.750863882212,8040.52685546875,186.89474424828137,7924.017796912561,8115.557476337139,unweighted_sequence_mean
kitti,K4,peak_reserved_mb,13,10392.461538461539,10446.0,150.73631247126852,10298.0,10446.0,unweighted_sequence_mean
kitti,K6,abs_rel,13,0.15539956690250623,0.16529681386387368,0.04825953076970308,0.1288664924282532,0.17907956010645837,unweighted_sequence_mean
kitti,K6,sq_rel,13,0.7836391854209993,0.7980393520355246,0.30498272717631025,0.6218148063267925,0.9393813789738115,unweighted_sequence_mean
kitti,K6,rmse,13,4.736537174786709,4.7302875481915105,1.0748393616137173,4.1588257331757985,5.289993392353562,unweighted_sequence_mean
kitti,K6,log_rmse,13,0.20091048633803504,0.21017183165828585,0.04738286078151306,0.17337743765876254,0.22304778209466483,unweighted_sequence_mean
kitti,K6,delta_1,13,0.760578256386977,0.7563214302062988,0.1253680027108934,0.6959312061850841,0.8263145602666414,unweighted_sequence_mean
kitti,K6,delta_2,13,0.9673313039999741,0.9665332436561584,0.02137043164785038,0.9559733904325045,0.9782757341861724,unweighted_sequence_mean
kitti,K6,delta_3,13,0.9920168152222266,0.9950783848762512,0.009790183368914336,0.9862191184208944,0.9963127948916876,unweighted_sequence_mean
kitti,K6,inference_sec,13,10.968049670923323,12.181615042998601,1.871127066428718,9.941001043994682,11.874494111960205,unweighted_sequence_mean
kitti,K6,fps_inference,13,8.895166457795808,8.98637343153412,0.24215034649983372,8.751779274053757,9.002257470434618,unweighted_sequence_mean
kitti,K6,peak_allocated_mb,13,8177.876915564904,8189.47265625,189.7520995385645,8066.813577035758,8262.595778245191,unweighted_sequence_mean
kitti,K6,peak_reserved_mb,13,10393.846153846154,10444.0,143.20721941406342,10304.615384615385,10444.0,unweighted_sequence_mean
kitti,K8,abs_rel,13,0.18132779306324623,0.20344539895002065,0.06420323642451557,0.1466832173220561,0.21356194546556714,unweighted_sequence_mean
kitti,K8,sq_rel,13,1.0513284216150054,0.9648696823199941,0.5013013941712552,0.7899187520346104,1.310457590047134,unweighted_sequence_mean
kitti,K8,rmse,13,5.290152223598487,5.505003255449747,1.1533152654717687,4.643727817762277,5.832675675613729,unweighted_sequence_mean
kitti,K8,log_rmse,13,0.22912769104259645,0.23923280976807737,0.06278867383897455,0.19477984426994016,0.2591676348384178,unweighted_sequence_mean
kitti,K8,delta_1,13,0.7038664130064157,0.6544749736785889,0.1630839746108055,0.6210455923126293,0.7918407239592993,unweighted_sequence_mean
kitti,K8,delta_2,13,0.936515578856835,0.9457180500030518,0.053860097554130834,0.9067787773334063,0.9631936595990108,unweighted_sequence_mean
kitti,K8,delta_3,13,0.9891407535626338,0.9912121295928955,0.009643624207196578,0.9838558678443616,0.9937543551509197,unweighted_sequence_mean
kitti,K8,inference_sec,13,11.277712728923339,12.455595511997672,1.8709940052847482,10.269515056948366,12.229271079929331,unweighted_sequence_mean
kitti,K8,fps_inference,13,8.644393689608352,8.71716585498793,0.25689704921188167,8.498069563159108,8.754106142882378,unweighted_sequence_mean
kitti,K8,peak_allocated_mb,13,8335.398888221154,8345.388671875,186.4490043085971,8225.170147235576,8416.01475454477,unweighted_sequence_mean
kitti,K8,peak_reserved_mb,13,10362.307692307691,10410.0,138.1058679753716,10276.76923076923,10410.0,unweighted_sequence_mean
sintel,Full cache,abs_rel,23,0.41759980469942093,0.24203194677829742,0.6424487338347074,0.22704362103958495,0.7075525750203622,unweighted_sequence_mean
sintel,Full cache,sq_rel,23,1.7379309307358672,0.6046729683876038,2.6221386750211444,0.7867961733366626,2.880559778034069,unweighted_sequence_mean
sintel,Full cache,rmse,23,4.330923000593549,3.547121286392212,4.693054146071775,2.582329805199381,6.303195402099062,unweighted_sequence_mean
sintel,Full cache,log_rmse,23,0.4115858291802199,0.318901926279068,0.3362624490208304,0.29044595440930643,0.5582283490134969,unweighted_sequence_mean
sintel,Full cache,delta_1,23,0.6309265014917954,0.7245372533798218,0.28790962124146385,0.5150628738753174,0.7434708839201408,unweighted_sequence_mean
sintel,Full cache,delta_2,23,0.7933795879716459,0.8586117029190063,0.2338592034294224,0.6908013261206772,0.8807009885492532,unweighted_sequence_mean
sintel,Full cache,delta_3,23,0.8727193092522414,0.9488372206687927,0.1961619669708885,0.7876848552376032,0.943523735391057,unweighted_sequence_mean
sintel,Full cache,inference_sec,23,6.732823272695501,7.336596420998831,1.5355489615580402,6.070420569672309,7.282425784263638,unweighted_sequence_mean
sintel,Full cache,fps_inference,23,6.974467135283273,6.815149305049659,0.47717680960415165,6.805139985286085,7.18795891742308,unweighted_sequence_mean
sintel,Full cache,peak_allocated_mb,23,10235.203231148098,10530.84130859375,631.9882713374567,9955.73931035581,10458.897217858355,unweighted_sequence_mean
sintel,Full cache,peak_reserved_mb,23,15932.869565217392,15984.0,159.57309648725143,15867.478260869566,15994.95652173913,unweighted_sequence_mean
sintel,K4,abs_rel,23,0.4045752761480601,0.25128114223480225,0.5654225477829932,0.2280940082207646,0.6739159510227973,unweighted_sequence_mean
sintel,K4,sq_rel,23,1.760591807157692,0.6036166548728943,2.4182477033112804,0.8802427563077325,2.8165902788538233,unweighted_sequence_mean
sintel,K4,rmse,23,4.501403603054907,3.5757253170013428,4.837231437236043,2.6972686026974215,6.543277872305201,unweighted_sequence_mean
sintel,K4,log_rmse,23,0.4110723947701247,0.31884413957595825,0.31838266906356144,0.29568087222135586,0.548584529303986,unweighted_sequence_mean
sintel,K4,delta_1,23,0.6168404276604238,0.7012050747871399,0.28855690370320275,0.4984787792372315,0.7295648294946421,unweighted_sequence_mean
sintel,K4,delta_2,23,0.7919211167356243,0.868709921836853,0.2360662825697362,0.6916373413542043,0.8805528313245462,unweighted_sequence_mean
sintel,K4,delta_3,23,0.872717819136122,0.9437811970710754,0.18837310757530124,0.788364300261373,0.9397408971320027,unweighted_sequence_mean
sintel,K4,inference_sec,23,5.418807619564809,5.801948029999039,1.0622004503615932,4.94703965316433,5.7920431704868545,unweighted_sequence_mean
sintel,K4,fps_inference,23,8.537251003043142,8.538644859231086,0.11011599607624457,8.491464397652406,8.579483709889,unweighted_sequence_mean
sintel,K4,peak_allocated_mb,23,7997.556598165761,8064.080078125,120.5804578001364,7945.599885360054,8041.623947010869,unweighted_sequence_mean
sintel,K4,peak_reserved_mb,23,9860.695652173914,9864.0,15.847095468337681,9854.08695652174,9864.0,unweighted_sequence_mean
sintel,K6,abs_rel,23,0.4176198305643123,0.26123514771461487,0.5883855862288724,0.23851660702215588,0.6797597671696997,unweighted_sequence_mean
sintel,K6,sq_rel,23,1.7845581647150381,0.6532829999923706,2.524950633199722,0.8819612503532603,2.8709608162851983,unweighted_sequence_mean
sintel,K6,rmse,23,4.455375901544872,3.6014370918273926,4.767313999709674,2.668892173651282,6.407252048405453,unweighted_sequence_mean
sintel,K6,log_rmse,23,0.41387832164764404,0.33816033601760864,0.3249080638171002,0.2949990566819906,0.5595379793935497,unweighted_sequence_mean
sintel,K6,delta_1,23,0.6090176989850791,0.671033501625061,0.29525051923556694,0.4887046524364015,0.7234601560089251,unweighted_sequence_mean
sintel,K6,delta_2,23,0.7876418006160985,0.8618924617767334,0.24029799096520565,0.6897680818224731,0.8788435561177523,unweighted_sequence_mean
sintel,K6,delta_3,23,0.8707338519718336,0.9371182322502136,0.1902347244691568,0.7853985917956933,0.9369519348377767,unweighted_sequence_mean
sintel,K6,inference_sec,23,5.425445621608283,5.841850124001212,1.0755084804513102,4.953672150020153,5.811799161175749,unweighted_sequence_mean
sintel,K6,fps_inference,23,8.53425663362949,8.555393454138107,0.12369473181558592,8.483556118547552,8.582942103154855,unweighted_sequence_mean
sintel,K6,peak_allocated_mb,23,8200.768278702446,8266.3203125,115.63802994539714,8151.517580778703,8242.268479853092,unweighted_sequence_mean
sintel,K6,peak_reserved_mb,23,9860.695652173914,9864.0,15.847095468337681,9854.08695652174,9864.0,unweighted_sequence_mean
sintel,K8,abs_rel,23,0.4273452820337337,0.27549853920936584,0.6314022135470687,0.23533267356131388,0.7247381370433646,unweighted_sequence_mean
sintel,K8,sq_rel,23,1.8089457184744433,0.6565247178077698,2.6314623683293785,0.8541200045946702,2.936318430642384,unweighted_sequence_mean
sintel,K8,rmse,23,4.399138946734045,3.652149200439453,4.729011028065781,2.584878207479968,6.362043267699039,unweighted_sequence_mean
sintel,K8,log_rmse,23,0.4177987157650616,0.34570181369781494,0.33407106799367015,0.2983102681439208,0.564493465885196,unweighted_sequence_mean
sintel,K8,delta_1,23,0.613102332405422,0.6478487253189087,0.29389954060372053,0.49543805106178573,0.7275055727233056,unweighted_sequence_mean
sintel,K8,delta_2,23,0.7864720432654672,0.8934970498085022,0.24042576310633182,0.6844895797255247,0.8766503618787165,unweighted_sequence_mean
sintel,K8,delta_3,23,0.8697626934103344,0.9405864477157593,0.19103669705083798,0.7844912261580644,0.9361559536631988,unweighted_sequence_mean
sintel,K8,inference_sec,23,5.609936771173955,6.0275177670009725,1.126261951214737,5.122248039205628,6.0036074686183305,unweighted_sequence_mean
sintel,K8,fps_inference,23,8.259212199533483,8.295288696407741,0.130482608773801,8.205613661834688,8.309619842330921,unweighted_sequence_mean
sintel,K8,peak_allocated_mb,23,8393.518873131794,8455.09716796875,105.16573553608428,8347.985632324218,8431.620647397249,unweighted_sequence_mean
sintel,K8,peak_reserved_mb,23,9862.695652173914,9866.0,15.847095468337681,9856.08695652174,9866.0,unweighted_sequence_mean
